sample	rank	taxid	name	reads	min	uniq	rpm	rpmm
DRR053751	G	5455	Colletotrichum	136	271	35	3.45408966247855	5998.58856739591
DRR053751	S	80884	Colletotrichum higginsianum	136	271	35	3.45408966247855	5998.58856739591
DRR053751	G	5506	Fusarium	22	387	98	0.558749798342118	970.359915314044
DRR053751	S	5127	Fusarium fujikuroi	13	133	20	0.330170335383979	573.394495412844
DRR053751	S	5518	Fusarium graminearum	1	19	11	0.0253977181064599	44.1072688779111
DRR053751	S	5507	Fusarium oxysporum	1	48	12	0.0253977181064599	44.1072688779111
DRR053751	G	243023	Pochonia	3	40	12	0.0761931543193798	132.321806633733
DRR053751	S	280754	Pochonia chlamydosporia	3	40	12	0.0761931543193798	132.321806633733
DRR053751	G	98402	Drechmeria	1	32	13	0.0253977181064599	44.1072688779111
DRR053751	S	98403	Drechmeria coniospora	1	32	13	0.0253977181064599	44.1072688779111
DRR053751	G	2609811	Thermothielavioides	4	75	25	0.10159087242584	176.429075511644
DRR053751	S	2587410	Thermothielavioides terrestris	4	75	25	0.10159087242584	176.429075511644
DRR053751	G	1920207	Thermothelomyces	2	165	24	0.0507954362129198	88.2145377558222
DRR053751	S	78579	Thermothelomyces thermophilus	2	165	24	0.0507954362129198	88.2145377558222
DRR053751	G	5140	Neurospora	3	84	22	0.0761931543193798	132.321806633733
DRR053751	S	5141	Neurospora crassa	3	84	22	0.0761931543193798	132.321806633733
DRR053751	G	48558	Pyricularia	3	187	48	0.0761931543193798	132.321806633733
DRR053751	S	318829	Pyricularia oryzae	2	17	11	0.0507954362129198	88.2145377558222
DRR053751	G	33196	Botrytis	1	53	21	0.0253977181064599	44.1072688779111
DRR053751	S	40559	Botrytis cinerea	1	53	21	0.0253977181064599	44.1072688779111
DRR053751	G	5052	Aspergillus	5	160	36	0.1269885905323	220.536344389555
DRR053751	G	5094	Talaromyces	2	232	27	0.0507954362129198	88.2145377558222
DRR053751	S	121627	Talaromyces rugulosus	2	232	27	0.0507954362129198	88.2145377558222
DRR053751	G	29002	Cercospora	7	308	18	0.177784026745219	308.750882145378
DRR053751	S	122368	Cercospora beticola	7	308	18	0.177784026745219	308.750882145378
DRR053751	G	13366	Brettanomyces	16	97	24	0.406363489703359	705.716302046577
DRR053751	S	5007	Brettanomyces bruxellensis	13	44	9	0.330170335383979	573.394495412844
DRR053751	S	13502	Brettanomyces nanus	3	53	15	0.0761931543193798	132.321806633733
DRR053751	G	461281	Ogataea	11	55	9	0.279374899171059	485.179957657022
DRR053751	S	1005962	Ogataea parapolymorpha	11	55	9	0.279374899171059	485.179957657022
DRR053751	G	4919	Pichia	1	27	9	0.0253977181064599	44.1072688779111
DRR053751	S	4909	Pichia kudriavzevii	1	27	9	0.0253977181064599	44.1072688779111
DRR053751	G	33170	Eremothecium	7	243	21	0.177784026745219	308.750882145378
DRR053751	S	45286	Eremothecium sinecaudum	5	23	5	0.1269885905323	220.536344389555
DRR053751	S	33169	Eremothecium gossypii	2	39	9	0.0507954362129198	88.2145377558222
DRR053751	G	71245	Kazachstania	6	22	6	0.15238630863876	264.643613267466
DRR053751	S	588726	Kazachstania naganishii	6	21	5	0.15238630863876	264.643613267466
DRR053751	G	4910	Kluyveromyces	1	84	15	0.0253977181064599	44.1072688779111
DRR053751	S	28985	Kluyveromyces lactis	1	20	6	0.0253977181064599	44.1072688779111
DRR053751	G	5475	Candida	5	116	32	0.1269885905323	220.536344389555
DRR053751	S	42374	Candida dubliniensis	3	15	10	0.0761931543193798	132.321806633733
DRR053751	S	5476	Candida albicans	2	93	17	0.0507954362129198	88.2145377558222
DRR053751	G	766733	Scheffersomyces	2	30	9	0.0507954362129198	88.2145377558222
DRR053751	S	4924	Scheffersomyces stipitis	2	30	9	0.0507954362129198	88.2145377558222
DRR053751	G	460517	Komagataella	3	17	8	0.0761931543193798	132.321806633733
DRR053751	S	460519	Komagataella phaffii	3	17	8	0.0761931543193798	132.321806633733
DRR053751	G	4951	Yarrowia	1	45	17	0.0253977181064599	44.1072688779111
DRR053751	S	4952	Yarrowia lipolytica	1	45	17	0.0253977181064599	44.1072688779111
DRR053751	G	410829	Sugiyamaella	1	44	14	0.0253977181064599	44.1072688779111
DRR053751	S	796027	Sugiyamaella lignohabitans	1	44	14	0.0253977181064599	44.1072688779111
DRR053751	G	4895	Schizosaccharomyces	4	29	14	0.10159087242584	176.429075511644
DRR053751	S	4896	Schizosaccharomyces pombe	4	29	14	0.10159087242584	176.429075511644
DRR053751	G	55193	Malassezia	346	1573	1522	8.78761046483513	15261.1150317572
DRR053751	S	76775	Malassezia restricta	346	1573	1522	8.78761046483513	15261.1150317572
DRR053751	G	5269	Ustilago	23	347	21	0.584147516448578	1014.46718419195
DRR053751	S	5270	Ustilago maydis	23	347	21	0.584147516448578	1014.46718419195
DRR053751	G	63265	Sporisorium	8	145	35	0.203181744851679	352.858151023289
DRR053751	S	280036	Sporisorium graminicola	8	145	35	0.203181744851679	352.858151023289
DRR053751	G	5206	Cryptococcus	5	381	28	0.1269885905323	220.536344389555
DRR053751	S	5207	Cryptococcus neoformans	4	65	16	0.10159087242584	176.429075511644
DRR053751	G	6033	Encephalitozoon	26	122	14	0.660340670767958	1146.78899082569
DRR053751	S	58839	Encephalitozoon intestinalis	12	57	3	0.304772617277519	529.287226534933
DRR053751	G	1912216	Cutibacterium	14179	65646	60489	360.114245031495	625396.965419901
DRR053751	S	1747	Cutibacterium acnes	13562	62159	57326	344.443852959809	598182.78052223
DRR053751	S	33011	Cutibacterium granulosum	37	179	179	0.939715569939017	1631.96894848271
DRR053751	S	33010	Cutibacterium avidum	23	122	117	0.584147516448578	1014.46718419195
DRR053751	S	2559073	Cutibacterium modestum	3	25	22	0.0761931543193798	132.321806633733
DRR053751	G	1743	Propionibacterium	1	5	5	0.0253977181064599	44.1072688779111
DRR053751	S	1744	Propionibacterium freudenreichii	1	1	1	0.0253977181064599	44.1072688779111
DRR053751	G	72763	Tessaracoccus	1	8	7	0.0253977181064599	44.1072688779111
DRR053751	G	2801844	Arachnia	1	3	3	0.0253977181064599	44.1072688779111
DRR053751	S	1750	Arachnia propionica	1	3	3	0.0253977181064599	44.1072688779111
DRR053751	G	1839	Nocardioides	1	67	45	0.0253977181064599	44.1072688779111
DRR053751	S	2017486	Nocardioides sp. S5	1	3	3	0.0253977181064599	44.1072688779111
DRR053751	G	2040	Aeromicrobium	1	8	7	0.0253977181064599	44.1072688779111
DRR053751	S	2079793	Aeromicrobium chenweiae	1	1	1	0.0253977181064599	44.1072688779111
DRR053751	G	1716	Corynebacterium	142	803	723	3.60647597111731	6263.23218066337
DRR053751	S	1979527	Corynebacterium kefirresidentii	77	403	384	1.95562429419741	3396.25970359915
DRR053751	S	161879	Corynebacterium kroppenstedtii	11	48	48	0.279374899171059	485.179957657022
DRR053751	S	38304	Corynebacterium tuberculostearicum	8	35	35	0.203181744851679	352.858151023289
DRR053751	S	43768	Corynebacterium matruchotii	3	13	11	0.0761931543193798	132.321806633733
DRR053751	S	1717	Corynebacterium diphtheriae	2	9	9	0.0507954362129198	88.2145377558222
DRR053751	S	43770	Corynebacterium striatum	2	10	10	0.0507954362129198	88.2145377558222
DRR053751	S	161899	Corynebacterium singulare	1	4	4	0.0253977181064599	44.1072688779111
DRR053751	S	146827	Corynebacterium simulans	1	11	6	0.0253977181064599	44.1072688779111
DRR053751	S	38301	Corynebacterium minutissimum	1	2	2	0.0253977181064599	44.1072688779111
DRR053751	G	1763	Mycobacterium	21	248	53	0.533352080235658	926.252646436133
DRR053751	S	1768	Mycobacterium kansasii	19	124	9	0.482556644022739	838.038108680311
DRR053751	S	1168287	Mycobacterium sp. MOTT36Y	1	1	1	0.0253977181064599	44.1072688779111
DRR053751	S	1138383	Mycobacterium paraintracellulare	1	2	2	0.0253977181064599	44.1072688779111
DRR053751	G	1866885	Mycolicibacterium	13	156	85	0.330170335383979	573.394495412844
DRR053751	S	1795	Mycolicibacterium neoaurum	5	18	17	0.1269885905323	220.536344389555
DRR053751	S	1794	Mycolicibacterium gadium	2	3	3	0.0507954362129198	88.2145377558222
DRR053751	S	56689	Mycolicibacterium mucogenicum	1	3	3	0.0253977181064599	44.1072688779111
DRR053751	S	39691	Mycolicibacterium moriokaense	1	12	6	0.0253977181064599	44.1072688779111
DRR053751	S	1804	Mycolicibacterium gilvum	1	5	5	0.0253977181064599	44.1072688779111
DRR053751	S	319706	Mycolicibacterium phocaicum	1	3	3	0.0253977181064599	44.1072688779111
DRR053751	G	1073531	Mycolicibacter	1	4	3	0.0253977181064599	44.1072688779111
DRR053751	S	29314	Mycolicibacter hiberniae	1	4	3	0.0253977181064599	44.1072688779111
DRR053751	G	2053	Gordonia	13	69	63	0.330170335383979	573.394495412844
DRR053751	S	84595	Gordonia polyisoprenivorans	7	28	27	0.177784026745219	308.750882145378
DRR053751	S	2420509	Gordonia insulae	5	17	17	0.1269885905323	220.536344389555
DRR053751	S	2054	Gordonia bronchialis	1	3	3	0.0253977181064599	44.1072688779111
DRR053751	G	1847725	Lawsonella	7	48	47	0.177784026745219	308.750882145378
DRR053751	S	1528099	Lawsonella clevelandensis	7	48	47	0.177784026745219	308.750882145378
DRR053751	G	1827	Rhodococcus	3	72	38	0.0761931543193798	132.321806633733
DRR053751	S	1828	Rhodococcus fascians	1	22	6	0.0253977181064599	44.1072688779111
DRR053751	S	1830	Rhodococcus ruber	1	6	3	0.0253977181064599	44.1072688779111
DRR053751	G	32207	Rothia	23	119	117	0.584147516448578	1014.46718419195
DRR053751	S	2047	Rothia dentocariosa	21	94	92	0.533352080235658	926.252646436133
DRR053751	S	43675	Rothia mucilaginosa	2	8	8	0.0507954362129198	88.2145377558222
DRR053751	G	57493	Kocuria	2	27	18	0.0507954362129198	88.2145377558222
DRR053751	S	71999	Kocuria palustris	2	5	5	0.0507954362129198	88.2145377558222
DRR053751	G	33882	Microbacterium	2	69	46	0.0507954362129198	88.2145377558222
DRR053751	S	82380	Microbacterium oxydans	2	4	4	0.0507954362129198	88.2145377558222
DRR053751	G	1696	Brevibacterium	1	27	23	0.0253977181064599	44.1072688779111
DRR053751	S	33889	Brevibacterium casei	1	8	6	0.0253977181064599	44.1072688779111
DRR053751	G	36739	Dermabacter	1	3	3	0.0253977181064599	44.1072688779111
DRR053751	S	1667168	Dermabacter jinjuensis	1	2	2	0.0253977181064599	44.1072688779111
DRR053751	G	57495	Dermacoccus	1	3	3	0.0253977181064599	44.1072688779111
DRR053751	S	1274	Dermacoccus nishinomiyaensis	1	3	3	0.0253977181064599	44.1072688779111
DRR053751	G	1883	Streptomyces	10	904	397	0.253977181064599	441.072688779111
DRR053751	S	2136173	Streptomyces sp. So13.3	1	26	5	0.0253977181064599	44.1072688779111
DRR053751	S	1855352	Streptomyces sp. TLI_053	1	7	6	0.0253977181064599	44.1072688779111
DRR053751	S	1964449	Streptomyces sp. 3211	1	5	4	0.0253977181064599	44.1072688779111
DRR053751	S	2203210	Streptomyces sp. WAC 06738	1	8	5	0.0253977181064599	44.1072688779111
DRR053751	S	2721173	Streptomyces sp. DSM 40868	1	5	1	0.0253977181064599	44.1072688779111
DRR053751	S	1916	Streptomyces lividans	4	70	8	0.10159087242584	176.429075511644
DRR053751	G	1654	Actinomyces	5	47	40	0.1269885905323	220.536344389555
DRR053751	S	544580	Actinomyces oris	3	8	7	0.0761931543193798	132.321806633733
DRR053751	G	2050	Mobiluncus	1	2	2	0.0253977181064599	44.1072688779111
DRR053751	S	2051	Mobiluncus curtisii	1	2	2	0.0253977181064599	44.1072688779111
DRR053751	G	2529408	Schaalia	1	8	7	0.0253977181064599	44.1072688779111
DRR053751	S	1660	Schaalia odontolytica	1	7	6	0.0253977181064599	44.1072688779111
DRR053751	G	2888879	Nanchangia	1	1	1	0.0253977181064599	44.1072688779111
DRR053751	S	2692125	Nanchangia anserum	1	1	1	0.0253977181064599	44.1072688779111
DRR053751	G	1678	Bifidobacterium	4	48	20	0.10159087242584	176.429075511644
DRR053751	S	1685	Bifidobacterium breve	3	9	9	0.0761931543193798	132.321806633733
DRR053751	S	1689	Bifidobacterium dentium	1	28	1	0.0253977181064599	44.1072688779111
DRR053751	G	1865	Actinoplanes	1	36	19	0.0253977181064599	44.1072688779111
DRR053751	S	649831	Actinoplanes sp. N902-109	1	2	2	0.0253977181064599	44.1072688779111
DRR053751	G	1873	Micromonospora	1	97	45	0.0253977181064599	44.1072688779111
DRR053751	S	47850	Micromonospora aurantiaca	1	2	1	0.0253977181064599	44.1072688779111
DRR053751	G	1847	Pseudonocardia	1	32	17	0.0253977181064599	44.1072688779111
DRR053751	G	2071	Saccharothrix	1	16	7	0.0253977181064599	44.1072688779111
DRR053751	S	103731	Saccharothrix espanaensis	1	3	3	0.0253977181064599	44.1072688779111
DRR053751	G	53460	Nakamurella	2	6	6	0.0507954362129198	88.2145377558222
DRR053751	S	53461	Nakamurella multipartita	2	5	5	0.0507954362129198	88.2145377558222
DRR053751	G	33981	Kineococcus	1	3	3	0.0253977181064599	44.1072688779111
DRR053751	S	131568	Kineococcus radiotolerans	1	3	3	0.0253977181064599	44.1072688779111
DRR053751	G	38501	Blastococcus	1	13	7	0.0253977181064599	44.1072688779111
DRR053751	S	138336	Blastococcus saxobsidens	1	13	7	0.0253977181064599	44.1072688779111
DRR053751	G	1279	Staphylococcus	1517	7713	5823	38.5283383674997	66910.7268877911
DRR053751	S	29388	Staphylococcus capitis	617	2802	2661	15.6703920716858	27214.1848976711
DRR053751	S	1282	Staphylococcus epidermidis	381	1776	1699	9.67653059856123	16804.8694424841
DRR053751	S	1280	Staphylococcus aureus	235	1730	102	5.96846375501808	10365.2081863091
DRR053751	S	29380	Staphylococcus caprae	45	186	179	1.1428973147907	1984.827099506
DRR053751	S	1292	Staphylococcus warneri	35	137	131	0.888920133726097	1543.75441072689
DRR053751	S	45972	Staphylococcus pasteuri	20	91	90	0.507954362129198	882.145377558222
DRR053751	S	1290	Staphylococcus hominis	8	37	36	0.203181744851679	352.858151023289
DRR053751	S	28035	Staphylococcus lugdunensis	1	4	4	0.0253977181064599	44.1072688779111
DRR053751	G	1386	Bacillus	1044	4308	75	26.5152177031442	46047.9887085392
DRR053751	S	1396	Bacillus cereus	1039	4228	28	26.3882291126119	45827.4523641496
DRR053751	S	1405	Bacillus mycoides	2	4	3	0.0507954362129198	88.2145377558222
DRR053751	S	1428	Bacillus thuringiensis	1	8	5	0.0253977181064599	44.1072688779111
DRR053751	G	84406	Virgibacillus	103	354	4	2.61596496496537	4543.04869442484
DRR053751	S	2700081	Virgibacillus sp. MSP4-1	103	344	2	2.61596496496537	4543.04869442484
DRR053751	G	129337	Geobacillus	4	28	27	0.10159087242584	176.429075511644
DRR053751	S	1422	Geobacillus stearothermophilus	2	4	4	0.0507954362129198	88.2145377558222
DRR053751	S	33940	Geobacillus thermodenitrificans	1	3	3	0.0253977181064599	44.1072688779111
DRR053751	G	2800373	Priestia	3	96	11	0.0761931543193798	132.321806633733
DRR053751	S	1404	Priestia megaterium	3	95	10	0.0761931543193798	132.321806633733
DRR053751	G	1378	Gemella	5	27	16	0.1269885905323	220.536344389555
DRR053751	S	1379	Gemella haemolysans	3	5	4	0.0761931543193798	132.321806633733
DRR053751	S	29391	Gemella morbillorum	2	18	9	0.0507954362129198	88.2145377558222
DRR053751	G	1301	Streptococcus	86	425	391	2.18420375715555	3793.22512350035
DRR053751	S	1303	Streptococcus oralis	12	42	40	0.304772617277519	529.287226534933
DRR053751	S	2598453	Streptococcus sp. 116-D4	4	15	15	0.10159087242584	176.429075511644
DRR053751	S	712623	Streptococcus sp. oral taxon 061	1	3	3	0.0253977181064599	44.1072688779111
DRR053751	S	28037	Streptococcus mitis	5	24	24	0.1269885905323	220.536344389555
DRR053751	S	1433513	Streptococcus gwangjuense	2	4	4	0.0507954362129198	88.2145377558222
DRR053751	S	1305	Streptococcus sanguinis	2	5	5	0.0507954362129198	88.2145377558222
DRR053751	S	1302	Streptococcus gordonii	2	13	12	0.0507954362129198	88.2145377558222
DRR053751	S	2382163	Streptococcus koreensis	1	1	1	0.0253977181064599	44.1072688779111
DRR053751	S	361101	Streptococcus pseudoporcinus	1	2	2	0.0253977181064599	44.1072688779111
DRR053751	S	1313	Streptococcus pneumoniae	1	12	11	0.0253977181064599	44.1072688779111
DRR053751	G	1578	Lactobacillus	28	173	114	0.711136106980878	1235.00352858151
DRR053751	S	147802	Lactobacillus iners	20	84	83	0.507954362129198	882.145377558222
DRR053751	S	109790	Lactobacillus jensenii	6	25	24	0.15238630863876	264.643613267466
DRR053751	S	1584	Lactobacillus delbrueckii	2	58	2	0.0507954362129198	88.2145377558222
DRR053751	G	1253	Pediococcus	1	1	1	0.0253977181064599	44.1072688779111
DRR053751	S	1254	Pediococcus acidilactici	1	1	1	0.0253977181064599	44.1072688779111
DRR053751	G	2742598	Limosilactobacillus	1	6	5	0.0253977181064599	44.1072688779111
DRR053751	S	1598	Limosilactobacillus reuteri	1	3	3	0.0253977181064599	44.1072688779111
DRR053751	G	2759736	Lacticaseibacillus	1	3	3	0.0253977181064599	44.1072688779111
DRR053751	G	46123	Abiotrophia	1	3	3	0.0253977181064599	44.1072688779111
DRR053751	S	46125	Abiotrophia defectiva	1	3	3	0.0253977181064599	44.1072688779111
DRR053751	G	2689587	Suicoccus	1	3	3	0.0253977181064599	44.1072688779111
DRR053751	S	2036206	Suicoccus acidiformans	1	3	3	0.0253977181064599	44.1072688779111
DRR053751	G	150022	Finegoldia	19	93	92	0.482556644022739	838.038108680311
DRR053751	S	1260	Finegoldia magna	19	93	92	0.482556644022739	838.038108680311
DRR053751	G	162289	Peptoniphilus	3	15	15	0.0761931543193798	132.321806633733
DRR053751	S	54005	Peptoniphilus harei	3	15	15	0.0761931543193798	132.321806633733
DRR053751	G	165779	Anaerococcus	2	9	9	0.0507954362129198	88.2145377558222
DRR053751	S	33034	Anaerococcus prevotii	2	6	6	0.0507954362129198	88.2145377558222
DRR053751	G	1485	Clostridium	4	66	39	0.10159087242584	176.429075511644
DRR053751	S	169679	Clostridium saccharobutylicum	3	11	3	0.0761931543193798	132.321806633733
DRR053751	S	1513	Clostridium tetani	1	2	2	0.0253977181064599	44.1072688779111
DRR053751	G	2733	Symbiobacterium	1	41	4	0.0253977181064599	44.1072688779111
DRR053751	S	2734	Symbiobacterium thermophilum	1	41	4	0.0253977181064599	44.1072688779111
DRR053751	G	44000	Caldicellulosiruptor	3	12	12	0.0761931543193798	132.321806633733
DRR053751	S	301953	Caldicellulosiruptor acetigenus	2	6	6	0.0507954362129198	88.2145377558222
DRR053751	G	2786989	Koleobacter	1	4	4	0.0253977181064599	44.1072688779111
DRR053751	S	2751313	Koleobacter methoxysyntrophicus	1	4	4	0.0253977181064599	44.1072688779111
DRR053751	G	29465	Veillonella	3	20	19	0.0761931543193798	132.321806633733
DRR053751	S	29466	Veillonella parvula	2	11	10	0.0507954362129198	88.2145377558222
DRR053751	G	904	Acidaminococcus	1	2	2	0.0253977181064599	44.1072688779111
DRR053751	S	905	Acidaminococcus fermentans	1	1	1	0.0253977181064599	44.1072688779111
DRR053751	G	1186	Calothrix	2	23	11	0.0507954362129198	88.2145377558222
DRR053751	S	99598	Calothrix sp. PCC 7507	1	1	1	0.0253977181064599	44.1072688779111
DRR053751	G	1158	Oscillatoria	2	5	3	0.0507954362129198	88.2145377558222
DRR053751	S	482564	Oscillatoria nigro-viridis	2	4	2	0.0507954362129198	88.2145377558222
DRR053751	G	270	Thermus	1	19	15	0.0253977181064599	44.1072688779111
DRR053751	S	2483360	Thermus caldilimi	1	2	2	0.0253977181064599	44.1072688779111
DRR053751	G	374	Bradyrhizobium	926	4220	4055	23.5182869665819	40843.3309809457
DRR053751	S	288000	Bradyrhizobium sp. BTAi1	479	2026	1963	12.1655069729943	21127.3817925194
DRR053751	S	2715960	Bradyrhizobium sp. PSBB068	228	957	919	5.79067972827286	10056.4573041637
DRR053751	S	1325112	Bradyrhizobium sp. CCBAU 53340	5	14	14	0.1269885905323	220.536344389555
DRR053751	S	115808	Bradyrhizobium sp. ORS 285	4	13	13	0.10159087242584	176.429075511644
DRR053751	S	2057741	Bradyrhizobium sp. SK17	4	27	25	0.10159087242584	176.429075511644
DRR053751	S	1404888	Bradyrhizobium sp. 1(2017)	1	4	3	0.0253977181064599	44.1072688779111
DRR053751	S	1325102	Bradyrhizobium sp. CCBAU 51765	1	2	2	0.0253977181064599	44.1072688779111
DRR053751	S	1325114	Bradyrhizobium sp. CCBAU 53351	1	4	4	0.0253977181064599	44.1072688779111
DRR053751	S	1325090	Bradyrhizobium guangdongense	9	42	41	0.228579462958139	396.9654199012
DRR053751	S	1355477	Bradyrhizobium diazoefficiens	8	47	33	0.203181744851679	352.858151023289
DRR053751	S	1325095	Bradyrhizobium guangzhouense	3	18	18	0.0761931543193798	132.321806633733
DRR053751	S	83627	Bradyrhizobium genosp. B	2	11	10	0.0507954362129198	88.2145377558222
DRR053751	S	375	Bradyrhizobium japonicum	1	2	2	0.0253977181064599	44.1072688779111
DRR053751	S	1437360	Bradyrhizobium erythrophlei	1	3	3	0.0253977181064599	44.1072688779111
DRR053751	S	244734	Bradyrhizobium betae	1	5	5	0.0253977181064599	44.1072688779111
DRR053751	G	1395974	Tardiphaga	1	3	3	0.0253977181064599	44.1072688779111
DRR053751	G	407	Methylobacterium	69	325	302	1.75244254934573	3043.40155257586
DRR053751	S	2067957	Methylobacterium sp. DM1	14	54	50	0.355568053490439	617.501764290755
DRR053751	S	269660	Methylobacterium brachiatum	4	17	17	0.10159087242584	176.429075511644
DRR053751	S	39956	Methylobacterium mesophilicum	1	4	2	0.0253977181064599	44.1072688779111
DRR053751	S	270351	Methylobacterium aquaticum	1	7	5	0.0253977181064599	44.1072688779111
DRR053751	S	2202825	Methylobacterium durans	1	4	3	0.0253977181064599	44.1072688779111
DRR053751	G	2282523	Methylorubrum	8	55	46	0.203181744851679	352.858151023289
DRR053751	S	408	Methylorubrum extorquens	4	22	22	0.10159087242584	176.429075511644
DRR053751	S	223967	Methylorubrum populi	1	21	12	0.0253977181064599	44.1072688779111
DRR053751	S	2897334	Methylorubrum sp. B1-46	1	2	2	0.0253977181064599	44.1072688779111
DRR053751	G	379	Rhizobium	12	179	99	0.304772617277519	529.287226534933
DRR053751	S	2267833	Rhizobium oryzihabitans	11	53	51	0.279374899171059	485.179957657022
DRR053751	S	648995	Rhizobium pusense	1	12	10	0.0253977181064599	44.1072688779111
DRR053751	G	357	Agrobacterium	9	208	50	0.228579462958139	396.9654199012
DRR053751	S	358	Agrobacterium tumefaciens	8	101	34	0.203181744851679	352.858151023289
DRR053751	S	160699	Agrobacterium larrymoorei	1	5	2	0.0253977181064599	44.1072688779111
DRR053751	G	28105	Sinorhizobium	1	14	12	0.0253977181064599	44.1072688779111
DRR053751	S	194963	Sinorhizobium americanum	1	1	1	0.0253977181064599	44.1072688779111
DRR053751	G	68287	Mesorhizobium	2	44	36	0.0507954362129198	88.2145377558222
DRR053751	S	2108445	Mesorhizobium sp. DCY119	1	1	1	0.0253977181064599	44.1072688779111
DRR053751	S	2493672	Mesorhizobium sp. M1E.F.Ca.ET.045.02.1.1	1	3	3	0.0253977181064599	44.1072688779111
DRR053751	G	2712688	Salaquimonas	1	40	3	0.0253977181064599	44.1072688779111
DRR053751	S	2712698	Salaquimonas pukyongi	1	40	3	0.0253977181064599	44.1072688779111
DRR053751	G	2911176	Aquibium	1	2	2	0.0253977181064599	44.1072688779111
DRR053751	S	675281	Aquibium microcysteis	1	2	2	0.0253977181064599	44.1072688779111
DRR053751	G	46913	Devosia	1	11	9	0.0253977181064599	44.1072688779111
DRR053751	S	1736675	Devosia sp. A16	1	2	2	0.0253977181064599	44.1072688779111
DRR053751	G	1827478	Youhaiella	1	4	2	0.0253977181064599	44.1072688779111
DRR053751	S	1447062	Youhaiella tibetensis	1	4	2	0.0253977181064599	44.1072688779111
DRR053751	G	120652	Methylocella	1	2	2	0.0253977181064599	44.1072688779111
DRR053751	S	227605	Methylocella tundrae	1	1	1	0.0253977181064599	44.1072688779111
DRR053751	G	414371	Aureimonas	1	5	5	0.0253977181064599	44.1072688779111
DRR053751	S	2816454	Aureimonas sp. OT7	1	3	3	0.0253977181064599	44.1072688779111
DRR053751	G	165695	Sphingobium	46	194	189	1.16829503289716	2028.93436838391
DRR053751	S	2082188	Sphingobium sp. YG1	30	120	116	0.761931543193798	1323.21806633733
DRR053751	S	407020	Sphingobium sp. MI1205	1	1	1	0.0253977181064599	44.1072688779111
DRR053751	S	2185111	Sphingobium sp. LF-16	1	1	1	0.0253977181064599	44.1072688779111
DRR053751	S	13690	Sphingobium yanoikuyae	3	12	12	0.0761931543193798	132.321806633733
DRR053751	S	120107	Sphingobium cloacae	1	2	2	0.0253977181064599	44.1072688779111
DRR053751	S	121428	Sphingobium xenophagum	1	4	4	0.0253977181064599	44.1072688779111
DRR053751	G	13687	Sphingomonas	17	149	142	0.431761207809819	749.823570924488
DRR053751	S	152682	Sphingomonas melonis	11	37	37	0.279374899171059	485.179957657022
DRR053751	S	2596913	Sphingomonas sp. NBWT7	1	6	6	0.0253977181064599	44.1072688779111
DRR053751	S	1030157	Sphingomonas sp. KC8	1	3	3	0.0253977181064599	44.1072688779111
DRR053751	S	424800	Sphingomonas insulae	1	6	6	0.0253977181064599	44.1072688779111
DRR053751	G	165696	Novosphingobium	2	13	7	0.0507954362129198	88.2145377558222
DRR053751	S	48935	Novosphingobium aromaticivorans	1	2	2	0.0253977181064599	44.1072688779111
DRR053751	S	1609758	Novosphingobium sp. P6W	1	1	1	0.0253977181064599	44.1072688779111
DRR053751	G	165697	Sphingopyxis	2	27	24	0.0507954362129198	88.2145377558222
DRR053751	S	33052	Sphingopyxis terrae	2	10	10	0.0507954362129198	88.2145377558222
DRR053751	G	1649486	Rhizorhabdus	1	5	5	0.0253977181064599	44.1072688779111
DRR053751	S	160791	Rhizorhabdus wittichii	1	1	1	0.0253977181064599	44.1072688779111
DRR053751	G	1111	Porphyrobacter	1	2	2	0.0253977181064599	44.1072688779111
DRR053751	S	2023229	Porphyrobacter sp. HT-58-2	1	1	1	0.0253977181064599	44.1072688779111
DRR053751	G	335405	Sphingosinicella	1	2	2	0.0253977181064599	44.1072688779111
DRR053751	S	335406	Sphingosinicella microcystinivorans	1	2	2	0.0253977181064599	44.1072688779111
DRR053751	G	75	Caulobacter	57	340	301	1.44766993206822	2514.11432604093
DRR053751	S	1679497	Caulobacter flavus	37	179	172	0.939715569939017	1631.96894848271
DRR053751	S	2823693	Caulobacter sp. S6	4	38	36	0.10159087242584	176.429075511644
DRR053751	S	69665	Caulobacter sp. FWC26	1	5	5	0.0253977181064599	44.1072688779111
DRR053751	S	155892	Caulobacter vibrioides	5	19	16	0.1269885905323	220.536344389555
DRR053751	S	69395	Caulobacter henricii	1	3	3	0.0253977181064599	44.1072688779111
DRR053751	S	88688	Caulobacter segnis	1	4	4	0.0253977181064599	44.1072688779111
DRR053751	S	2010972	Caulobacter rhizosphaerae	1	9	9	0.0253977181064599	44.1072688779111
DRR053751	G	41275	Brevundimonas	12	72	71	0.304772617277519	529.287226534933
DRR053751	S	588932	Brevundimonas naejangsanensis	3	5	5	0.0761931543193798	132.321806633733
DRR053751	S	1827469	Brevundimonas sp. GW460-12-10-14-LB2	1	1	1	0.0253977181064599	44.1072688779111
DRR053751	S	2774190	Brevundimonas goettingensis	2	5	5	0.0507954362129198	88.2145377558222
DRR053751	S	1325724	Brevundimonas vancanneytii	1	1	1	0.0253977181064599	44.1072688779111
DRR053751	G	20	Phenylobacterium	1	17	16	0.0253977181064599	44.1072688779111
DRR053751	S	284016	Phenylobacterium zucineum	1	7	7	0.0253977181064599	44.1072688779111
DRR053751	G	265	Paracoccus	23	73	26	0.584147516448578	1014.46718419195
DRR053751	S	1499308	Paracoccus mutanolyticus	21	54	9	0.533352080235658	926.252646436133
DRR053751	S	147645	Paracoccus yeei	1	3	3	0.0253977181064599	44.1072688779111
DRR053751	G	2683599	Paroceanicella	1	3	3	0.0253977181064599	44.1072688779111
DRR053751	S	2579971	Paroceanicella profunda	1	3	3	0.0253977181064599	44.1072688779111
DRR053751	G	1433986	Actibacterium	1	2	2	0.0253977181064599	44.1072688779111
DRR053751	S	1609966	Actibacterium sp. EMB200-NS6	1	2	2	0.0253977181064599	44.1072688779111
DRR053751	G	97050	Ruegeria	1	1	1	0.0253977181064599	44.1072688779111
DRR053751	G	302485	Phaeobacter	1	10	8	0.0253977181064599	44.1072688779111
DRR053751	S	221822	Phaeobacter inhibens	1	3	3	0.0253977181064599	44.1072688779111
DRR053751	G	125216	Roseomonas	10	59	46	0.253977181064599	441.072688779111
DRR053751	S	257708	Roseomonas gilardii	1	7	7	0.0253977181064599	44.1072688779111
DRR053751	S	2018065	Roseomonas sp. FDAARGOS_362	1	4	4	0.0253977181064599	44.1072688779111
DRR053751	G	191	Azospirillum	2	37	26	0.0507954362129198	88.2145377558222
DRR053751	G	13134	Magnetospirillum	1	6	6	0.0253977181064599	44.1072688779111
DRR053751	G	111830	Defluviicoccus	1	3	3	0.0253977181064599	44.1072688779111
DRR053751	S	111831	Defluviicoccus vanus	1	3	3	0.0253977181064599	44.1072688779111
DRR053751	G	74317	Maricaulis	1	5	3	0.0253977181064599	44.1072688779111
DRR053751	S	74318	Maricaulis maris	1	5	3	0.0253977181064599	44.1072688779111
DRR053751	G	1433402	Glycocaulis	1	3	3	0.0253977181064599	44.1072688779111
DRR053751	S	1434191	Glycocaulis alkaliphilus	1	3	3	0.0253977181064599	44.1072688779111
DRR053751	G	613	Serratia	399	1730	1689	10.1336895244775	17598.8002822865
DRR053751	S	614	Serratia liquefaciens	114	446	440	2.89533986413643	5028.22865208186
DRR053751	S	28151	Serratia proteamaculans	3	18	18	0.0761931543193798	132.321806633733
DRR053751	S	42906	Serratia entomophila	3	12	12	0.0761931543193798	132.321806633733
DRR053751	S	61651	Serratia ficaria	1	3	3	0.0253977181064599	44.1072688779111
DRR053751	G	547	Enterobacter	3	22	19	0.0761931543193798	132.321806633733
DRR053751	S	208224	Enterobacter kobei	2	5	3	0.0507954362129198	88.2145377558222
DRR053751	G	570	Klebsiella	3	148	26	0.0761931543193798	132.321806633733
DRR053751	S	1134687	Klebsiella michiganensis	3	12	12	0.0761931543193798	132.321806633733
DRR053751	G	122277	Pectobacterium	5	17	10	0.1269885905323	220.536344389555
DRR053751	S	29471	Pectobacterium atrosepticum	5	11	7	0.1269885905323	220.536344389555
DRR053751	G	1082702	Lonsdalea	2	17	4	0.0507954362129198	88.2145377558222
DRR053751	S	1082704	Lonsdalea britannica	2	16	3	0.0507954362129198	88.2145377558222
DRR053751	G	286	Pseudomonas	178	1224	948	4.52079382294987	7851.09386026817
DRR053751	S	515393	Pseudomonas yamanorum	29	94	91	0.736533825087338	1279.11079745942
DRR053751	S	2018067	Pseudomonas sp. FDAARGOS_380	5	14	14	0.1269885905323	220.536344389555
DRR053751	S	2605424	Pseudomonas sp. J380	2	5	5	0.0507954362129198	88.2145377558222
DRR053751	S	2219057	Pseudomonas sp. LG1E9	2	5	3	0.0507954362129198	88.2145377558222
DRR053751	S	2126069	Pseudomonas sp. LBUM920	1	2	2	0.0253977181064599	44.1072688779111
DRR053751	S	1573719	Pseudomonas sp. S35	1	2	2	0.0253977181064599	44.1072688779111
DRR053751	S	43263	Pseudomonas alcaligenes	4	9	5	0.10159087242584	176.429075511644
DRR053751	S	46680	Pseudomonas nitroreducens	1	5	5	0.0253977181064599	44.1072688779111
DRR053751	S	287	Pseudomonas aeruginosa	1	4	4	0.0253977181064599	44.1072688779111
DRR053751	S	47883	Pseudomonas synxantha	2	8	7	0.0507954362129198	88.2145377558222
DRR053751	S	75588	Pseudomonas libanensis	1	6	6	0.0253977181064599	44.1072688779111
DRR053751	S	321662	Pseudomonas moraviensis	3	6	6	0.0761931543193798	132.321806633733
DRR053751	S	303	Pseudomonas putida	2	27	19	0.0507954362129198	88.2145377558222
DRR053751	S	1274359	Pseudomonas sihuiensis	1	5	5	0.0253977181064599	44.1072688779111
DRR053751	S	1615674	Pseudomonas lactis	1	3	3	0.0253977181064599	44.1072688779111
DRR053751	S	312306	Pseudomonas entomophila	1	1	1	0.0253977181064599	44.1072688779111
DRR053751	S	2599595	Pseudomonas eucalypticola	1	1	1	0.0253977181064599	44.1072688779111
DRR053751	G	2901189	Halopseudomonas	1	6	6	0.0253977181064599	44.1072688779111
DRR053751	S	43306	Pseudomonas denitrificans (nom. rej.)	1	3	3	0.0253977181064599	44.1072688779111
DRR053751	G	469	Acinetobacter	131	759	671	3.32710107194625	5778.05222300635
DRR053751	S	70348	Acinetobacter dispersus	22	96	88	0.558749798342118	970.359915314044
DRR053751	S	134534	Acinetobacter gyllenbergii	19	103	98	0.482556644022739	838.038108680311
DRR053751	S	470	Acinetobacter baumannii	6	36	35	0.15238630863876	264.643613267466
DRR053751	S	471	Acinetobacter calcoaceticus	2	5	1	0.0507954362129198	88.2145377558222
DRR053751	S	1827285	Acinetobacter sp. MYb10	2	7	4	0.0507954362129198	88.2145377558222
DRR053751	S	2925837	Acinetobacter sp. LUNF3	1	1	1	0.0253977181064599	44.1072688779111
DRR053751	S	2609668	Acinetobacter sp. C16S1	1	10	3	0.0253977181064599	44.1072688779111
DRR053751	S	29430	Acinetobacter haemolyticus	3	7	7	0.0761931543193798	132.321806633733
DRR053751	S	40215	Acinetobacter junii	3	9	9	0.0761931543193798	132.321806633733
DRR053751	S	40214	Acinetobacter johnsonii	2	10	10	0.0507954362129198	88.2145377558222
DRR053751	S	28090	Acinetobacter lwoffii	1	5	5	0.0253977181064599	44.1072688779111
DRR053751	S	106648	Acinetobacter bereziniae	1	3	3	0.0253977181064599	44.1072688779111
DRR053751	S	106649	Acinetobacter guillouiae	1	3	3	0.0253977181064599	44.1072688779111
DRR053751	S	202956	Acinetobacter towneri	1	2	2	0.0253977181064599	44.1072688779111
DRR053751	G	475	Moraxella	18	80	78	0.457158925916279	793.9308398024
DRR053751	S	34062	Moraxella osloensis	18	76	76	0.457158925916279	793.9308398024
DRR053751	G	745	Pasteurella	94	346	60	2.38738550200723	4146.08327452364
DRR053751	S	747	Pasteurella multocida	94	346	60	2.38738550200723	4146.08327452364
DRR053751	G	724	Haemophilus	8	44	43	0.203181744851679	352.858151023289
DRR053751	S	729	Haemophilus parainfluenzae	3	14	14	0.0761931543193798	132.321806633733
DRR053751	S	712310	Haemophilus sp. oral taxon 036	2	6	6	0.0507954362129198	88.2145377558222
DRR053751	S	726	Haemophilus haemolyticus	1	6	6	0.0253977181064599	44.1072688779111
DRR053751	S	727	Haemophilus influenzae	1	3	3	0.0253977181064599	44.1072688779111
DRR053751	G	2745	Halomonas	49	268	40	1.24448818721654	2161.25617501764
DRR053751	S	2306583	Halomonas sp. JS92-SW72	49	207	16	1.24448818721654	2161.25617501764
DRR053751	G	40323	Stenotrophomonas	13	96	77	0.330170335383979	573.394495412844
DRR053751	S	40324	Stenotrophomonas maltophilia	2	13	13	0.0507954362129198	88.2145377558222
DRR053751	S	216778	Stenotrophomonas rhizophila	1	9	3	0.0253977181064599	44.1072688779111
DRR053751	G	68	Lysobacter	9	26	11	0.228579462958139	396.9654199012
DRR053751	S	69	Lysobacter enzymogenes	8	16	2	0.203181744851679	352.858151023289
DRR053751	S	84531	Lysobacter antibioticus	1	1	1	0.0253977181064599	44.1072688779111
DRR053751	G	338	Xanthomonas	4	49	32	0.10159087242584	176.429075511644
DRR053751	S	339	Xanthomonas campestris	3	12	12	0.0761931543193798	132.321806633733
DRR053751	G	2709666	Pseudolysobacter	2	121	1	0.0507954362129198	88.2145377558222
DRR053751	S	2511995	Pseudolysobacter antarcticus	2	121	1	0.0507954362129198	88.2145377558222
DRR053751	G	323413	Dokdonella	1	1	1	0.0253977181064599	44.1072688779111
DRR053751	S	323415	Dokdonella koreensis	1	1	1	0.0253977181064599	44.1072688779111
DRR053751	G	662	Vibrio	27	106	40	0.685738388874418	1190.8962597036
DRR053751	S	55601	Vibrio anguillarum	27	57	14	0.685738388874418	1190.8962597036
DRR053751	G	2678529	Kineobactrum	5	23	2	0.1269885905323	220.536344389555
DRR053751	S	2708301	Kineobactrum salinum	5	23	2	0.1269885905323	220.536344389555
DRR053751	G	10	Cellvibrio	1	6	6	0.0253977181064599	44.1072688779111
DRR053751	G	48073	Microbulbifer	2	11	4	0.0507954362129198	88.2145377558222
DRR053751	S	2587856	Microbulbifer sp. THAF38	2	3	1	0.0507954362129198	88.2145377558222
DRR053751	G	53392	Thiodictyon	3	4	3	0.0761931543193798	132.321806633733
DRR053751	S	1166950	Candidatus Thiodictyon syntrophicum	3	4	3	0.0761931543193798	132.321806633733
DRR053751	G	1051	Ectothiorhodospira	1	2	2	0.0253977181064599	44.1072688779111
DRR053751	S	1442136	Ectothiorhodospira sp. BSL-9	1	1	1	0.0253977181064599	44.1072688779111
DRR053751	G	1193503	Gilliamella	1	1	1	0.0253977181064599	44.1072688779111
DRR053751	S	1196095	Gilliamella apicola	1	1	1	0.0253977181064599	44.1072688779111
DRR053751	G	445	Legionella	1	10	8	0.0253977181064599	44.1072688779111
DRR053751	S	28084	Legionella cherrii	1	2	2	0.0253977181064599	44.1072688779111
DRR053751	G	22	Shewanella	1	11	10	0.0253977181064599	44.1072688779111
DRR053751	S	2593656	Shewanella eurypsychrophilus	1	1	1	0.0253977181064599	44.1072688779111
DRR053751	G	642	Aeromonas	1	33	30	0.0253977181064599	44.1072688779111
DRR053751	S	644	Aeromonas hydrophila	1	5	5	0.0253977181064599	44.1072688779111
DRR053751	G	47420	Hydrogenophaga	22	55	9	0.558749798342118	970.359915314044
DRR053751	S	2184519	Hydrogenophaga sp. NH-16	22	48	2	0.558749798342118	970.359915314044
DRR053751	G	80865	Delftia	10	56	51	0.253977181064599	441.072688779111
DRR053751	S	80866	Delftia acidovorans	1	6	6	0.0253977181064599	44.1072688779111
DRR053751	S	558537	Delftia lacustris	1	1	1	0.0253977181064599	44.1072688779111
DRR053751	G	12916	Acidovorax	5	38	32	0.1269885905323	220.536344389555
DRR053751	S	1842533	Acidovorax sp. RAC01	1	1	1	0.0253977181064599	44.1072688779111
DRR053751	S	2478662	Acidovorax sp. 1608163	1	6	6	0.0253977181064599	44.1072688779111
DRR053751	G	283	Comamonas	2	88	17	0.0507954362129198	88.2145377558222
DRR053751	S	225991	Comamonas aquatica	1	6	4	0.0253977181064599	44.1072688779111
DRR053751	S	2597701	Comamonas sp. NLF-7-7	1	4	3	0.0253977181064599	44.1072688779111
DRR053751	G	28065	Rhodoferax	1	13	8	0.0253977181064599	44.1072688779111
DRR053751	S	2509614	Rhodoferax sediminis	1	4	2	0.0253977181064599	44.1072688779111
DRR053751	G	48736	Ralstonia	13	92	76	0.330170335383979	573.394495412844
DRR053751	S	329	Ralstonia pickettii	4	29	27	0.10159087242584	176.429075511644
DRR053751	S	305	Ralstonia solanacearum	1	15	8	0.0253977181064599	44.1072688779111
DRR053751	S	190721	Ralstonia insidiosa	1	12	12	0.0253977181064599	44.1072688779111
DRR053751	G	32008	Burkholderia	1	64	44	0.0253977181064599	44.1072688779111
DRR053751	G	93217	Pandoraea	1	26	10	0.0253977181064599	44.1072688779111
DRR053751	S	93222	Pandoraea sputorum	1	1	1	0.0253977181064599	44.1072688779111
DRR053751	G	1822464	Paraburkholderia	1	46	32	0.0253977181064599	44.1072688779111
DRR053751	G	507	Alcaligenes	7	21	17	0.177784026745219	308.750882145378
DRR053751	S	511	Alcaligenes faecalis	6	17	13	0.15238630863876	264.643613267466
DRR053751	G	222	Achromobacter	3	52	26	0.0761931543193798	132.321806633733
DRR053751	S	217203	Achromobacter spanius	2	4	4	0.0507954362129198	88.2145377558222
DRR053751	S	217204	Achromobacter insolitus	1	3	3	0.0253977181064599	44.1072688779111
DRR053751	G	149698	Massilia	2	45	26	0.0507954362129198	88.2145377558222
DRR053751	G	482	Neisseria	1	15	14	0.0253977181064599	44.1072688779111
DRR053751	S	495	Neisseria elongata	1	4	4	0.0253977181064599	44.1072688779111
DRR053751	G	146937	Azospira	1	2	2	0.0253977181064599	44.1072688779111
DRR053751	G	50	Chondromyces	1	5	3	0.0253977181064599	44.1072688779111
DRR053751	S	52	Chondromyces crocatus	1	5	3	0.0253977181064599	44.1072688779111
DRR053751	G	893	Desulfobulbus	2	6	2	0.0507954362129198	88.2145377558222
DRR053751	S	1909699	Desulfobulbus oligotrophicus	2	5	1	0.0507954362129198	88.2145377558222
DRR053751	G	1652133	Halobacteriovorax	5	43	4	0.1269885905323	220.536344389555
DRR053751	S	97084	Halobacteriovorax marinus	5	19	3	0.1269885905323	220.536344389555
DRR053751	G	70774	Hydrogenophilus	1	3	3	0.0253977181064599	44.1072688779111
DRR053751	S	297	Hydrogenophilus thermoluteolus	1	3	3	0.0253977181064599	44.1072688779111
DRR053751	G	89966	Hymenobacter	9	80	22	0.228579462958139	396.9654199012
DRR053751	S	2584940	Hymenobacter sp. DG01	1	2	2	0.0253977181064599	44.1072688779111
DRR053751	G	396811	Fulvivirga	1	2	2	0.0253977181064599	44.1072688779111
DRR053751	S	2810512	Fulvivirga lutea	1	2	2	0.0253977181064599	44.1072688779111
DRR053751	G	2058174	Antarcticibacterium	6	23	2	0.15238630863876	264.643613267466
DRR053751	S	2058175	Antarcticibacterium flavum	6	22	1	0.15238630863876	264.643613267466
DRR053751	G	292691	Gramella	1	6	6	0.0253977181064599	44.1072688779111
DRR053751	S	1913577	Gramella salexigens	1	1	1	0.0253977181064599	44.1072688779111
DRR053751	G	2782229	Epilithonimonas	2	10	10	0.0507954362129198	88.2145377558222
DRR053751	S	2487072	Epilithonimonas vandammei	2	10	10	0.0507954362129198	88.2145377558222
DRR053751	G	838	Prevotella	7	46	36	0.177784026745219	308.750882145378
DRR053751	S	28132	Prevotella melaninogenica	1	4	3	0.0253977181064599	44.1072688779111
DRR053751	S	28133	Prevotella nigrescens	1	3	3	0.0253977181064599	44.1072688779111
DRR053751	S	52227	Prevotella dentalis	1	2	2	0.0253977181064599	44.1072688779111
DRR053751	S	282402	Prevotella multiformis	1	4	4	0.0253977181064599	44.1072688779111
DRR053751	G	2836216	Phnomibacter	8	49	3	0.203181744851679	352.858151023289
DRR053751	S	2676868	Phnomibacter ginsenosidimutans	8	49	3	0.203181744851679	352.858151023289
DRR053751	G	79328	Chitinophaga	1	13	13	0.0253977181064599	44.1072688779111
DRR053751	S	2203219	Chitinophaga alhagiae	1	2	2	0.0253977181064599	44.1072688779111
DRR053751	G	256319	Chlorobaculum	5	95	3	0.1269885905323	220.536344389555
DRR053751	S	274539	Chlorobaculum parvum	5	94	2	0.1269885905323	220.536344389555
DRR053751	G	173479	Gemmatimonas	1	4	3	0.0253977181064599	44.1072688779111
DRR053751	S	173480	Gemmatimonas aurantiaca	1	2	2	0.0253977181064599	44.1072688779111
DRR053751	G	1706036	Gemmatirosa	1	6	5	0.0253977181064599	44.1072688779111
DRR053751	S	861299	Gemmatirosa kalamazoonesis	1	6	5	0.0253977181064599	44.1072688779111
DRR053751	G	113	Gemmata	11	21	3	0.279374899171059	485.179957657022
DRR053751	S	1210884	Gemmata massiliana	11	12	1	0.279374899171059	485.179957657022
DRR053751	G	2795775	Lignipirellula	1	12	7	0.0253977181064599	44.1072688779111
DRR053751	S	2528010	Lignipirellula cremea	1	12	7	0.0253977181064599	44.1072688779111
DRR053751	G	178440	Opitutus	1	6	6	0.0253977181064599	44.1072688779111
DRR053751	S	1882749	Opitutus sp. GAS368	1	4	4	0.0253977181064599	44.1072688779111
DRR053751	G	2576890	Nibricoccus	1	1	1	0.0253977181064599	44.1072688779111
DRR053751	S	2576891	Nibricoccus aquaticus	1	1	1	0.0253977181064599	44.1072688779111
DRR053751	G	848	Fusobacterium	1	13	10	0.0253977181064599	44.1072688779111
DRR053751	S	851	Fusobacterium nucleatum	1	5	5	0.0253977181064599	44.1072688779111
DRR053751	G	32067	Leptotrichia	1	20	9	0.0253977181064599	44.1072688779111
DRR053751	S	157688	Leptotrichia hofstadii	1	1	1	0.0253977181064599	44.1072688779111
DRR053751	G	212790	Sulfurihydrogenibium	1	10	1	0.0253977181064599	44.1072688779111
DRR053751	S	309806	Sulfurihydrogenibium azorense	1	10	1	0.0253977181064599	44.1072688779111
DRR053751	G	2560142	Gorganvirus	565	1833	10	14.3497107301499	24920.6069160198
DRR053751	S	2560650	Gorganvirus isfahan	565	1833	10	14.3497107301499	24920.6069160198
DRR053751	G	1982251	Pahexavirus	7	31	30	0.177784026745219	308.750882145378
DRR053751	S	1982259	Pahexavirus ouroboros	1	1	1	0.0253977181064599	44.1072688779111
DRR053751	S	1982265	Pahexavirus P100A	1	5	5	0.0253977181064599	44.1072688779111
DRR053751	S	749413	Deep-sea thermophilic phage D6E	1	6	6	0.0253977181064599	44.1072688779111
DRR053751	G	1623283	Chivirus	5	13	1	0.1269885905323	220.536344389555
DRR053751	S	1005056	Chivirus iEPS5	5	13	1	0.1269885905323	220.536344389555
DRR053751	G	153135	Gammaretrovirus	7	328	16	0.177784026745219	308.750882145378
DRR053751	S	11788	Abelson murine leukemia virus	6	33	10	0.15238630863876	264.643613267466
DRR053751	S	11970	Woolly monkey sarcoma virus	1	2	1	0.0253977181064599	44.1072688779111
DRR053751	G	11095	Pestivirus	5	39	8	0.1269885905323	220.536344389555
DRR053751	G	11572	Orthobunyavirus	1	10	2	0.0253977181064599	44.1072688779111
DRR053751	S	159150	Shamonda orthobunyavirus	1	10	2	0.0253977181064599	44.1072688779111
DRR053751	G	2060084	Pandoravirus	2	15	7	0.0507954362129198	88.2145377558222
DRR053769	G	5506	Fusarium	22	410	134	0.566970212209734	7239.22342875946
DRR053769	S	5127	Fusarium fujikuroi	16	116	24	0.41234197251617	5264.88976637052
DRR053769	S	117187	Fusarium verticillioides	1	53	17	0.0257713732822607	329.055610398157
DRR053769	S	5518	Fusarium graminearum	1	18	12	0.0257713732822607	329.055610398157
DRR053769	S	56646	Fusarium venenatum	1	55	19	0.0257713732822607	329.055610398157
DRR053769	G	98402	Drechmeria	1	45	18	0.0257713732822607	329.055610398157
DRR053769	S	98403	Drechmeria coniospora	1	45	18	0.0257713732822607	329.055610398157
DRR053769	G	5455	Colletotrichum	17	148	38	0.438113345798431	5593.94537676867
DRR053769	S	80884	Colletotrichum higginsianum	17	148	38	0.438113345798431	5593.94537676867
DRR053769	G	2609811	Thermothielavioides	5	109	40	0.128856866411303	1645.27805199079
DRR053769	S	2587410	Thermothielavioides terrestris	5	109	40	0.128856866411303	1645.27805199079
DRR053769	G	1920207	Thermothelomyces	1	130	33	0.0257713732822607	329.055610398157
DRR053769	S	78579	Thermothelomyces thermophilus	1	130	33	0.0257713732822607	329.055610398157
DRR053769	G	5140	Neurospora	1	106	41	0.0257713732822607	329.055610398157
DRR053769	S	5141	Neurospora crassa	1	106	41	0.0257713732822607	329.055610398157
DRR053769	G	48558	Pyricularia	1	219	62	0.0257713732822607	329.055610398157
DRR053769	S	318829	Pyricularia oryzae	1	24	16	0.0257713732822607	329.055610398157
DRR053769	G	29002	Cercospora	10	255	27	0.257713732822607	3290.55610398157
DRR053769	S	122368	Cercospora beticola	10	255	27	0.257713732822607	3290.55610398157
DRR053769	G	5052	Aspergillus	3	202	45	0.077314119846782	987.166831194472
DRR053769	G	4919	Pichia	13	36	14	0.335027852669389	4277.72293517604
DRR053769	S	4909	Pichia kudriavzevii	13	36	14	0.335027852669389	4277.72293517604
DRR053769	G	13366	Brettanomyces	7	126	29	0.180399612975825	2303.3892727871
DRR053769	S	13502	Brettanomyces nanus	4	73	16	0.103085493129043	1316.22244159263
DRR053769	S	5007	Brettanomyces bruxellensis	3	51	12	0.077314119846782	987.166831194472
DRR053769	G	461281	Ogataea	2	27	10	0.0515427465645213	658.111220796315
DRR053769	S	1005962	Ogataea parapolymorpha	2	27	10	0.0515427465645213	658.111220796315
DRR053769	G	4930	Saccharomyces	4	62	25	0.103085493129043	1316.22244159263
DRR053769	S	1080349	Saccharomyces eubayanus	4	30	8	0.103085493129043	1316.22244159263
DRR053769	G	4948	Torulaspora	3	40	15	0.077314119846782	987.166831194472
DRR053769	S	4950	Torulaspora delbrueckii	2	30	7	0.0515427465645213	658.111220796315
DRR053769	S	48254	Torulaspora globosa	1	10	8	0.0257713732822607	329.055610398157
DRR053769	G	71245	Kazachstania	3	22	10	0.077314119846782	987.166831194472
DRR053769	S	588726	Kazachstania naganishii	3	20	8	0.077314119846782	987.166831194472
DRR053769	G	33170	Eremothecium	2	460	33	0.0515427465645213	658.111220796315
DRR053769	S	33169	Eremothecium gossypii	1	41	16	0.0257713732822607	329.055610398157
DRR053769	S	45286	Eremothecium sinecaudum	1	29	8	0.0257713732822607	329.055610398157
DRR053769	G	278028	Naumovozyma	2	394	23	0.0515427465645213	658.111220796315
DRR053769	S	27288	Naumovozyma castellii	2	14	11	0.0515427465645213	658.111220796315
DRR053769	G	374468	Nakaseomyces	2	42	7	0.0515427465645213	658.111220796315
DRR053769	S	5478	[Candida] glabrata	2	42	7	0.0515427465645213	658.111220796315
DRR053769	G	113604	Tetrapisispora	1	9	7	0.0257713732822607	329.055610398157
DRR053769	S	1071379	Tetrapisispora blattae	1	6	4	0.0257713732822607	329.055610398157
DRR053769	G	300275	Lachancea	1	32	16	0.0257713732822607	329.055610398157
DRR053769	S	381046	Lachancea thermotolerans	1	32	16	0.0257713732822607	329.055610398157
DRR053769	G	766733	Scheffersomyces	3	39	14	0.077314119846782	987.166831194472
DRR053769	S	4924	Scheffersomyces stipitis	3	39	14	0.077314119846782	987.166831194472
DRR053769	G	5475	Candida	3	122	42	0.077314119846782	987.166831194472
DRR053769	S	42374	Candida dubliniensis	2	33	12	0.0515427465645213	658.111220796315
DRR053769	S	5476	Candida albicans	1	76	20	0.0257713732822607	329.055610398157
DRR053769	G	410829	Sugiyamaella	3	32	20	0.077314119846782	987.166831194472
DRR053769	S	796027	Sugiyamaella lignohabitans	3	32	20	0.077314119846782	987.166831194472
DRR053769	G	460517	Komagataella	1	29	6	0.0257713732822607	329.055610398157
DRR053769	S	460519	Komagataella phaffii	1	29	6	0.0257713732822607	329.055610398157
DRR053769	G	4895	Schizosaccharomyces	1	28	19	0.0257713732822607	329.055610398157
DRR053769	S	4896	Schizosaccharomyces pombe	1	28	19	0.0257713732822607	329.055610398157
DRR053769	G	5269	Ustilago	24	242	23	0.618512958774256	7897.33464955577
DRR053769	S	5270	Ustilago maydis	24	242	23	0.618512958774256	7897.33464955577
DRR053769	G	63265	Sporisorium	5	156	49	0.128856866411303	1645.27805199079
DRR053769	S	280036	Sporisorium graminicola	5	156	49	0.128856866411303	1645.27805199079
DRR053769	G	55193	Malassezia	4	28	23	0.103085493129043	1316.22244159263
DRR053769	S	76775	Malassezia restricta	4	28	23	0.103085493129043	1316.22244159263
DRR053769	G	5206	Cryptococcus	3	540	48	0.077314119846782	987.166831194472
DRR053769	S	5207	Cryptococcus neoformans	2	65	29	0.0515427465645213	658.111220796315
DRR053769	S	37769	Cryptococcus gattii VGI	1	460	9	0.0257713732822607	329.055610398157
DRR053769	G	6033	Encephalitozoon	9	88	20	0.231942359540346	2961.50049358342
DRR053769	S	58839	Encephalitozoon intestinalis	6	33	3	0.154628239693564	1974.33366238894
DRR053769	G	1386	Bacillus	1069	4376	81	27.5495980387366	351760.44751563
DRR053769	S	1396	Bacillus cereus	1065	4267	28	27.4465125456076	350444.225074038
DRR053769	S	1428	Bacillus thuringiensis	1	15	7	0.0257713732822607	329.055610398157
DRR053769	S	1423	Bacillus subtilis	1	3	3	0.0257713732822607	329.055610398157
DRR053769	G	84406	Virgibacillus	88	277	5	2.26788084883894	28956.8937150378
DRR053769	S	2700081	Virgibacillus sp. MSP4-1	88	269	2	2.26788084883894	28956.8937150378
DRR053769	G	2800373	Priestia	7	74	10	0.180399612975825	2303.3892727871
DRR053769	S	1404	Priestia megaterium	7	71	7	0.180399612975825	2303.3892727871
DRR053769	G	129337	Geobacillus	1	5	5	0.0257713732822607	329.055610398157
DRR053769	S	33940	Geobacillus thermodenitrificans	1	2	2	0.0257713732822607	329.055610398157
DRR053769	G	1279	Staphylococcus	147	1263	217	3.78839187249232	48371.1747285291
DRR053769	S	1280	Staphylococcus aureus	146	1242	200	3.76262049921006	48042.119118131
DRR053769	S	1282	Staphylococcus epidermidis	1	3	3	0.0257713732822607	329.055610398157
DRR053769	G	1372	Planococcus	1	12	9	0.0257713732822607	329.055610398157
DRR053769	G	44249	Paenibacillus	1	90	61	0.0257713732822607	329.055610398157
DRR053769	G	2742598	Limosilactobacillus	2	5	5	0.0515427465645213	658.111220796315
DRR053769	S	35787	Limosilactobacillus pontis	1	1	1	0.0257713732822607	329.055610398157
DRR053769	S	97478	Limosilactobacillus mucosae	1	2	2	0.0257713732822607	329.055610398157
DRR053769	G	1578	Lactobacillus	1	37	17	0.0257713732822607	329.055610398157
DRR053769	G	1243	Leuconostoc	1	8	5	0.0257713732822607	329.055610398157
DRR053769	S	1245	Leuconostoc mesenteroides	1	1	1	0.0257713732822607	329.055610398157
DRR053769	G	1301	Streptococcus	1	36	24	0.0257713732822607	329.055610398157
DRR053769	S	1304	Streptococcus salivarius	1	2	2	0.0257713732822607	329.055610398157
DRR053769	G	1485	Clostridium	3	71	47	0.077314119846782	987.166831194472
DRR053769	S	1513	Clostridium tetani	2	6	4	0.0515427465645213	658.111220796315
DRR053769	S	1491	Clostridium botulinum	1	13	8	0.0257713732822607	329.055610398157
DRR053769	G	1870884	Clostridioides	1	3	3	0.0257713732822607	329.055610398157
DRR053769	S	1496	Clostridioides difficile	1	3	3	0.0257713732822607	329.055610398157
DRR053769	G	73918	Thermaerobacter	1	6	6	0.0257713732822607	329.055610398157
DRR053769	S	73919	Thermaerobacter marianensis	1	2	2	0.0257713732822607	329.055610398157
DRR053769	G	1883	Streptomyces	15	1207	600	0.38657059923391	4935.83415597236
DRR053769	S	1916	Streptomyces lividans	6	127	8	0.154628239693564	1974.33366238894
DRR053769	S	2721173	Streptomyces sp. DSM 40868	2	11	2	0.0515427465645213	658.111220796315
DRR053769	S	2136173	Streptomyces sp. So13.3	1	16	4	0.0257713732822607	329.055610398157
DRR053769	S	2203210	Streptomyces sp. WAC 06738	1	17	5	0.0257713732822607	329.055610398157
DRR053769	S	1837283	Streptomyces sp. S8	1	1	1	0.0257713732822607	329.055610398157
DRR053769	S	348043	Streptomyces davaonensis	1	2	2	0.0257713732822607	329.055610398157
DRR053769	S	83291	Streptomyces armeniacus	1	15	5	0.0257713732822607	329.055610398157
DRR053769	S	83656	Streptomyces tsukubensis	1	4	4	0.0257713732822607	329.055610398157
DRR053769	S	285450	Streptomyces roseochromogenus	1	10	5	0.0257713732822607	329.055610398157
DRR053769	G	1663	Arthrobacter	2	59	38	0.0515427465645213	658.111220796315
DRR053769	S	37928	Arthrobacter crystallopoietes	1	9	6	0.0257713732822607	329.055610398157
DRR053769	G	1696	Brevibacterium	1	13	13	0.0257713732822607	329.055610398157
DRR053769	S	1703	Brevibacterium linens	1	3	3	0.0257713732822607	329.055610398157
DRR053769	G	33882	Microbacterium	1	76	48	0.0257713732822607	329.055610398157
DRR053769	S	936337	Microbacterium amylolyticum	1	2	2	0.0257713732822607	329.055610398157
DRR053769	G	1912216	Cutibacterium	2	13	13	0.0515427465645213	658.111220796315
DRR053769	S	1747	Cutibacterium acnes	2	12	12	0.0515427465645213	658.111220796315
DRR053769	G	1912215	Acidipropionibacterium	1	3	3	0.0257713732822607	329.055610398157
DRR053769	G	1839	Nocardioides	2	75	45	0.0515427465645213	658.111220796315
DRR053769	S	2483798	Nocardioides sp. 603	1	11	6	0.0257713732822607	329.055610398157
DRR053769	G	1716	Corynebacterium	2	85	46	0.0515427465645213	658.111220796315
DRR053769	S	1231000	Corynebacterium lactis	1	2	1	0.0257713732822607	329.055610398157
DRR053769	S	160386	Corynebacterium casei	1	19	4	0.0257713732822607	329.055610398157
DRR053769	G	2053	Gordonia	1	9	7	0.0257713732822607	329.055610398157
DRR053769	S	2055	Gordonia terrae	1	3	2	0.0257713732822607	329.055610398157
DRR053769	G	286801	Segniliparus	1	1	1	0.0257713732822607	329.055610398157
DRR053769	S	286802	Segniliparus rotundus	1	1	1	0.0257713732822607	329.055610398157
DRR053769	G	1654	Actinomyces	1	31	27	0.0257713732822607	329.055610398157
DRR053769	S	2321394	Actinomyces lilanjuaniae	1	2	2	0.0257713732822607	329.055610398157
DRR053769	G	2529408	Schaalia	1	13	6	0.0257713732822607	329.055610398157
DRR053769	G	38501	Blastococcus	1	9	4	0.0257713732822607	329.055610398157
DRR053769	S	138336	Blastococcus saxobsidens	1	9	4	0.0257713732822607	329.055610398157
DRR053769	G	682522	Ilumatobacter	1	8	8	0.0257713732822607	329.055610398157
DRR053769	S	467094	Ilumatobacter coccineus	1	8	8	0.0257713732822607	329.055610398157
DRR053769	G	241421	Crinalium	4	14	14	0.103085493129043	1316.22244159263
DRR053769	S	241425	Crinalium epipsammum	4	14	14	0.103085493129043	1316.22244159263
DRR053769	G	1492710	Oxynema	1	2	2	0.0257713732822607	329.055610398157
DRR053769	S	2874213	Oxynema aestuarii	1	2	2	0.0257713732822607	329.055610398157
DRR053769	G	1163	Anabaena	1	11	4	0.0257713732822607	329.055610398157
DRR053769	S	2490939	Anabaena sp. YBS01	1	2	2	0.0257713732822607	329.055610398157
DRR053769	G	745	Pasteurella	68	304	65	1.75245338319372	22375.7815070747
DRR053769	S	747	Pasteurella multocida	68	304	65	1.75245338319372	22375.7815070747
DRR053769	G	2745	Halomonas	16	129	45	0.41234197251617	5264.88976637052
DRR053769	S	2306583	Halomonas sp. JS92-SW72	16	71	18	0.41234197251617	5264.88976637052
DRR053769	G	662	Vibrio	13	99	49	0.335027852669389	4277.72293517604
DRR053769	S	55601	Vibrio anguillarum	12	26	10	0.309256479387128	3948.66732477789
DRR053769	S	28172	Vibrio metschnikovii	1	2	2	0.0257713732822607	329.055610398157
DRR053769	G	2709666	Pseudolysobacter	7	92	1	0.180399612975825	2303.3892727871
DRR053769	S	2511995	Pseudolysobacter antarcticus	7	92	1	0.180399612975825	2303.3892727871
DRR053769	G	68	Lysobacter	1	33	16	0.0257713732822607	329.055610398157
DRR053769	S	69	Lysobacter enzymogenes	1	6	6	0.0257713732822607	329.055610398157
DRR053769	G	40323	Stenotrophomonas	1	37	32	0.0257713732822607	329.055610398157
DRR053769	G	83618	Pseudoxanthomonas	1	4	3	0.0257713732822607	329.055610398157
DRR053769	S	128785	Pseudoxanthomonas mexicana	1	1	1	0.0257713732822607	329.055610398157
DRR053769	G	286	Pseudomonas	10	493	292	0.257713732822607	3290.55610398157
DRR053769	S	515393	Pseudomonas yamanorum	2	26	20	0.0515427465645213	658.111220796315
DRR053769	S	1245526	Pseudomonas guangdongensis	1	8	4	0.0257713732822607	329.055610398157
DRR053769	S	43263	Pseudomonas alcaligenes	1	1	1	0.0257713732822607	329.055610398157
DRR053769	G	469	Acinetobacter	7	111	51	0.180399612975825	2303.3892727871
DRR053769	S	470	Acinetobacter baumannii	1	7	7	0.0257713732822607	329.055610398157
DRR053769	S	471	Acinetobacter calcoaceticus	1	4	1	0.0257713732822607	329.055610398157
DRR053769	G	1082702	Lonsdalea	1	12	3	0.0257713732822607	329.055610398157
DRR053769	S	1082704	Lonsdalea britannica	1	11	2	0.0257713732822607	329.055610398157
DRR053769	G	629	Yersinia	1	6	6	0.0257713732822607	329.055610398157
DRR053769	G	2678529	Kineobactrum	1	5	1	0.0257713732822607	329.055610398157
DRR053769	S	2708301	Kineobactrum salinum	1	5	1	0.0257713732822607	329.055610398157
DRR053769	S	1248727	endosymbiont of unidentified scaly snail isolate Monju	1	2	1	0.0257713732822607	329.055610398157
DRR053769	G	379	Rhizobium	5	135	71	0.128856866411303	1645.27805199079
DRR053769	S	2267833	Rhizobium oryzihabitans	5	30	30	0.128856866411303	1645.27805199079
DRR053769	G	28105	Sinorhizobium	1	10	8	0.0257713732822607	329.055610398157
DRR053769	S	382	Sinorhizobium meliloti	1	4	4	0.0257713732822607	329.055610398157
DRR053769	G	374	Bradyrhizobium	3	87	65	0.077314119846782	987.166831194472
DRR053769	S	2057741	Bradyrhizobium sp. SK17	1	4	4	0.0257713732822607	329.055610398157
DRR053769	S	288000	Bradyrhizobium sp. BTAi1	1	2	2	0.0257713732822607	329.055610398157
DRR053769	G	68287	Mesorhizobium	2	38	28	0.0515427465645213	658.111220796315
DRR053769	S	2725666	Mesorhizobium terrae	1	2	2	0.0257713732822607	329.055610398157
DRR053769	G	773	Bartonella	1	10	7	0.0257713732822607	329.055610398157
DRR053769	S	1318743	Bartonella ancashensis	1	1	1	0.0257713732822607	329.055610398157
DRR053769	G	265	Paracoccus	13	57	23	0.335027852669389	4277.72293517604
DRR053769	S	1499308	Paracoccus mutanolyticus	13	41	9	0.335027852669389	4277.72293517604
DRR053769	G	1653176	Cereibacter	1	11	11	0.0257713732822607	329.055610398157
DRR053769	S	1063	Cereibacter sphaeroides	1	11	11	0.0257713732822607	329.055610398157
DRR053769	G	299261	Tateyamaria	7	14	2	0.180399612975825	2303.3892727871
DRR053769	S	299262	Tateyamaria omphalii	7	14	2	0.180399612975825	2303.3892727871
DRR053769	G	165695	Sphingobium	11	57	56	0.283485106104867	3619.61171437973
DRR053769	S	2082188	Sphingobium sp. YG1	7	27	27	0.180399612975825	2303.3892727871
DRR053769	S	13690	Sphingobium yanoikuyae	1	2	2	0.0257713732822607	329.055610398157
DRR053769	S	1332080	Sphingobium baderi	1	1	1	0.0257713732822607	329.055610398157
DRR053769	G	13687	Sphingomonas	1	41	33	0.0257713732822607	329.055610398157
DRR053769	G	335405	Sphingosinicella	1	1	1	0.0257713732822607	329.055610398157
DRR053769	S	2771430	Sphingosinicella flava	1	1	1	0.0257713732822607	329.055610398157
DRR053769	G	1543704	Niveispirillum	4	5	2	0.103085493129043	1316.22244159263
DRR053769	S	1612173	Niveispirillum cyanobacteriorum	4	5	2	0.103085493129043	1316.22244159263
DRR053769	G	2603324	Acidibrevibacterium	1	1	1	0.0257713732822607	329.055610398157
DRR053769	S	1969806	Acidibrevibacterium fodinaquatile	1	1	1	0.0257713732822607	329.055610398157
DRR053769	G	434	Acetobacter	1	46	6	0.0257713732822607	329.055610398157
DRR053769	S	1076596	Acetobacter persici	1	43	3	0.0257713732822607	329.055610398157
DRR053769	G	74317	Maricaulis	1	4	1	0.0257713732822607	329.055610398157
DRR053769	S	74318	Maricaulis maris	1	4	1	0.0257713732822607	329.055610398157
DRR053769	G	47420	Hydrogenophaga	5	32	15	0.128856866411303	1645.27805199079
DRR053769	S	2184519	Hydrogenophaga sp. NH-16	5	17	4	0.128856866411303	1645.27805199079
DRR053769	G	283	Comamonas	1	79	21	0.0257713732822607	329.055610398157
DRR053769	S	379895	Comamonas odontotermitis	1	1	1	0.0257713732822607	329.055610398157
DRR053769	G	29580	Janthinobacterium	3	35	10	0.077314119846782	987.166831194472
DRR053769	S	1938606	Janthinobacterium sp. LM6	3	26	3	0.077314119846782	987.166831194472
DRR053769	G	149698	Massilia	1	54	32	0.0257713732822607	329.055610398157
DRR053769	G	47670	Lautropia	1	3	3	0.0257713732822607	329.055610398157
DRR053769	S	47671	Lautropia mirabilis	1	3	3	0.0257713732822607	329.055610398157
DRR053769	G	48736	Ralstonia	1	30	20	0.0257713732822607	329.055610398157
DRR053769	G	106589	Cupriavidus	1	36	24	0.0257713732822607	329.055610398157
DRR053769	G	538	Eikenella	1	1	1	0.0257713732822607	329.055610398157
DRR053769	S	2528037	Eikenella exigua	1	1	1	0.0257713732822607	329.055610398157
DRR053769	G	32	Myxococcus	1	17	12	0.0257713732822607	329.055610398157
DRR053769	S	83455	Myxococcus stipitatus	1	3	2	0.0257713732822607	329.055610398157
DRR053769	G	2299	Desulfosarcina	1	10	7	0.0257713732822607	329.055610398157
DRR053769	S	83564	Desulfosarcina ovata	1	5	4	0.0257713732822607	329.055610398157
DRR053769	G	194	Campylobacter	1	32	23	0.0257713732822607	329.055610398157
DRR053769	S	76517	Campylobacter hominis	1	3	2	0.0257713732822607	329.055610398157
DRR053769	G	119977	Acidithiobacillus	2	8	5	0.0515427465645213	658.111220796315
DRR053769	S	33059	Acidithiobacillus caldus	1	1	1	0.0257713732822607	329.055610398157
DRR053769	S	160808	Acidithiobacillus ferrivorans	1	1	1	0.0257713732822607	329.055610398157
DRR053769	G	2836216	Phnomibacter	6	37	2	0.154628239693564	1974.33366238894
DRR053769	S	2676868	Phnomibacter ginsenosidimutans	6	37	2	0.154628239693564	1974.33366238894
DRR053769	G	237	Flavobacterium	3	34	25	0.077314119846782	987.166831194472
DRR053769	S	2739062	Flavobacterium sp. M31R6	1	1	1	0.0257713732822607	329.055610398157
DRR053769	S	2175091	Flavobacterium album	1	2	2	0.0257713732822607	329.055610398157
DRR053769	S	1678728	Flavobacterium kingsejongi	1	2	2	0.0257713732822607	329.055610398157
DRR053769	G	2058174	Antarcticibacterium	1	21	1	0.0257713732822607	329.055610398157
DRR053769	S	2058175	Antarcticibacterium flavum	1	21	1	0.0257713732822607	329.055610398157
DRR053769	G	89966	Hymenobacter	3	92	31	0.077314119846782	987.166831194472
DRR053769	G	256319	Chlorobaculum	1	61	3	0.0257713732822607	329.055610398157
DRR053769	S	274539	Chlorobaculum parvum	1	60	2	0.0257713732822607	329.055610398157
DRR053769	G	113	Gemmata	1	17	9	0.0257713732822607	329.055610398157
DRR053769	S	1210884	Gemmata massiliana	1	2	2	0.0257713732822607	329.055610398157
DRR053769	G	848	Fusobacterium	1	21	14	0.0257713732822607	329.055610398157
DRR053769	G	212790	Sulfurihydrogenibium	1	10	3	0.0257713732822607	329.055610398157
DRR053769	S	309806	Sulfurihydrogenibium azorense	1	9	2	0.0257713732822607	329.055610398157
DRR053769	G	2560142	Gorganvirus	761	2574	11	19.6120150678004	250411.319512998
DRR053769	S	2560650	Gorganvirus isfahan	761	2574	11	19.6120150678004	250411.319512998
DRR053769	G	1623283	Chivirus	10	26	3	0.257713732822607	3290.55610398157
DRR053769	S	1005056	Chivirus iEPS5	10	26	3	0.257713732822607	3290.55610398157
DRR053769	G	11572	Orthobunyavirus	8	16	3	0.206170986258085	2632.44488318526
DRR053769	S	159150	Shamonda orthobunyavirus	8	15	2	0.206170986258085	2632.44488318526
DRR053769	G	11095	Pestivirus	6	32	9	0.154628239693564	1974.33366238894
DRR053769	G	153135	Gammaretrovirus	1	315	10	0.0257713732822607	329.055610398157
DRR053769	S	11970	Woolly monkey sarcoma virus	1	1	1	0.0257713732822607	329.055610398157
DRR053786	G	4919	Pichia	8	17	8	0.312764371415354	4369.19716002185
DRR053786	S	4909	Pichia kudriavzevii	8	17	8	0.312764371415354	4369.19716002185
DRR053786	G	13366	Brettanomyces	7	75	23	0.273668824988435	3823.04751501912
DRR053786	S	5007	Brettanomyces bruxellensis	4	33	9	0.156382185707677	2184.59858001092
DRR053786	S	13502	Brettanomyces nanus	3	41	13	0.117286639280758	1638.44893500819
DRR053786	G	461281	Ogataea	2	27	9	0.0781910928538384	1092.29929000546
DRR053786	S	1005962	Ogataea parapolymorpha	2	27	9	0.0781910928538384	1092.29929000546
DRR053786	G	4930	Saccharomyces	3	40	14	0.117286639280758	1638.44893500819
DRR053786	S	1080349	Saccharomyces eubayanus	2	17	6	0.0781910928538384	1092.29929000546
DRR053786	S	4932	Saccharomyces cerevisiae	1	15	6	0.0390955464269192	546.149645002731
DRR053786	G	374468	Nakaseomyces	2	22	6	0.0781910928538384	1092.29929000546
DRR053786	S	5478	[Candida] glabrata	2	22	6	0.0781910928538384	1092.29929000546
DRR053786	G	4948	Torulaspora	1	21	10	0.0390955464269192	546.149645002731
DRR053786	S	4950	Torulaspora delbrueckii	1	16	5	0.0390955464269192	546.149645002731
DRR053786	G	4953	Zygosaccharomyces	1	11	6	0.0390955464269192	546.149645002731
DRR053786	S	4956	Zygosaccharomyces rouxii	1	11	6	0.0390955464269192	546.149645002731
DRR053786	G	33170	Eremothecium	1	250	21	0.0390955464269192	546.149645002731
DRR053786	S	45286	Eremothecium sinecaudum	1	16	4	0.0390955464269192	546.149645002731
DRR053786	G	5475	Candida	4	91	34	0.156382185707677	2184.59858001092
DRR053786	S	5476	Candida albicans	3	64	14	0.117286639280758	1638.44893500819
DRR053786	S	42374	Candida dubliniensis	1	18	14	0.0390955464269192	546.149645002731
DRR053786	G	766733	Scheffersomyces	1	19	7	0.0390955464269192	546.149645002731
DRR053786	S	4924	Scheffersomyces stipitis	1	19	7	0.0390955464269192	546.149645002731
DRR053786	G	4951	Yarrowia	2	32	16	0.0781910928538384	1092.29929000546
DRR053786	S	4952	Yarrowia lipolytica	2	32	16	0.0781910928538384	1092.29929000546
DRR053786	G	410829	Sugiyamaella	1	23	17	0.0390955464269192	546.149645002731
DRR053786	S	796027	Sugiyamaella lignohabitans	1	23	17	0.0390955464269192	546.149645002731
DRR053786	G	5455	Colletotrichum	12	85	35	0.469146557123031	6553.79574003277
DRR053786	S	80884	Colletotrichum higginsianum	12	85	35	0.469146557123031	6553.79574003277
DRR053786	G	5506	Fusarium	8	275	90	0.312764371415354	4369.19716002185
DRR053786	S	5127	Fusarium fujikuroi	6	80	16	0.234573278561515	3276.89787001638
DRR053786	G	2609811	Thermothielavioides	2	70	25	0.0781910928538384	1092.29929000546
DRR053786	S	2587410	Thermothielavioides terrestris	2	70	25	0.0781910928538384	1092.29929000546
DRR053786	G	5140	Neurospora	1	47	25	0.0390955464269192	546.149645002731
DRR053786	S	5141	Neurospora crassa	1	47	25	0.0390955464269192	546.149645002731
DRR053786	G	33196	Botrytis	2	44	23	0.0781910928538384	1092.29929000546
DRR053786	S	40559	Botrytis cinerea	2	44	23	0.0781910928538384	1092.29929000546
DRR053786	G	29002	Cercospora	13	167	16	0.50824210354995	7099.9453850355
DRR053786	S	122368	Cercospora beticola	13	167	16	0.50824210354995	7099.9453850355
DRR053786	G	5094	Talaromyces	2	126	16	0.0781910928538384	1092.29929000546
DRR053786	S	121627	Talaromyces rugulosus	2	126	16	0.0781910928538384	1092.29929000546
DRR053786	G	5052	Aspergillus	1	130	33	0.0390955464269192	546.149645002731
DRR053786	G	4895	Schizosaccharomyces	2	13	11	0.0781910928538384	1092.29929000546
DRR053786	S	4896	Schizosaccharomyces pombe	2	13	11	0.0781910928538384	1092.29929000546
DRR053786	G	5269	Ustilago	11	127	16	0.430051010696111	6007.64609503004
DRR053786	S	5270	Ustilago maydis	11	127	16	0.430051010696111	6007.64609503004
DRR053786	G	63265	Sporisorium	7	96	32	0.273668824988435	3823.04751501912
DRR053786	S	280036	Sporisorium graminicola	7	96	32	0.273668824988435	3823.04751501912
DRR053786	G	55193	Malassezia	1	8	8	0.0390955464269192	546.149645002731
DRR053786	S	76775	Malassezia restricta	1	8	8	0.0390955464269192	546.149645002731
DRR053786	G	5206	Cryptococcus	1	363	32	0.0390955464269192	546.149645002731
DRR053786	S	5207	Cryptococcus neoformans	1	38	20	0.0390955464269192	546.149645002731
DRR053786	G	6033	Encephalitozoon	4	53	10	0.156382185707677	2184.59858001092
DRR053786	S	58839	Encephalitozoon intestinalis	2	16	2	0.0781910928538384	1092.29929000546
DRR053786	G	1386	Bacillus	667	2797	84	26.0767294667551	364281.813216821
DRR053786	S	1396	Bacillus cereus	663	2707	32	25.9203472810474	362097.21463681
DRR053786	S	1428	Bacillus thuringiensis	4	15	9	0.156382185707677	2184.59858001092
DRR053786	G	84406	Virgibacillus	48	158	5	1.87658622849212	26215.1829601311
DRR053786	S	2700081	Virgibacillus sp. MSP4-1	48	149	2	1.87658622849212	26215.1829601311
DRR053786	G	351195	Salimicrobium	3	11	3	0.117286639280758	1638.44893500819
DRR053786	S	1230341	Salimicrobium jeotgali	3	11	3	0.117286639280758	1638.44893500819
DRR053786	G	129337	Geobacillus	1	7	6	0.0390955464269192	546.149645002731
DRR053786	S	33941	Geobacillus thermoleovorans	1	4	3	0.0390955464269192	546.149645002731
DRR053786	G	1279	Staphylococcus	66	777	136	2.58030606417667	36045.8765701802
DRR053786	S	1280	Staphylococcus aureus	66	753	114	2.58030606417667	36045.8765701802
DRR053786	G	1301	Streptococcus	1	31	24	0.0390955464269192	546.149645002731
DRR053786	S	1307	Streptococcus suis	1	5	3	0.0390955464269192	546.149645002731
DRR053786	G	79206	Desulfosporosinus	1	3	3	0.0390955464269192	546.149645002731
DRR053786	S	1563	Desulfosporosinus orientis	1	3	3	0.0390955464269192	546.149645002731
DRR053786	G	118747	Bulleidia	1	1	1	0.0390955464269192	546.149645002731
DRR053786	S	2806552	Bulleidia sp. zg-1006	1	1	1	0.0390955464269192	546.149645002731
DRR053786	G	1883	Streptomyces	8	745	385	0.312764371415354	4369.19716002185
DRR053786	S	1916	Streptomyces lividans	5	106	8	0.195477732134596	2730.74822501365
DRR053786	S	379067	Streptomyces bingchenggensis	1	5	5	0.0390955464269192	546.149645002731
DRR053786	S	68209	Streptomyces globosus	1	4	4	0.0390955464269192	546.149645002731
DRR053786	G	1696	Brevibacterium	3	16	16	0.117286639280758	1638.44893500819
DRR053786	S	33889	Brevibacterium casei	1	6	6	0.0390955464269192	546.149645002731
DRR053786	G	1269	Micrococcus	1	4	4	0.0390955464269192	546.149645002731
DRR053786	G	908935	Yimella	1	8	1	0.0390955464269192	546.149645002731
DRR053786	S	2770551	Yimella sp. cx-51	1	8	1	0.0390955464269192	546.149645002731
DRR053786	G	1912216	Cutibacterium	3	17	17	0.117286639280758	1638.44893500819
DRR053786	S	1747	Cutibacterium acnes	3	16	16	0.117286639280758	1638.44893500819
DRR053786	G	65551	Meiothermus	2	20	17	0.0781910928538384	1092.29929000546
DRR053786	S	52022	Meiothermus silvanus	2	15	15	0.0781910928538384	1092.29929000546
DRR053786	G	270	Thermus	1	13	11	0.0390955464269192	546.149645002731
DRR053786	S	274	Thermus thermophilus	1	3	3	0.0390955464269192	546.149645002731
DRR053786	G	745	Pasteurella	43	213	47	1.68110849635753	23484.4347351174
DRR053786	S	747	Pasteurella multocida	43	213	47	1.68110849635753	23484.4347351174
DRR053786	G	338	Xanthomonas	6	66	54	0.234573278561515	3276.89787001638
DRR053786	S	339	Xanthomonas campestris	6	36	35	0.234573278561515	3276.89787001638
DRR053786	G	2709666	Pseudolysobacter	5	56	1	0.195477732134596	2730.74822501365
DRR053786	S	2511995	Pseudolysobacter antarcticus	5	56	1	0.195477732134596	2730.74822501365
DRR053786	G	68	Lysobacter	4	20	12	0.156382185707677	2184.59858001092
DRR053786	S	69	Lysobacter enzymogenes	4	10	5	0.156382185707677	2184.59858001092
DRR053786	G	286	Pseudomonas	14	335	211	0.547337649976869	7646.09503003823
DRR053786	S	2126069	Pseudomonas sp. LBUM920	1	2	2	0.0390955464269192	546.149645002731
DRR053786	S	515393	Pseudomonas yamanorum	1	15	14	0.0390955464269192	546.149645002731
DRR053786	S	29442	Pseudomonas tolaasii	1	2	1	0.0390955464269192	546.149645002731
DRR053786	G	662	Vibrio	7	71	31	0.273668824988435	3823.04751501912
DRR053786	S	55601	Vibrio anguillarum	7	9	5	0.273668824988435	3823.04751501912
DRR053786	G	53335	Pantoea	1	9	9	0.0390955464269192	546.149645002731
DRR053786	S	2490851	Pantoea sp. CCBC3-3-1	1	3	3	0.0390955464269192	546.149645002731
DRR053786	G	2745	Halomonas	4	78	28	0.156382185707677	2184.59858001092
DRR053786	S	2306583	Halomonas sp. JS92-SW72	4	39	10	0.156382185707677	2184.59858001092
DRR053786	G	469	Acinetobacter	2	78	35	0.0781910928538384	1092.29929000546
DRR053786	S	471	Acinetobacter calcoaceticus	1	2	1	0.0390955464269192	546.149645002731
DRR053786	G	265	Paracoccus	10	39	18	0.390955464269192	5461.49645002731
DRR053786	S	1499308	Paracoccus mutanolyticus	10	28	9	0.390955464269192	5461.49645002731
DRR053786	G	299261	Tateyamaria	1	2	1	0.0390955464269192	546.149645002731
DRR053786	S	299262	Tateyamaria omphalii	1	2	1	0.0390955464269192	546.149645002731
DRR053786	G	165695	Sphingobium	4	37	37	0.156382185707677	2184.59858001092
DRR053786	S	2082188	Sphingobium sp. YG1	2	16	16	0.0781910928538384	1092.29929000546
DRR053786	G	13687	Sphingomonas	3	35	29	0.117286639280758	1638.44893500819
DRR053786	S	2565555	Sphingomonas sp. PAMC26645	1	4	3	0.0390955464269192	546.149645002731
DRR053786	G	379	Rhizobium	2	104	51	0.0781910928538384	1092.29929000546
DRR053786	S	2267833	Rhizobium oryzihabitans	2	20	20	0.0781910928538384	1092.29929000546
DRR053786	G	68287	Mesorhizobium	1	31	23	0.0390955464269192	546.149645002731
DRR053786	G	1654741	Bombella	1	1	1	0.0390955464269192	546.149645002731
DRR053786	S	2697033	Bombella sp. KACC 21507	1	1	1	0.0390955464269192	546.149645002731
DRR053786	G	1543704	Niveispirillum	1	1	1	0.0390955464269192	546.149645002731
DRR053786	S	1612173	Niveispirillum cyanobacteriorum	1	1	1	0.0390955464269192	546.149645002731
DRR053786	G	74317	Maricaulis	2	3	2	0.0781910928538384	1092.29929000546
DRR053786	S	74318	Maricaulis maris	2	3	2	0.0781910928538384	1092.29929000546
DRR053786	G	1509243	Candidatus Nucleicultrix	1	2	2	0.0390955464269192	546.149645002731
DRR053786	S	1509244	Candidatus Nucleicultrix amoebiphila	1	2	2	0.0390955464269192	546.149645002731
DRR053786	G	48736	Ralstonia	7	28	13	0.273668824988435	3823.04751501912
DRR053786	G	106589	Cupriavidus	5	39	32	0.195477732134596	2730.74822501365
DRR053786	S	82541	Cupriavidus gilardii	1	1	1	0.0390955464269192	546.149645002731
DRR053786	G	1822464	Paraburkholderia	1	28	21	0.0390955464269192	546.149645002731
DRR053786	S	134537	Paraburkholderia fungorum	1	4	3	0.0390955464269192	546.149645002731
DRR053786	G	47420	Hydrogenophaga	3	14	8	0.117286639280758	1638.44893500819
DRR053786	S	2184519	Hydrogenophaga sp. NH-16	3	6	2	0.117286639280758	1638.44893500819
DRR053786	G	54066	Xylophilus	1	2	2	0.0390955464269192	546.149645002731
DRR053786	S	2697032	Xylophilus rhododendri	1	2	2	0.0390955464269192	546.149645002731
DRR053786	G	535	Chromobacterium	1	7	4	0.0390955464269192	546.149645002731
DRR053786	S	536	Chromobacterium violaceum	1	1	1	0.0390955464269192	546.149645002731
DRR053786	G	47	Archangium	1	15	12	0.0390955464269192	546.149645002731
DRR053786	S	83451	Archangium violaceum	1	9	8	0.0390955464269192	546.149645002731
DRR053786	G	39643	Sorangium	1	13	12	0.0390955464269192	546.149645002731
DRR053786	S	56	Sorangium cellulosum	1	13	12	0.0390955464269192	546.149645002731
DRR053786	G	2058174	Antarcticibacterium	6	20	1	0.234573278561515	3276.89787001638
DRR053786	S	2058175	Antarcticibacterium flavum	6	20	1	0.234573278561515	3276.89787001638
DRR053786	G	393005	Tamlana	1	2	2	0.0390955464269192	546.149645002731
DRR053786	S	1630406	Tamlana sp. s12	1	2	2	0.0390955464269192	546.149645002731
DRR053786	G	267986	Owenweeksia	1	1	1	0.0390955464269192	546.149645002731
DRR053786	S	253245	Owenweeksia hongkongensis	1	1	1	0.0390955464269192	546.149645002731
DRR053786	G	501783	Cloacibacterium	1	2	2	0.0390955464269192	546.149645002731
DRR053786	S	237258	Cloacibacterium normanense	1	2	2	0.0390955464269192	546.149645002731
DRR053786	G	2836216	Phnomibacter	4	30	2	0.156382185707677	2184.59858001092
DRR053786	S	2676868	Phnomibacter ginsenosidimutans	4	30	2	0.156382185707677	2184.59858001092
DRR053786	G	398041	Flavisolibacter	1	4	4	0.0390955464269192	546.149645002731
DRR053786	S	661481	Flavisolibacter ginsenosidimutans	1	3	3	0.0390955464269192	546.149645002731
DRR053786	G	89966	Hymenobacter	1	39	17	0.0390955464269192	546.149645002731
DRR053786	G	256319	Chlorobaculum	3	53	2	0.117286639280758	1638.44893500819
DRR053786	S	274539	Chlorobaculum parvum	3	52	1	0.117286639280758	1638.44893500819
DRR053786	G	2795775	Lignipirellula	1	4	2	0.0390955464269192	546.149645002731
DRR053786	S	2528010	Lignipirellula cremea	1	4	2	0.0390955464269192	546.149645002731
DRR053786	G	113	Gemmata	1	7	4	0.0390955464269192	546.149645002731
DRR053786	S	1210884	Gemmata massiliana	1	1	1	0.0390955464269192	546.149645002731
DRR053786	G	2420	Thermosipho	1	4	3	0.0390955464269192	546.149645002731
DRR053786	S	46541	Thermosipho melanesiensis	1	1	1	0.0390955464269192	546.149645002731
DRR053786	G	2560142	Gorganvirus	489	1699	11	19.1177222027635	267067.176406335
DRR053786	S	2560650	Gorganvirus isfahan	489	1699	11	19.1177222027635	267067.176406335
DRR053786	S	749413	Deep-sea thermophilic phage D6E	1	2	2	0.0390955464269192	546.149645002731
DRR053786	G	2732589	Andhravirus	1	4	2	0.0390955464269192	546.149645002731
DRR053786	S	2732591	Andhravirus andhra	1	4	2	0.0390955464269192	546.149645002731
DRR053786	G	1623283	Chivirus	6	21	2	0.234573278561515	3276.89787001638
DRR053786	S	1005056	Chivirus iEPS5	6	21	2	0.234573278561515	3276.89787001638
DRR053786	G	11095	Pestivirus	3	23	9	0.117286639280758	1638.44893500819
DRR053786	G	11572	Orthobunyavirus	2	4	2	0.0781910928538384	1092.29929000546
DRR053786	S	159150	Shamonda orthobunyavirus	2	4	2	0.0781910928538384	1092.29929000546
DRR053798	G	5506	Fusarium	16	351	97	0.537594052919549	6977.75839511557
DRR053798	S	5127	Fusarium fujikuroi	12	122	16	0.403195539689662	5233.31879633668
DRR053798	S	5518	Fusarium graminearum	1	7	3	0.0335996283074718	436.109899694723
DRR053798	S	101028	Fusarium pseudograminearum	1	29	12	0.0335996283074718	436.109899694723
DRR053798	S	5507	Fusarium oxysporum	1	47	14	0.0335996283074718	436.109899694723
DRR053798	G	5455	Colletotrichum	10	99	39	0.335996283074718	4361.09899694723
DRR053798	S	80884	Colletotrichum higginsianum	10	99	39	0.335996283074718	4361.09899694723
DRR053798	G	5140	Neurospora	3	52	22	0.100798884922415	1308.32969908417
DRR053798	S	5141	Neurospora crassa	3	52	22	0.100798884922415	1308.32969908417
DRR053798	G	2609811	Thermothielavioides	2	74	20	0.0671992566149436	872.219799389446
DRR053798	S	2587410	Thermothielavioides terrestris	2	74	20	0.0671992566149436	872.219799389446
DRR053798	G	48558	Pyricularia	1	186	47	0.0335996283074718	436.109899694723
DRR053798	S	148305	Pyricularia grisea	1	93	13	0.0335996283074718	436.109899694723
DRR053798	G	29002	Cercospora	12	219	17	0.403195539689662	5233.31879633668
DRR053798	S	122368	Cercospora beticola	12	219	17	0.403195539689662	5233.31879633668
DRR053798	G	1047167	Zymoseptoria	2	17	16	0.0671992566149436	872.219799389446
DRR053798	S	1047171	Zymoseptoria tritici	2	17	16	0.0671992566149436	872.219799389446
DRR053798	G	5052	Aspergillus	5	128	35	0.167998141537359	2180.54949847362
DRR053798	G	4930	Saccharomyces	4	45	19	0.134398513229887	1744.43959877889
DRR053798	S	1080349	Saccharomyces eubayanus	4	27	8	0.134398513229887	1744.43959877889
DRR053798	G	4948	Torulaspora	4	27	14	0.134398513229887	1744.43959877889
DRR053798	S	4950	Torulaspora delbrueckii	3	14	6	0.100798884922415	1308.32969908417
DRR053798	S	48254	Torulaspora globosa	1	13	8	0.0335996283074718	436.109899694723
DRR053798	G	33170	Eremothecium	1	264	21	0.0335996283074718	436.109899694723
DRR053798	S	33169	Eremothecium gossypii	1	20	9	0.0335996283074718	436.109899694723
DRR053798	G	71245	Kazachstania	1	13	6	0.0335996283074718	436.109899694723
DRR053798	S	588726	Kazachstania naganishii	1	12	5	0.0335996283074718	436.109899694723
DRR053798	G	300275	Lachancea	1	17	7	0.0335996283074718	436.109899694723
DRR053798	S	381046	Lachancea thermotolerans	1	17	7	0.0335996283074718	436.109899694723
DRR053798	G	374468	Nakaseomyces	1	20	6	0.0335996283074718	436.109899694723
DRR053798	S	5478	[Candida] glabrata	1	20	6	0.0335996283074718	436.109899694723
DRR053798	G	4919	Pichia	5	17	8	0.167998141537359	2180.54949847362
DRR053798	S	4909	Pichia kudriavzevii	5	17	8	0.167998141537359	2180.54949847362
DRR053798	G	13366	Brettanomyces	5	64	26	0.167998141537359	2180.54949847362
DRR053798	S	5007	Brettanomyces bruxellensis	3	36	14	0.100798884922415	1308.32969908417
DRR053798	S	13502	Brettanomyces nanus	2	27	11	0.0671992566149436	872.219799389446
DRR053798	G	461281	Ogataea	2	29	10	0.0671992566149436	872.219799389446
DRR053798	S	1005962	Ogataea parapolymorpha	2	29	10	0.0671992566149436	872.219799389446
DRR053798	G	5475	Candida	5	101	35	0.167998141537359	2180.54949847362
DRR053798	S	5476	Candida albicans	4	73	21	0.134398513229887	1744.43959877889
DRR053798	S	42374	Candida dubliniensis	1	17	8	0.0335996283074718	436.109899694723
DRR053798	G	4951	Yarrowia	2	38	15	0.0671992566149436	872.219799389446
DRR053798	S	4952	Yarrowia lipolytica	2	38	15	0.0671992566149436	872.219799389446
DRR053798	G	410829	Sugiyamaella	2	32	20	0.0671992566149436	872.219799389446
DRR053798	S	796027	Sugiyamaella lignohabitans	2	32	20	0.0671992566149436	872.219799389446
DRR053798	G	460517	Komagataella	1	26	6	0.0335996283074718	436.109899694723
DRR053798	S	460519	Komagataella phaffii	1	26	6	0.0335996283074718	436.109899694723
DRR053798	G	4895	Schizosaccharomyces	1	14	12	0.0335996283074718	436.109899694723
DRR053798	S	4896	Schizosaccharomyces pombe	1	14	12	0.0335996283074718	436.109899694723
DRR053798	G	5269	Ustilago	17	166	16	0.571193681227021	7413.86829481029
DRR053798	S	5270	Ustilago maydis	17	166	16	0.571193681227021	7413.86829481029
DRR053798	G	63265	Sporisorium	10	106	42	0.335996283074718	4361.09899694723
DRR053798	S	280036	Sporisorium graminicola	10	106	42	0.335996283074718	4361.09899694723
DRR053798	G	55193	Malassezia	1	11	10	0.0335996283074718	436.109899694723
DRR053798	S	76775	Malassezia restricta	1	11	10	0.0335996283074718	436.109899694723
DRR053798	G	5206	Cryptococcus	3	407	33	0.100798884922415	1308.32969908417
DRR053798	S	5207	Cryptococcus neoformans	2	43	20	0.0671992566149436	872.219799389446
DRR053798	S	37769	Cryptococcus gattii VGI	1	353	7	0.0335996283074718	436.109899694723
DRR053798	G	6033	Encephalitozoon	6	61	10	0.201597769844831	2616.65939816834
DRR053798	S	58839	Encephalitozoon intestinalis	4	23	3	0.134398513229887	1744.43959877889
DRR053798	G	1386	Bacillus	774	3205	58	26.0061123099832	337549.062363716
DRR053798	S	1396	Bacillus cereus	774	3137	27	26.0061123099832	337549.062363716
DRR053798	G	84406	Virgibacillus	69	229	8	2.31837435321555	30091.5830789359
DRR053798	S	2700081	Virgibacillus sp. MSP4-1	69	215	2	2.31837435321555	30091.5830789359
DRR053798	G	2800373	Priestia	3	60	10	0.100798884922415	1308.32969908417
DRR053798	S	1404	Priestia megaterium	3	60	10	0.100798884922415	1308.32969908417
DRR053798	G	1906945	Parageobacillus	1	3	2	0.0335996283074718	436.109899694723
DRR053798	S	153151	Parageobacillus toebii	1	1	1	0.0335996283074718	436.109899694723
DRR053798	G	129337	Geobacillus	1	12	12	0.0335996283074718	436.109899694723
DRR053798	G	1279	Staphylococcus	113	877	137	3.79675799874431	49280.4186655037
DRR053798	S	1280	Staphylococcus aureus	110	852	116	3.6959591138219	47972.0889664195
DRR053798	S	29382	Staphylococcus cohnii	2	6	3	0.0671992566149436	872.219799389446
DRR053798	S	1282	Staphylococcus epidermidis	1	3	3	0.0335996283074718	436.109899694723
DRR053798	G	1301	Streptococcus	2	34	21	0.0671992566149436	872.219799389446
DRR053798	G	2892397	Pusillibacter	1	2	2	0.0335996283074718	436.109899694723
DRR053798	S	2714358	Pusillibacter faecalis	1	2	2	0.0335996283074718	436.109899694723
DRR053798	G	459786	Oscillibacter	1	6	2	0.0335996283074718	436.109899694723
DRR053798	S	2763056	Oscillibacter sp. NSJ-62	1	6	2	0.0335996283074718	436.109899694723
DRR053798	G	1912216	Cutibacterium	11	44	44	0.36959591138219	4797.20889664195
DRR053798	S	1747	Cutibacterium acnes	11	41	41	0.36959591138219	4797.20889664195
DRR053798	G	1839	Nocardioides	2	67	33	0.0671992566149436	872.219799389446
DRR053798	S	2483798	Nocardioides sp. 603	2	15	6	0.0671992566149436	872.219799389446
DRR053798	G	1883	Streptomyces	11	1014	465	0.36959591138219	4797.20889664195
DRR053798	S	1916	Streptomyces lividans	5	98	9	0.167998141537359	2180.54949847362
DRR053798	S	2203210	Streptomyces sp. WAC 06738	1	12	2	0.0335996283074718	436.109899694723
DRR053798	S	2721173	Streptomyces sp. DSM 40868	1	4	1	0.0335996283074718	436.109899694723
DRR053798	S	2653200	Streptomyces phaeolivaceus	1	1	1	0.0335996283074718	436.109899694723
DRR053798	S	379067	Streptomyces bingchenggensis	1	13	8	0.0335996283074718	436.109899694723
DRR053798	S	1906	Streptomyces fradiae	1	1	1	0.0335996283074718	436.109899694723
DRR053798	G	1269	Micrococcus	1	5	5	0.0335996283074718	436.109899694723
DRR053798	S	1270	Micrococcus luteus	1	2	2	0.0335996283074718	436.109899694723
DRR053798	G	1663	Arthrobacter	1	35	18	0.0335996283074718	436.109899694723
DRR053798	S	2575374	Arthrobacter sp. 24S4-2	1	1	1	0.0335996283074718	436.109899694723
DRR053798	G	1696	Brevibacterium	1	22	19	0.0335996283074718	436.109899694723
DRR053798	S	33889	Brevibacterium casei	1	10	10	0.0335996283074718	436.109899694723
DRR053798	G	43668	Brachybacterium	1	13	10	0.0335996283074718	436.109899694723
DRR053798	S	43669	Brachybacterium faecium	1	4	4	0.0335996283074718	436.109899694723
DRR053798	G	110932	Leifsonia	1	6	6	0.0335996283074718	436.109899694723
DRR053798	S	150026	Leifsonia shinshuensis	1	3	3	0.0335996283074718	436.109899694723
DRR053798	G	1716	Corynebacterium	2	73	39	0.0671992566149436	872.219799389446
DRR053798	S	1404244	Corynebacterium glyciniphilum	1	2	2	0.0335996283074718	436.109899694723
DRR053798	S	1725	Corynebacterium xerosis	1	2	2	0.0335996283074718	436.109899694723
DRR053798	G	1866885	Mycolicibacterium	1	125	41	0.0335996283074718	436.109899694723
DRR053798	S	1286180	Mycolicibacterium sediminis	1	4	2	0.0335996283074718	436.109899694723
DRR053798	G	37914	Dietzia	1	6	5	0.0335996283074718	436.109899694723
DRR053798	S	139021	Dietzia psychralcaliphila	1	4	4	0.0335996283074718	436.109899694723
DRR053798	G	2019	Thermomonospora	1	3	3	0.0335996283074718	436.109899694723
DRR053798	S	2020	Thermomonospora curvata	1	3	3	0.0335996283074718	436.109899694723
DRR053798	G	2013	Nocardiopsis	1	4	4	0.0335996283074718	436.109899694723
DRR053798	S	2014	Nocardiopsis dassonvillei	1	2	2	0.0335996283074718	436.109899694723
DRR053798	G	1654	Actinomyces	1	29	24	0.0335996283074718	436.109899694723
DRR053798	S	544580	Actinomyces oris	1	5	2	0.0335996283074718	436.109899694723
DRR053798	G	65551	Meiothermus	6	46	40	0.201597769844831	2616.65939816834
DRR053798	S	52022	Meiothermus silvanus	6	36	35	0.201597769844831	2616.65939816834
DRR053798	G	1298	Deinococcus	1	30	19	0.0335996283074718	436.109899694723
DRR053798	G	286	Pseudomonas	39	532	321	1.3103855039914	17008.2860880942
DRR053798	S	515393	Pseudomonas yamanorum	11	35	34	0.36959591138219	4797.20889664195
DRR053798	S	296	Pseudomonas fragi	1	1	1	0.0335996283074718	436.109899694723
DRR053798	S	253237	Pseudomonas sp. phDV1	1	2	2	0.0335996283074718	436.109899694723
DRR053798	G	2901189	Halopseudomonas	1	3	3	0.0335996283074718	436.109899694723
DRR053798	S	43306	Pseudomonas denitrificans (nom. rej.)	1	3	3	0.0335996283074718	436.109899694723
DRR053798	G	745	Pasteurella	39	164	44	1.3103855039914	17008.2860880942
DRR053798	S	747	Pasteurella multocida	39	164	44	1.3103855039914	17008.2860880942
DRR053798	G	338	Xanthomonas	23	158	131	0.772791451071852	10030.5276929786
DRR053798	S	339	Xanthomonas campestris	16	76	74	0.537594052919549	6977.75839511557
DRR053798	G	2709666	Pseudolysobacter	6	67	1	0.201597769844831	2616.65939816834
DRR053798	S	2511995	Pseudolysobacter antarcticus	6	67	1	0.201597769844831	2616.65939816834
DRR053798	G	68	Lysobacter	2	25	11	0.0671992566149436	872.219799389446
DRR053798	S	69	Lysobacter enzymogenes	2	12	5	0.0671992566149436	872.219799389446
DRR053798	G	83614	Luteimonas	1	6	4	0.0335996283074718	436.109899694723
DRR053798	S	2508168	Luteimonas sp. YGD11-2	1	2	2	0.0335996283074718	436.109899694723
DRR053798	G	2745	Halomonas	15	75	33	0.503994424612077	6541.64849542085
DRR053798	S	2306583	Halomonas sp. JS92-SW72	13	37	11	0.436795167997134	5669.4286960314
DRR053798	S	1897729	Halomonas aestuarii	1	2	1	0.0335996283074718	436.109899694723
DRR053798	S	1081866	Halomonas socia	1	1	1	0.0335996283074718	436.109899694723
DRR053798	G	1082702	Lonsdalea	2	9	4	0.0671992566149436	872.219799389446
DRR053798	S	1082704	Lonsdalea britannica	2	7	2	0.0671992566149436	872.219799389446
DRR053798	G	53335	Pantoea	1	11	10	0.0335996283074718	436.109899694723
DRR053798	S	2490851	Pantoea sp. CCBC3-3-1	1	2	2	0.0335996283074718	436.109899694723
DRR053798	G	629	Yersinia	1	2	2	0.0335996283074718	436.109899694723
DRR053798	G	662	Vibrio	8	75	28	0.268797026459774	3488.87919755778
DRR053798	S	55601	Vibrio anguillarum	8	19	6	0.268797026459774	3488.87919755778
DRR053798	G	469	Acinetobacter	2	100	32	0.0671992566149436	872.219799389446
DRR053798	S	471	Acinetobacter calcoaceticus	2	14	2	0.0671992566149436	872.219799389446
DRR053798	G	34067	Cycloclasticus	1	4	4	0.0335996283074718	436.109899694723
DRR053798	G	2678529	Kineobactrum	1	10	1	0.0335996283074718	436.109899694723
DRR053798	S	2708301	Kineobactrum salinum	1	10	1	0.0335996283074718	436.109899694723
DRR053798	G	379	Rhizobium	17	152	82	0.571193681227021	7413.86829481029
DRR053798	S	2267833	Rhizobium oryzihabitans	16	51	49	0.537594052919549	6977.75839511557
DRR053798	S	2291939	Rhizobium sp. ZX09	1	4	4	0.0335996283074718	436.109899694723
DRR053798	G	374	Bradyrhizobium	9	78	60	0.302396654767246	3924.98909725251
DRR053798	S	2057741	Bradyrhizobium sp. SK17	2	6	6	0.0671992566149436	872.219799389446
DRR053798	S	2715960	Bradyrhizobium sp. PSBB068	1	4	4	0.0335996283074718	436.109899694723
DRR053798	S	1325112	Bradyrhizobium sp. CCBAU 53340	1	1	1	0.0335996283074718	436.109899694723
DRR053798	G	407	Methylobacterium	2	49	36	0.0671992566149436	872.219799389446
DRR053798	S	269660	Methylobacterium brachiatum	2	7	7	0.0671992566149436	872.219799389446
DRR053798	G	68287	Mesorhizobium	1	48	30	0.0335996283074718	436.109899694723
DRR053798	G	28209	Chelatococcus	1	5	5	0.0335996283074718	436.109899694723
DRR053798	G	165695	Sphingobium	15	97	94	0.503994424612077	6541.64849542085
DRR053798	S	2082188	Sphingobium sp. YG1	13	68	65	0.436795167997134	5669.4286960314
DRR053798	S	13690	Sphingobium yanoikuyae	1	4	4	0.0335996283074718	436.109899694723
DRR053798	G	13687	Sphingomonas	4	49	45	0.134398513229887	1744.43959877889
DRR053798	S	152682	Sphingomonas melonis	3	6	6	0.100798884922415	1308.32969908417
DRR053798	S	1560345	Sphingomonas panacis	1	2	2	0.0335996283074718	436.109899694723
DRR053798	G	1649486	Rhizorhabdus	1	9	5	0.0335996283074718	436.109899694723
DRR053798	S	160791	Rhizorhabdus wittichii	1	1	1	0.0335996283074718	436.109899694723
DRR053798	G	265	Paracoccus	15	55	22	0.503994424612077	6541.64849542085
DRR053798	S	1499308	Paracoccus mutanolyticus	13	39	6	0.436795167997134	5669.4286960314
DRR053798	S	2500532	Paracoccus sp. Arc7-R13	2	4	4	0.0671992566149436	872.219799389446
DRR053798	G	299261	Tateyamaria	1	7	2	0.0335996283074718	436.109899694723
DRR053798	S	299262	Tateyamaria omphalii	1	7	2	0.0335996283074718	436.109899694723
DRR053798	G	74317	Maricaulis	3	7	2	0.100798884922415	1308.32969908417
DRR053798	S	74318	Maricaulis maris	3	7	2	0.100798884922415	1308.32969908417
DRR053798	G	33993	Neorickettsia	1	4	4	0.0335996283074718	436.109899694723
DRR053798	S	951	Neorickettsia sennetsu	1	3	3	0.0335996283074718	436.109899694723
DRR053798	G	48736	Ralstonia	4	29	19	0.134398513229887	1744.43959877889
DRR053798	S	190721	Ralstonia insidiosa	1	3	3	0.0335996283074718	436.109899694723
DRR053798	G	106589	Cupriavidus	3	42	38	0.100798884922415	1308.32969908417
DRR053798	G	1822464	Paraburkholderia	1	40	24	0.0335996283074718	436.109899694723
DRR053798	S	134537	Paraburkholderia fungorum	1	3	3	0.0335996283074718	436.109899694723
DRR053798	G	47420	Hydrogenophaga	5	24	10	0.167998141537359	2180.54949847362
DRR053798	S	2184519	Hydrogenophaga sp. NH-16	5	14	2	0.167998141537359	2180.54949847362
DRR053798	G	12916	Acidovorax	1	28	22	0.0335996283074718	436.109899694723
DRR053798	S	2478662	Acidovorax sp. 1608163	1	3	3	0.0335996283074718	436.109899694723
DRR053798	G	963	Herbaspirillum	1	12	9	0.0335996283074718	436.109899694723
DRR053798	S	80842	Herbaspirillum rubrisubalbicans	1	2	2	0.0335996283074718	436.109899694723
DRR053798	G	29580	Janthinobacterium	1	27	9	0.0335996283074718	436.109899694723
DRR053798	S	1938606	Janthinobacterium sp. LM6	1	18	2	0.0335996283074718	436.109899694723
DRR053798	G	303379	Herminiimonas	1	5	2	0.0335996283074718	436.109899694723
DRR053798	S	1809410	Herminiimonas arsenitoxidans	1	5	2	0.0335996283074718	436.109899694723
DRR053798	G	88	Leptothrix	1	2	2	0.0335996283074718	436.109899694723
DRR053798	S	34029	Leptothrix cholodnii	1	2	2	0.0335996283074718	436.109899694723
DRR053798	G	538	Eikenella	1	1	1	0.0335996283074718	436.109899694723
DRR053798	S	2528037	Eikenella exigua	1	1	1	0.0335996283074718	436.109899694723
DRR053798	G	39643	Sorangium	1	11	9	0.0335996283074718	436.109899694723
DRR053798	S	56	Sorangium cellulosum	1	11	9	0.0335996283074718	436.109899694723
DRR053798	G	893	Desulfobulbus	1	4	4	0.0335996283074718	436.109899694723
DRR053798	S	1909699	Desulfobulbus oligotrophicus	1	3	3	0.0335996283074718	436.109899694723
DRR053798	G	194	Campylobacter	1	16	11	0.0335996283074718	436.109899694723
DRR053798	S	76517	Campylobacter hominis	1	3	2	0.0335996283074718	436.109899694723
DRR053798	G	1652133	Halobacteriovorax	1	22	4	0.0335996283074718	436.109899694723
DRR053798	S	97084	Halobacteriovorax marinus	1	10	3	0.0335996283074718	436.109899694723
DRR053798	G	89966	Hymenobacter	8	56	20	0.268797026459774	3488.87919755778
DRR053798	G	2058174	Antarcticibacterium	6	23	2	0.201597769844831	2616.65939816834
DRR053798	S	2058175	Antarcticibacterium flavum	6	23	2	0.201597769844831	2616.65939816834
DRR053798	G	2836216	Phnomibacter	6	36	1	0.201597769844831	2616.65939816834
DRR053798	S	2676868	Phnomibacter ginsenosidimutans	6	36	1	0.201597769844831	2616.65939816834
DRR053798	G	256319	Chlorobaculum	2	79	4	0.0671992566149436	872.219799389446
DRR053798	S	274539	Chlorobaculum parvum	2	77	3	0.0671992566149436	872.219799389446
DRR053798	G	113	Gemmata	1	14	8	0.0335996283074718	436.109899694723
DRR053798	S	1210884	Gemmata massiliana	1	2	2	0.0335996283074718	436.109899694723
DRR053798	G	2560142	Gorganvirus	521	1691	11	17.5054063481928	227213.257740951
DRR053798	S	2560650	Gorganvirus isfahan	521	1691	11	17.5054063481928	227213.257740951
DRR053798	G	1623283	Chivirus	13	28	2	0.436795167997134	5669.4286960314
DRR053798	S	1005056	Chivirus iEPS5	13	27	1	0.436795167997134	5669.4286960314
DRR053798	G	11095	Pestivirus	6	24	9	0.201597769844831	2616.65939816834
DRR053798	G	11572	Orthobunyavirus	2	10	2	0.0671992566149436	872.219799389446
DRR053798	S	159150	Shamonda orthobunyavirus	2	10	2	0.0671992566149436	872.219799389446
DRR053798	G	153135	Gammaretrovirus	3	234	13	0.100798884922415	1308.32969908417
DRR053798	S	11788	Abelson murine leukemia virus	3	21	8	0.100798884922415	1308.32969908417
DRR053818	G	5506	Fusarium	21	467	124	0.502205074868374	6862.74509803922
DRR053818	S	5127	Fusarium fujikuroi	13	148	18	0.310888855870898	4248.3660130719
DRR053818	S	101028	Fusarium pseudograminearum	1	34	14	0.0239145273746845	326.797385620915
DRR053818	S	5507	Fusarium oxysporum	2	66	20	0.0478290547493689	653.59477124183
DRR053818	G	243023	Pochonia	5	44	23	0.119572636873422	1633.98692810458
DRR053818	S	280754	Pochonia chlamydosporia	5	44	23	0.119572636873422	1633.98692810458
DRR053818	G	5455	Colletotrichum	24	132	40	0.573948656992427	7843.13725490196
DRR053818	S	80884	Colletotrichum higginsianum	24	132	40	0.573948656992427	7843.13725490196
DRR053818	G	2609811	Thermothielavioides	6	111	40	0.143487164248107	1960.78431372549
DRR053818	S	2587410	Thermothielavioides terrestris	6	111	40	0.143487164248107	1960.78431372549
DRR053818	G	5140	Neurospora	2	88	36	0.0478290547493689	653.59477124183
DRR053818	S	5141	Neurospora crassa	2	88	36	0.0478290547493689	653.59477124183
DRR053818	G	48558	Pyricularia	1	274	60	0.0239145273746845	326.797385620915
DRR053818	S	318829	Pyricularia oryzae	1	30	16	0.0239145273746845	326.797385620915
DRR053818	G	33196	Botrytis	2	68	22	0.0478290547493689	653.59477124183
DRR053818	S	40559	Botrytis cinerea	2	68	22	0.0478290547493689	653.59477124183
DRR053818	G	29002	Cercospora	9	241	21	0.21523074637216	2941.17647058824
DRR053818	S	122368	Cercospora beticola	9	241	21	0.21523074637216	2941.17647058824
DRR053818	G	1047167	Zymoseptoria	1	20	13	0.0239145273746845	326.797385620915
DRR053818	S	1047171	Zymoseptoria tritici	1	20	13	0.0239145273746845	326.797385620915
DRR053818	G	5052	Aspergillus	3	247	45	0.0717435821240534	980.392156862745
DRR053818	S	5062	Aspergillus oryzae	1	20	3	0.0239145273746845	326.797385620915
DRR053818	G	13366	Brettanomyces	12	127	34	0.286974328496214	3921.56862745098
DRR053818	S	13502	Brettanomyces nanus	7	71	20	0.167401691622791	2287.58169934641
DRR053818	S	5007	Brettanomyces bruxellensis	5	56	14	0.119572636873422	1633.98692810458
DRR053818	G	4919	Pichia	9	34	14	0.21523074637216	2941.17647058824
DRR053818	S	4909	Pichia kudriavzevii	9	34	14	0.21523074637216	2941.17647058824
DRR053818	G	461281	Ogataea	3	40	15	0.0717435821240534	980.392156862745
DRR053818	S	1005962	Ogataea parapolymorpha	3	40	15	0.0717435821240534	980.392156862745
DRR053818	G	4930	Saccharomyces	7	57	19	0.167401691622791	2287.58169934641
DRR053818	S	1080349	Saccharomyces eubayanus	7	34	8	0.167401691622791	2287.58169934641
DRR053818	G	4948	Torulaspora	3	33	15	0.0717435821240534	980.392156862745
DRR053818	S	4950	Torulaspora delbrueckii	3	20	8	0.0717435821240534	980.392156862745
DRR053818	G	33170	Eremothecium	3	455	26	0.0717435821240534	980.392156862745
DRR053818	S	33169	Eremothecium gossypii	2	26	10	0.0478290547493689	653.59477124183
DRR053818	S	45286	Eremothecium sinecaudum	1	20	8	0.0239145273746845	326.797385620915
DRR053818	G	4953	Zygosaccharomyces	2	21	6	0.0478290547493689	653.59477124183
DRR053818	S	4956	Zygosaccharomyces rouxii	2	21	6	0.0478290547493689	653.59477124183
DRR053818	G	374468	Nakaseomyces	2	45	7	0.0478290547493689	653.59477124183
DRR053818	S	5478	[Candida] glabrata	2	45	7	0.0478290547493689	653.59477124183
DRR053818	G	71245	Kazachstania	1	28	14	0.0239145273746845	326.797385620915
DRR053818	S	588726	Kazachstania naganishii	1	20	6	0.0239145273746845	326.797385620915
DRR053818	G	300275	Lachancea	1	28	12	0.0239145273746845	326.797385620915
DRR053818	S	381046	Lachancea thermotolerans	1	28	12	0.0239145273746845	326.797385620915
DRR053818	G	5475	Candida	9	147	46	0.21523074637216	2941.17647058824
DRR053818	S	5476	Candida albicans	4	95	25	0.0956581094987379	1307.18954248366
DRR053818	S	42374	Candida dubliniensis	3	29	9	0.0717435821240534	980.392156862745
DRR053818	S	273371	Candida orthopsilosis	2	20	10	0.0478290547493689	653.59477124183
DRR053818	G	766733	Scheffersomyces	2	33	11	0.0478290547493689	653.59477124183
DRR053818	S	4924	Scheffersomyces stipitis	2	33	11	0.0478290547493689	653.59477124183
DRR053818	G	460517	Komagataella	2	27	7	0.0478290547493689	653.59477124183
DRR053818	S	460519	Komagataella phaffii	2	27	7	0.0478290547493689	653.59477124183
DRR053818	G	4895	Schizosaccharomyces	1	35	17	0.0239145273746845	326.797385620915
DRR053818	S	4896	Schizosaccharomyces pombe	1	35	17	0.0239145273746845	326.797385620915
DRR053818	G	5269	Ustilago	32	204	29	0.765264875989903	10457.5163398693
DRR053818	S	5270	Ustilago maydis	32	204	29	0.765264875989903	10457.5163398693
DRR053818	G	63265	Sporisorium	6	175	44	0.143487164248107	1960.78431372549
DRR053818	S	280036	Sporisorium graminicola	6	175	44	0.143487164248107	1960.78431372549
DRR053818	G	5206	Cryptococcus	1	652	36	0.0239145273746845	326.797385620915
DRR053818	S	5207	Cryptococcus neoformans	1	46	22	0.0239145273746845	326.797385620915
DRR053818	G	6033	Encephalitozoon	10	86	16	0.239145273746845	3267.97385620915
DRR053818	S	58839	Encephalitozoon intestinalis	6	37	3	0.143487164248107	1960.78431372549
DRR053818	G	1386	Bacillus	1233	4771	100	29.4866122529859	402941.176470588
DRR053818	S	1396	Bacillus cereus	1227	4642	30	29.3431250887378	400980.392156863
DRR053818	S	1428	Bacillus thuringiensis	6	20	16	0.143487164248107	1960.78431372549
DRR053818	G	84406	Virgibacillus	74	205	5	1.76967502572665	24183.0065359477
DRR053818	S	2700081	Virgibacillus sp. MSP4-1	74	201	2	1.76967502572665	24183.0065359477
DRR053818	G	2800373	Priestia	4	77	11	0.0956581094987379	1307.18954248366
DRR053818	S	1404	Priestia megaterium	4	76	10	0.0956581094987379	1307.18954248366
DRR053818	G	129337	Geobacillus	2	8	8	0.0478290547493689	653.59477124183
DRR053818	S	1422	Geobacillus stearothermophilus	1	2	2	0.0239145273746845	326.797385620915
DRR053818	S	33940	Geobacillus thermodenitrificans	1	3	3	0.0239145273746845	326.797385620915
DRR053818	G	351195	Salimicrobium	1	18	2	0.0239145273746845	326.797385620915
DRR053818	S	1230341	Salimicrobium jeotgali	1	18	2	0.0239145273746845	326.797385620915
DRR053818	G	2817139	Weizmannia	1	2	2	0.0239145273746845	326.797385620915
DRR053818	S	1398	Weizmannia coagulans	1	2	2	0.0239145273746845	326.797385620915
DRR053818	G	1279	Staphylococcus	126	1220	202	3.01323044921024	41176.4705882353
DRR053818	S	1280	Staphylococcus aureus	124	1192	180	2.96540139446087	40522.8758169935
DRR053818	S	1290	Staphylococcus hominis	1	3	3	0.0239145273746845	326.797385620915
DRR053818	G	44249	Paenibacillus	1	121	75	0.0239145273746845	326.797385620915
DRR053818	G	1301	Streptococcus	1	38	31	0.0239145273746845	326.797385620915
DRR053818	G	1578	Lactobacillus	1	52	14	0.0239145273746845	326.797385620915
DRR053818	S	1584	Lactobacillus delbrueckii	1	41	4	0.0239145273746845	326.797385620915
DRR053818	G	1485	Clostridium	5	85	59	0.119572636873422	1633.98692810458
DRR053818	S	169679	Clostridium saccharobutylicum	5	14	2	0.119572636873422	1633.98692810458
DRR053818	G	2733	Symbiobacterium	2	54	6	0.0478290547493689	653.59477124183
DRR053818	S	2734	Symbiobacterium thermophilum	2	54	6	0.0478290547493689	653.59477124183
DRR053818	G	459786	Oscillibacter	1	8	4	0.0239145273746845	326.797385620915
DRR053818	S	2763056	Oscillibacter sp. NSJ-62	1	7	3	0.0239145273746845	326.797385620915
DRR053818	G	73918	Thermaerobacter	1	2	2	0.0239145273746845	326.797385620915
DRR053818	S	73919	Thermaerobacter marianensis	1	1	1	0.0239145273746845	326.797385620915
DRR053818	G	118747	Bulleidia	1	2	2	0.0239145273746845	326.797385620915
DRR053818	S	2806552	Bulleidia sp. zg-1006	1	2	2	0.0239145273746845	326.797385620915
DRR053818	G	1883	Streptomyces	21	1511	689	0.502205074868374	6862.74509803922
DRR053818	S	1916	Streptomyces lividans	12	236	7	0.286974328496214	3921.56862745098
DRR053818	S	1855352	Streptomyces sp. TLI_053	2	4	3	0.0478290547493689	653.59477124183
DRR053818	S	1964449	Streptomyces sp. 3211	1	2	2	0.0239145273746845	326.797385620915
DRR053818	S	2721173	Streptomyces sp. DSM 40868	1	8	2	0.0239145273746845	326.797385620915
DRR053818	S	2184053	Streptomyces cadmiisoli	2	4	3	0.0478290547493689	653.59477124183
DRR053818	S	1969	Streptomyces chartreusis	1	7	6	0.0239145273746845	326.797385620915
DRR053818	S	379067	Streptomyces bingchenggensis	1	8	4	0.0239145273746845	326.797385620915
DRR053818	G	1912216	Cutibacterium	4	19	19	0.0956581094987379	1307.18954248366
DRR053818	S	1747	Cutibacterium acnes	4	16	16	0.0956581094987379	1307.18954248366
DRR053818	G	1839	Nocardioides	2	86	50	0.0478290547493689	653.59477124183
DRR053818	S	2483798	Nocardioides sp. 603	2	14	2	0.0478290547493689	653.59477124183
DRR053818	G	1696	Brevibacterium	1	19	17	0.0239145273746845	326.797385620915
DRR053818	S	33889	Brevibacterium casei	1	6	5	0.0239145273746845	326.797385620915
DRR053818	G	53457	Janibacter	1	5	5	0.0239145273746845	326.797385620915
DRR053818	G	1763	Mycobacterium	1	232	58	0.0239145273746845	326.797385620915
DRR053818	S	339268	Mycobacterium colombiense	1	3	3	0.0239145273746845	326.797385620915
DRR053818	G	1866885	Mycolicibacterium	1	123	56	0.0239145273746845	326.797385620915
DRR053818	S	1286180	Mycolicibacterium sediminis	1	1	1	0.0239145273746845	326.797385620915
DRR053818	G	1827	Rhodococcus	1	68	51	0.0239145273746845	326.797385620915
DRR053818	G	1873	Micromonospora	2	115	61	0.0478290547493689	653.59477124183
DRR053818	S	47850	Micromonospora aurantiaca	1	3	3	0.0239145273746845	326.797385620915
DRR053818	S	285665	Micromonospora coriariae	1	4	4	0.0239145273746845	326.797385620915
DRR053818	G	33981	Kineococcus	1	3	2	0.0239145273746845	326.797385620915
DRR053818	S	131568	Kineococcus radiotolerans	1	3	2	0.0239145273746845	326.797385620915
DRR053818	G	65551	Meiothermus	2	21	14	0.0478290547493689	653.59477124183
DRR053818	S	52022	Meiothermus silvanus	2	12	12	0.0478290547493689	653.59477124183
DRR053818	G	1298	Deinococcus	1	34	22	0.0239145273746845	326.797385620915
DRR053818	S	68909	Deinococcus geothermalis	1	8	2	0.0239145273746845	326.797385620915
DRR053818	G	1158	Oscillatoria	1	1	1	0.0239145273746845	326.797385620915
DRR053818	S	482564	Oscillatoria nigro-viridis	1	1	1	0.0239145273746845	326.797385620915
DRR053818	G	1129	Synechococcus	1	46	40	0.0239145273746845	326.797385620915
DRR053818	G	745	Pasteurella	48	259	66	1.14789731398485	15686.2745098039
DRR053818	S	747	Pasteurella multocida	48	259	66	1.14789731398485	15686.2745098039
DRR053818	G	286	Pseudomonas	20	611	362	0.478290547493689	6535.9477124183
DRR053818	S	101564	Pseudomonas alcaliphila	1	3	3	0.0239145273746845	326.797385620915
DRR053818	S	303	Pseudomonas putida	1	28	15	0.0239145273746845	326.797385620915
DRR053818	G	2709666	Pseudolysobacter	8	79	2	0.191316218997476	2614.37908496732
DRR053818	S	2511995	Pseudolysobacter antarcticus	8	79	2	0.191316218997476	2614.37908496732
DRR053818	G	68	Lysobacter	7	30	17	0.167401691622791	2287.58169934641
DRR053818	S	69	Lysobacter enzymogenes	7	11	4	0.167401691622791	2287.58169934641
DRR053818	G	338	Xanthomonas	4	68	38	0.0956581094987379	1307.18954248366
DRR053818	S	339	Xanthomonas campestris	3	16	16	0.0717435821240534	980.392156862745
DRR053818	G	662	Vibrio	17	115	45	0.406546965369636	5555.55555555556
DRR053818	S	55601	Vibrio anguillarum	16	32	10	0.382632437994952	5228.75816993464
DRR053818	S	674	Vibrio mimicus	1	6	2	0.0239145273746845	326.797385620915
DRR053818	G	2745	Halomonas	13	135	36	0.310888855870898	4248.3660130719
DRR053818	S	2306583	Halomonas sp. JS92-SW72	13	82	15	0.310888855870898	4248.3660130719
DRR053818	G	1082702	Lonsdalea	3	24	3	0.0717435821240534	980.392156862745
DRR053818	S	1082704	Lonsdalea britannica	3	23	2	0.0717435821240534	980.392156862745
DRR053818	G	122277	Pectobacterium	1	6	6	0.0239145273746845	326.797385620915
DRR053818	S	180957	Pectobacterium brasiliense	1	2	2	0.0239145273746845	326.797385620915
DRR053818	G	469	Acinetobacter	1	135	39	0.0239145273746845	326.797385620915
DRR053818	S	2725684	Acinetobacter sp. NEB149	1	2	2	0.0239145273746845	326.797385620915
DRR053818	G	2678529	Kineobactrum	1	7	1	0.0239145273746845	326.797385620915
DRR053818	S	2708301	Kineobactrum salinum	1	7	1	0.0239145273746845	326.797385620915
DRR053818	G	416	Methylomonas	1	3	3	0.0239145273746845	326.797385620915
DRR053818	S	421	Methylomonas methanica	1	2	2	0.0239145273746845	326.797385620915
DRR053818	G	265	Paracoccus	22	73	21	0.526119602243058	7189.54248366013
DRR053818	S	1499308	Paracoccus mutanolyticus	22	60	9	0.526119602243058	7189.54248366013
DRR053818	G	299261	Tateyamaria	1	10	2	0.0239145273746845	326.797385620915
DRR053818	S	299262	Tateyamaria omphalii	1	10	2	0.0239145273746845	326.797385620915
DRR053818	G	379	Rhizobium	5	108	55	0.119572636873422	1633.98692810458
DRR053818	S	2267833	Rhizobium oryzihabitans	4	22	22	0.0956581094987379	1307.18954248366
DRR053818	G	68287	Mesorhizobium	1	46	23	0.0239145273746845	326.797385620915
DRR053818	G	165695	Sphingobium	6	56	53	0.143487164248107	1960.78431372549
DRR053818	S	2082188	Sphingobium sp. YG1	4	28	28	0.0956581094987379	1307.18954248366
DRR053818	S	13690	Sphingobium yanoikuyae	1	4	4	0.0239145273746845	326.797385620915
DRR053818	G	13687	Sphingomonas	1	46	39	0.0239145273746845	326.797385620915
DRR053818	S	2565555	Sphingomonas sp. PAMC26645	1	2	2	0.0239145273746845	326.797385620915
DRR053818	G	1654741	Bombella	1	3	1	0.0239145273746845	326.797385620915
DRR053818	S	2697033	Bombella sp. KACC 21507	1	3	1	0.0239145273746845	326.797385620915
DRR053818	G	1543704	Niveispirillum	1	1	1	0.0239145273746845	326.797385620915
DRR053818	S	1612173	Niveispirillum cyanobacteriorum	1	1	1	0.0239145273746845	326.797385620915
DRR053818	G	74317	Maricaulis	1	8	2	0.0239145273746845	326.797385620915
DRR053818	S	74318	Maricaulis maris	1	8	2	0.0239145273746845	326.797385620915
DRR053818	G	48736	Ralstonia	2	42	25	0.0478290547493689	653.59477124183
DRR053818	S	190721	Ralstonia insidiosa	1	4	4	0.0239145273746845	326.797385620915
DRR053818	G	106589	Cupriavidus	2	55	50	0.0478290547493689	653.59477124183
DRR053818	S	2771360	Cupriavidus sp. ISTL7	1	2	2	0.0239145273746845	326.797385620915
DRR053818	G	1822464	Paraburkholderia	2	56	37	0.0478290547493689	653.59477124183
DRR053818	S	134537	Paraburkholderia fungorum	2	6	5	0.0478290547493689	653.59477124183
DRR053818	G	12916	Acidovorax	1	33	24	0.0239145273746845	326.797385620915
DRR053818	G	47420	Hydrogenophaga	1	29	17	0.0239145273746845	326.797385620915
DRR053818	S	2184519	Hydrogenophaga sp. NH-16	1	10	2	0.0239145273746845	326.797385620915
DRR053818	G	52972	Polaromonas	1	8	7	0.0239145273746845	326.797385620915
DRR053818	S	37448	Polaromonas vacuolata	1	3	2	0.0239145273746845	326.797385620915
DRR053818	G	29580	Janthinobacterium	1	50	18	0.0239145273746845	326.797385620915
DRR053818	S	1938606	Janthinobacterium sp. LM6	1	34	6	0.0239145273746845	326.797385620915
DRR053818	G	149698	Massilia	1	52	34	0.0239145273746845	326.797385620915
DRR053818	S	2072590	Massilia armeniaca	1	5	4	0.0239145273746845	326.797385620915
DRR053818	G	222	Achromobacter	1	38	21	0.0239145273746845	326.797385620915
DRR053818	S	1758194	Achromobacter sp. AONIH1	1	1	1	0.0239145273746845	326.797385620915
DRR053818	G	538	Eikenella	2	2	1	0.0478290547493689	653.59477124183
DRR053818	S	2528037	Eikenella exigua	2	2	1	0.0478290547493689	653.59477124183
DRR053818	G	535	Chromobacterium	1	14	9	0.0239145273746845	326.797385620915
DRR053818	S	536	Chromobacterium violaceum	1	2	2	0.0239145273746845	326.797385620915
DRR053818	G	2706000	Casimicrobium	2	2	1	0.0478290547493689	653.59477124183
DRR053818	S	2591109	Casimicrobium huifangae	2	2	1	0.0478290547493689	653.59477124183
DRR053818	G	47	Archangium	1	37	14	0.0239145273746845	326.797385620915
DRR053818	S	83451	Archangium violaceum	1	27	10	0.0239145273746845	326.797385620915
DRR053818	G	1652133	Halobacteriovorax	2	27	4	0.0478290547493689	653.59477124183
DRR053818	S	97084	Halobacteriovorax marinus	2	9	2	0.0478290547493689	653.59477124183
DRR053818	G	2836216	Phnomibacter	15	53	2	0.358717910620267	4901.96078431373
DRR053818	S	2676868	Phnomibacter ginsenosidimutans	15	53	2	0.358717910620267	4901.96078431373
DRR053818	G	2058174	Antarcticibacterium	7	34	1	0.167401691622791	2287.58169934641
DRR053818	S	2058175	Antarcticibacterium flavum	7	34	1	0.167401691622791	2287.58169934641
DRR053818	G	104267	Tenacibaculum	1	43	6	0.0239145273746845	326.797385620915
DRR053818	S	2358479	Tenacibaculum singaporense	1	2	2	0.0239145273746845	326.797385620915
DRR053818	G	89966	Hymenobacter	4	89	34	0.0956581094987379	1307.18954248366
DRR053818	G	107	Spirosoma	1	9	9	0.0239145273746845	326.797385620915
DRR053818	S	2520506	Spirosoma sp. KCTC 42546	1	3	3	0.0239145273746845	326.797385620915
DRR053818	G	256319	Chlorobaculum	7	148	1	0.167401691622791	2287.58169934641
DRR053818	S	274539	Chlorobaculum parvum	7	148	1	0.167401691622791	2287.58169934641
DRR053818	G	113	Gemmata	6	13	5	0.143487164248107	1960.78431372549
DRR053818	S	1210884	Gemmata massiliana	6	6	1	0.143487164248107	1960.78431372549
DRR053818	G	212790	Sulfurihydrogenibium	1	14	2	0.0239145273746845	326.797385620915
DRR053818	S	309806	Sulfurihydrogenibium azorense	1	14	2	0.0239145273746845	326.797385620915
DRR053818	G	2560142	Gorganvirus	644	2294	12	15.4009556292968	210457.516339869
DRR053818	S	2560650	Gorganvirus isfahan	644	2294	12	15.4009556292968	210457.516339869
DRR053818	S	447909	Geobacillus virus E2	1	2	2	0.0239145273746845	326.797385620915
DRR053818	G	2732589	Andhravirus	2	6	1	0.0478290547493689	653.59477124183
DRR053818	S	2732591	Andhravirus andhra	2	6	1	0.0478290547493689	653.59477124183
DRR053818	G	1623283	Chivirus	10	30	3	0.239145273746845	3267.97385620915
DRR053818	S	1005056	Chivirus iEPS5	10	30	3	0.239145273746845	3267.97385620915
DRR053818	G	10379	Rhadinovirus	1	10	2	0.0239145273746845	326.797385620915
DRR053818	S	10381	Saimiriine gammaherpesvirus 2	1	10	2	0.0239145273746845	326.797385620915
DRR053818	G	548688	Percavirus	1	1	1	0.0239145273746845	326.797385620915
DRR053818	S	10371	Equid gammaherpesvirus 5	1	1	1	0.0239145273746845	326.797385620915
DRR053818	G	11095	Pestivirus	4	38	10	0.0956581094987379	1307.18954248366
DRR053818	G	11572	Orthobunyavirus	1	9	1	0.0239145273746845	326.797385620915
DRR053818	S	159150	Shamonda orthobunyavirus	1	9	1	0.0239145273746845	326.797385620915
DRR053818	G	153135	Gammaretrovirus	3	327	16	0.0717435821240534	980.392156862745
DRR053818	S	11788	Abelson murine leukemia virus	1	29	8	0.0239145273746845	326.797385620915
DRR099206	G	48558	Pyricularia	177	2563	171	30.0044243812223	19467.6638803344
DRR099206	S	148305	Pyricularia grisea	174	1695	45	29.4958748154389	19137.7034755829
DRR099206	S	318829	Pyricularia oryzae	3	161	52	0.508549565783429	329.96040475143
DRR099206	G	2609811	Thermothielavioides	11	918	89	1.86468174120591	1209.85481742191
DRR099206	S	2587410	Thermothielavioides terrestris	11	918	89	1.86468174120591	1209.85481742191
DRR099206	G	1920207	Thermothelomyces	9	931	70	1.52564869735029	989.881214254289
DRR099206	S	78579	Thermothelomyces thermophilus	9	931	70	1.52564869735029	989.881214254289
DRR099206	G	5140	Neurospora	5	468	66	0.847582609639049	549.93400791905
DRR099206	S	5141	Neurospora crassa	5	468	66	0.847582609639049	549.93400791905
DRR099206	G	5506	Fusarium	27	2543	229	4.57694609205086	2969.64364276287
DRR099206	S	56646	Fusarium venenatum	9	374	40	1.52564869735029	989.881214254289
DRR099206	S	101028	Fusarium pseudograminearum	6	565	30	1.01709913156686	659.92080950286
DRR099206	S	5127	Fusarium fujikuroi	4	478	29	0.678066087711239	439.94720633524
DRR099206	S	117187	Fusarium verticillioides	4	577	30	0.678066087711239	439.94720633524
DRR099206	S	5507	Fusarium oxysporum	3	177	37	0.508549565783429	329.96040475143
DRR099206	G	98402	Drechmeria	4	172	56	0.678066087711239	439.94720633524
DRR099206	S	98403	Drechmeria coniospora	4	172	56	0.678066087711239	439.94720633524
DRR099206	G	243023	Pochonia	1	191	50	0.16951652192781	109.98680158381
DRR099206	S	280754	Pochonia chlamydosporia	1	191	50	0.16951652192781	109.98680158381
DRR099206	G	5455	Colletotrichum	16	551	80	2.71226435084496	1759.78882534096
DRR099206	S	80884	Colletotrichum higginsianum	16	551	80	2.71226435084496	1759.78882534096
DRR099206	G	33196	Botrytis	20	1149	90	3.39033043855619	2199.7360316762
DRR099206	S	40559	Botrytis cinerea	20	1149	90	3.39033043855619	2199.7360316762
DRR099206	G	5052	Aspergillus	80	2900	110	13.5613217542248	8798.9441267048
DRR099206	S	5062	Aspergillus oryzae	61	262	8	10.3405078375964	6709.19489661241
DRR099206	S	746128	Aspergillus fumigatus	16	2420	48	2.71226435084496	1759.78882534096
DRR099206	G	5094	Talaromyces	5	1017	66	0.847582609639049	549.93400791905
DRR099206	S	121627	Talaromyces rugulosus	5	1017	66	0.847582609639049	549.93400791905
DRR099206	G	29002	Cercospora	3	3146	43	0.508549565783429	329.96040475143
DRR099206	S	122368	Cercospora beticola	3	3146	43	0.508549565783429	329.96040475143
DRR099206	G	1047167	Zymoseptoria	2	109	50	0.339033043855619	219.97360316762
DRR099206	S	1047171	Zymoseptoria tritici	2	109	50	0.339033043855619	219.97360316762
DRR099206	G	13366	Brettanomyces	114	612	53	19.3248834997703	12538.4953805543
DRR099206	S	13502	Brettanomyces nanus	114	510	20	19.3248834997703	12538.4953805543
DRR099206	G	4919	Pichia	1	50	25	0.16951652192781	109.98680158381
DRR099206	S	4909	Pichia kudriavzevii	1	50	25	0.16951652192781	109.98680158381
DRR099206	G	4958	Debaryomyces	51	835	17	8.6453426183183	5609.32688077431
DRR099206	S	4959	Debaryomyces hansenii	51	835	17	8.6453426183183	5609.32688077431
DRR099206	G	5475	Candida	17	815	127	2.88178087277276	1869.77562692477
DRR099206	S	5476	Candida albicans	9	661	60	1.52564869735029	989.881214254289
DRR099206	S	42374	Candida dubliniensis	5	74	35	0.847582609639049	549.93400791905
DRR099206	S	273371	Candida orthopsilosis	3	66	25	0.508549565783429	329.96040475143
DRR099206	G	766733	Scheffersomyces	1	100	20	0.16951652192781	109.98680158381
DRR099206	S	4924	Scheffersomyces stipitis	1	100	20	0.16951652192781	109.98680158381
DRR099206	G	278028	Naumovozyma	36	4563	89	6.10259478940115	3959.52485701716
DRR099206	S	27289	Naumovozyma dairenensis	29	4365	41	4.91597913590648	3189.61724593049
DRR099206	S	27288	Naumovozyma castellii	7	197	47	1.18661565349467	769.90761108667
DRR099206	G	4910	Kluyveromyces	7	350	46	1.18661565349467	769.90761108667
DRR099206	S	4911	Kluyveromyces marxianus	7	323	32	1.18661565349467	769.90761108667
DRR099206	G	113604	Tetrapisispora	3	158	57	0.508549565783429	329.96040475143
DRR099206	S	1071379	Tetrapisispora blattae	3	70	28	0.508549565783429	329.96040475143
DRR099206	G	71245	Kazachstania	2	154	50	0.339033043855619	219.97360316762
DRR099206	S	588726	Kazachstania naganishii	2	109	25	0.339033043855619	219.97360316762
DRR099206	G	1196389	Zygotorulaspora	2	117	12	0.339033043855619	219.97360316762
DRR099206	S	42260	Zygotorulaspora mrakii	2	117	12	0.339033043855619	219.97360316762
DRR099206	G	4930	Saccharomyces	1	508	66	0.16951652192781	109.98680158381
DRR099206	S	27291	Saccharomyces paradoxus	1	47	21	0.16951652192781	109.98680158381
DRR099206	G	4948	Torulaspora	1	178	38	0.16951652192781	109.98680158381
DRR099206	S	4950	Torulaspora delbrueckii	1	41	21	0.16951652192781	109.98680158381
DRR099206	G	4953	Zygosaccharomyces	1	109	26	0.16951652192781	109.98680158381
DRR099206	S	4956	Zygosaccharomyces rouxii	1	109	26	0.16951652192781	109.98680158381
DRR099206	G	300275	Lachancea	1	66	30	0.16951652192781	109.98680158381
DRR099206	S	381046	Lachancea thermotolerans	1	66	30	0.16951652192781	109.98680158381
DRR099206	G	460517	Komagataella	5	267	27	0.847582609639049	549.93400791905
DRR099206	S	460519	Komagataella phaffii	5	267	27	0.847582609639049	549.93400791905
DRR099206	G	410829	Sugiyamaella	3	362	64	0.508549565783429	329.96040475143
DRR099206	S	796027	Sugiyamaella lignohabitans	3	362	64	0.508549565783429	329.96040475143
DRR099206	G	4951	Yarrowia	1	165	44	0.16951652192781	109.98680158381
DRR099206	S	4952	Yarrowia lipolytica	1	165	44	0.16951652192781	109.98680158381
DRR099206	G	4895	Schizosaccharomyces	2	60	33	0.339033043855619	219.97360316762
DRR099206	S	4896	Schizosaccharomyces pombe	2	60	33	0.339033043855619	219.97360316762
DRR099206	G	5269	Ustilago	14	2575	50	2.37323130698934	1539.81522217334
DRR099206	S	5270	Ustilago maydis	14	2575	50	2.37323130698934	1539.81522217334
DRR099206	G	63265	Sporisorium	6	1053	82	1.01709913156686	659.92080950286
DRR099206	S	280036	Sporisorium graminicola	6	1053	82	1.01709913156686	659.92080950286
DRR099206	G	55193	Malassezia	6	69	34	1.01709913156686	659.92080950286
DRR099206	S	76775	Malassezia restricta	6	69	34	1.01709913156686	659.92080950286
DRR099206	G	5206	Cryptococcus	15	1569	83	2.54274782891715	1649.80202375715
DRR099206	S	5207	Cryptococcus neoformans	14	701	48	2.37323130698934	1539.81522217334
DRR099206	S	37769	Cryptococcus gattii VGI	1	817	21	0.16951652192781	109.98680158381
DRR099206	G	6033	Encephalitozoon	3	322	31	0.508549565783429	329.96040475143
DRR099206	S	58839	Encephalitozoon intestinalis	2	84	6	0.339033043855619	219.97360316762
DRR099206	G	1386	Bacillus	3811	37137	302	646.027465066883	419159.7008359
DRR099206	S	1396	Bacillus cereus	3786	36305	65	641.789552018688	416410.030796304
DRR099206	S	1452	Bacillus atrophaeus	21	199	3	3.559846960484	2309.72283326001
DRR099206	S	1648923	Bacillus paralicheniformis	2	41	2	0.339033043855619	219.97360316762
DRR099206	G	84406	Virgibacillus	106	1606	34	17.9687513243478	11658.6009678839
DRR099206	S	2700081	Virgibacillus sp. MSP4-1	106	1508	2	17.9687513243478	11658.6009678839
DRR099206	G	400634	Lysinibacillus	2	50	30	0.339033043855619	219.97360316762
DRR099206	S	28031	Lysinibacillus fusiformis	1	9	6	0.16951652192781	109.98680158381
DRR099206	S	2590012	Lysinibacillus agricola	1	7	2	0.16951652192781	109.98680158381
DRR099206	G	2800373	Priestia	1	7042	47	0.16951652192781	109.98680158381
DRR099206	S	1404	Priestia megaterium	1	7021	37	0.16951652192781	109.98680158381
DRR099206	G	459532	Terribacillus	1	24	2	0.16951652192781	109.98680158381
DRR099206	S	586416	Terribacillus aidingensis	1	23	1	0.16951652192781	109.98680158381
DRR099206	G	1279	Staphylococcus	77	2952	913	13.0527721884413	8468.98372195337
DRR099206	S	1280	Staphylococcus aureus	71	2679	771	12.0356730568745	7809.06291245051
DRR099206	S	29382	Staphylococcus cohnii	4	37	8	0.678066087711239	439.94720633524
DRR099206	S	1290	Staphylococcus hominis	1	9	7	0.16951652192781	109.98680158381
DRR099206	G	55079	Aneurinibacillus	2	182	7	0.339033043855619	219.97360316762
DRR099206	S	1450761	Aneurinibacillus sp. XH2	2	19	5	0.339033043855619	219.97360316762
DRR099206	G	33986	Exiguobacterium	1	32	10	0.16951652192781	109.98680158381
DRR099206	S	2051906	Exiguobacterium sp. N4-1P	1	3	3	0.16951652192781	109.98680158381
DRR099206	G	2759736	Lacticaseibacillus	2	12	7	0.339033043855619	219.97360316762
DRR099206	S	57037	Lacticaseibacillus zeae	2	6	1	0.339033043855619	219.97360316762
DRR099206	G	2767887	Ligilactobacillus	2	25	14	0.339033043855619	219.97360316762
DRR099206	S	1624	Ligilactobacillus salivarius	2	16	6	0.339033043855619	219.97360316762
DRR099206	G	2742598	Limosilactobacillus	1	82	60	0.16951652192781	109.98680158381
DRR099206	S	1598	Limosilactobacillus reuteri	1	77	55	0.16951652192781	109.98680158381
DRR099206	G	2767879	Companilactobacillus	1	90	15	0.16951652192781	109.98680158381
DRR099206	S	83526	Companilactobacillus paralimentarius	1	75	2	0.16951652192781	109.98680158381
DRR099206	G	1243	Leuconostoc	1	56	24	0.16951652192781	109.98680158381
DRR099206	G	1301	Streptococcus	1	278	152	0.16951652192781	109.98680158381
DRR099206	S	1302	Streptococcus gordonii	1	51	38	0.16951652192781	109.98680158381
DRR099206	G	1357	Lactococcus	1	121	50	0.16951652192781	109.98680158381
DRR099206	S	1359	Lactococcus cremoris	1	39	24	0.16951652192781	109.98680158381
DRR099206	G	1350	Enterococcus	1	291	56	0.16951652192781	109.98680158381
DRR099206	S	1352	Enterococcus faecium	1	48	4	0.16951652192781	109.98680158381
DRR099206	G	29393	Dolosigranulum	1	9	6	0.16951652192781	109.98680158381
DRR099206	S	29394	Dolosigranulum pigrum	1	9	6	0.16951652192781	109.98680158381
DRR099206	G	1485	Clostridium	13	782	312	2.20371478506153	1429.82842058953
DRR099206	S	169679	Clostridium saccharobutylicum	4	150	14	0.678066087711239	439.94720633524
DRR099206	S	1491	Clostridium botulinum	2	118	41	0.339033043855619	219.97360316762
DRR099206	S	641107	Clostridium sp. DL-VIII	1	8	6	0.16951652192781	109.98680158381
DRR099206	S	1561	Clostridium baratii	1	54	11	0.16951652192781	109.98680158381
DRR099206	S	1542	Clostridium novyi	1	20	8	0.16951652192781	109.98680158381
DRR099206	S	1520	Clostridium beijerinckii	1	28	16	0.16951652192781	109.98680158381
DRR099206	S	1502	Clostridium perfringens	1	26	23	0.16951652192781	109.98680158381
DRR099206	G	49082	Candidatus Arthromitus	1	6	3	0.16951652192781	109.98680158381
DRR099206	G	1649459	Hungatella	1	61	4	0.16951652192781	109.98680158381
DRR099206	S	154046	Hungatella hathewayi	1	61	4	0.16951652192781	109.98680158381
DRR099206	G	207244	Anaerostipes	5	65	5	0.847582609639049	549.93400791905
DRR099206	S	649756	Anaerostipes hadrus	3	54	1	0.508549565783429	329.96040475143
DRR099206	S	105841	Anaerostipes caccae	2	11	4	0.339033043855619	219.97360316762
DRR099206	G	572511	Blautia	1	49	27	0.16951652192781	109.98680158381
DRR099206	S	2779518	Blautia liquoris	1	1	1	0.16951652192781	109.98680158381
DRR099206	G	1506553	Lachnoclostridium	1	17	12	0.16951652192781	109.98680158381
DRR099206	G	35829	Acetivibrio	1	22	12	0.16951652192781	109.98680158381
DRR099206	S	1677857	Acetivibrio saccincola	1	13	6	0.16951652192781	109.98680158381
DRR099206	G	1508657	Ruminiclostridium	1	15	8	0.16951652192781	109.98680158381
DRR099206	S	1521	Ruminiclostridium cellulolyticum	1	7	5	0.16951652192781	109.98680158381
DRR099206	G	1637257	Mageeibacillus	1	2	2	0.16951652192781	109.98680158381
DRR099206	S	884684	Mageeibacillus indolicus	1	2	2	0.16951652192781	109.98680158381
DRR099206	G	2060094	Aminipila	3	12	7	0.508549565783429	329.96040475143
DRR099206	S	433296	Aminipila butyrica	2	6	2	0.339033043855619	219.97360316762
DRR099206	S	2507160	Aminipila luticellarii	1	4	3	0.16951652192781	109.98680158381
DRR099206	G	1501226	Romboutsia	1	14	11	0.16951652192781	109.98680158381
DRR099206	S	2724150	Romboutsia sp. CE17	1	7	5	0.16951652192781	109.98680158381
DRR099206	G	1754	Thermoanaerobacter	9	90	13	1.52564869735029	989.881214254289
DRR099206	G	2330	Halanaerobium	2	136	7	0.339033043855619	219.97360316762
DRR099206	S	656519	Halanaerobium hydrogeniformans	2	103	4	0.339033043855619	219.97360316762
DRR099206	G	499228	Tepidanaerobacter	1	10	5	0.16951652192781	109.98680158381
DRR099206	S	499229	Tepidanaerobacter acetatoxydans	1	10	5	0.16951652192781	109.98680158381
DRR099206	S	243899	endosymbiont 'TC1' of Trimyema compressum	1	5	4	0.16951652192781	109.98680158381
DRR099206	G	1883	Streptomyces	200	16486	1355	33.9033043855619	21997.360316762
DRR099206	S	2684469	Streptomyces sp. SCUT-3	11	35	7	1.86468174120591	1209.85481742191
DRR099206	S	2662065	Streptomyces sp. SYP-A7193	7	123	3	1.18661565349467	769.90761108667
DRR099206	S	862751	Streptomyces sp. SirexAA-E	5	90	7	0.847582609639049	549.93400791905
DRR099206	S	2072505	Streptomyces sp. Go-475	4	32	5	0.678066087711239	439.94720633524
DRR099206	S	444103	Streptomyces sp. CNQ-509	2	11	5	0.339033043855619	219.97360316762
DRR099206	S	1812480	Streptomyces sp. fd1-xmd	1	3	3	0.16951652192781	109.98680158381
DRR099206	S	1188315	Streptomyces sp. AgN23	1	12	4	0.16951652192781	109.98680158381
DRR099206	S	1577075	Streptomyces sp. PBH53	1	15	7	0.16951652192781	109.98680158381
DRR099206	S	2676871	Streptomyces sp. Tu 2975	1	25	6	0.16951652192781	109.98680158381
DRR099206	S	1522758	Streptomyces sp. ADI95-16	1	68	5	0.16951652192781	109.98680158381
DRR099206	S	1841249	Streptomyces sp. RTd22	1	19	9	0.16951652192781	109.98680158381
DRR099206	S	1849967	Streptomyces sp. SAT1	1	55	5	0.16951652192781	109.98680158381
DRR099206	S	659352	Streptomyces sp. SN-593	1	67	9	0.16951652192781	109.98680158381
DRR099206	S	2751189	Streptomyces sp. NEAU-sy36	1	32	7	0.16951652192781	109.98680158381
DRR099206	S	2721245	Streptomyces sp. RPA4-5	1	17	2	0.16951652192781	109.98680158381
DRR099206	S	1916	Streptomyces lividans	34	5029	14	5.76356174554553	3739.55125384954
DRR099206	S	1226757	Streptomyces rapamycinicus	9	92	7	1.52564869735029	989.881214254289
DRR099206	S	155177	Streptomyces yatensis	2	71	2	0.339033043855619	219.97360316762
DRR099206	S	2282738	Streptomyces paludis	9	60	4	1.52564869735029	989.881214254289
DRR099206	S	2768066	Streptomyces roseirectus	7	52	5	1.18661565349467	769.90761108667
DRR099206	S	1176198	Streptomyces harbinensis	6	50	7	1.01709913156686	659.92080950286
DRR099206	S	1442032	Streptomyces dangxiongensis	6	76	4	1.01709913156686	659.92080950286
DRR099206	S	285450	Streptomyces roseochromogenus	6	44	10	1.01709913156686	659.92080950286
DRR099206	S	1535768	Streptomyces lunaelactis	6	34	3	1.01709913156686	659.92080950286
DRR099206	S	1915	Streptomyces lincolnensis	6	136	10	1.01709913156686	659.92080950286
DRR099206	S	35621	Streptomyces mobaraensis	4	118	7	0.678066087711239	439.94720633524
DRR099206	S	1914	Streptomyces lavendulae	3	175	10	0.508549565783429	329.96040475143
DRR099206	S	68246	Streptomyces olivoreticuli	3	58	10	0.508549565783429	329.96040475143
DRR099206	S	73044	Streptomyces seoulensis	3	24	11	0.508549565783429	329.96040475143
DRR099206	S	1904616	Streptomyces fodineus	2	28	9	0.339033043855619	219.97360316762
DRR099206	S	2548456	Streptomyces aquilus	2	17	6	0.339033043855619	219.97360316762
DRR099206	S	47763	Streptomyces lydicus	2	47	15	0.339033043855619	219.97360316762
DRR099206	S	54571	Streptomyces venezuelae	2	77	35	0.339033043855619	219.97360316762
DRR099206	S	1892	Streptomyces anulatus	1	5	2	0.16951652192781	109.98680158381
DRR099206	S	1911	Streptomyces griseus	1	17	5	0.16951652192781	109.98680158381
DRR099206	S	67304	Streptomyces griseorubiginosus	2	12	8	0.339033043855619	219.97360316762
DRR099206	S	1889	Streptomyces ambofaciens	2	21	5	0.339033043855619	219.97360316762
DRR099206	S	1927	Streptomyces rimosus	2	444	10	0.339033043855619	219.97360316762
DRR099206	S	2763006	Streptomyces buecherae	2	14	9	0.339033043855619	219.97360316762
DRR099206	S	249586	Streptomyces asoensis	1	107	10	0.16951652192781	109.98680158381
DRR099206	S	1413221	Streptomyces ferrugineus	1	91	7	0.16951652192781	109.98680158381
DRR099206	S	2184053	Streptomyces cadmiisoli	1	19	5	0.16951652192781	109.98680158381
DRR099206	S	1827580	Streptomyces nigra	1	4493	12	0.16951652192781	109.98680158381
DRR099206	S	42881	Streptomyces chromofuscus	1	12	8	0.16951652192781	109.98680158381
DRR099206	S	2662397	Streptomyces fagopyri	1	19	4	0.16951652192781	109.98680158381
DRR099206	S	28894	Streptomyces nitrosporeus	1	10	7	0.16951652192781	109.98680158381
DRR099206	S	193462	Streptomyces niveus	1	40	9	0.16951652192781	109.98680158381
DRR099206	S	2710756	Streptomyces bathyalis	1	11	6	0.16951652192781	109.98680158381
DRR099206	S	2768068	Streptomyces genisteinicus	1	6	6	0.16951652192781	109.98680158381
DRR099206	G	2063	Kitasatospora	2	179	39	0.339033043855619	219.97360316762
DRR099206	S	68173	Kitasatospora albolonga	1	18	10	0.16951652192781	109.98680158381
DRR099206	S	2742135	Kitasatospora sp. NA04385	1	15	6	0.16951652192781	109.98680158381
DRR099206	G	33882	Microbacterium	19	828	247	3.22081391662838	2089.74923009239
DRR099206	S	2606451	Microbacterium sp. 1S1	4	68	4	0.678066087711239	439.94720633524
DRR099206	S	2014534	Microbacterium sp. PM5	2	24	15	0.339033043855619	219.97360316762
DRR099206	S	1906274	Microbacterium sp. JZ31	1	6	3	0.16951652192781	109.98680158381
DRR099206	S	367477	Microbacterium sp. XT11	1	8	3	0.16951652192781	109.98680158381
DRR099206	S	104336	Microbacterium foliorum	5	142	8	0.847582609639049	549.93400791905
DRR099206	S	36805	Microbacterium aurum	2	25	17	0.339033043855619	219.97360316762
DRR099206	S	2782169	Microbacterium cremeum	1	5	5	0.16951652192781	109.98680158381
DRR099206	S	2614639	Microbacterium lushaniae	1	5	4	0.16951652192781	109.98680158381
DRR099206	S	82380	Microbacterium oxydans	1	36	33	0.16951652192781	109.98680158381
DRR099206	G	33886	Rathayibacter	9	106	35	1.52564869735029	989.881214254289
DRR099206	S	2609253	Rathayibacter sp. VKM Ac-2760	6	37	2	1.01709913156686	659.92080950286
DRR099206	S	2609252	Rathayibacter sp. VKM Ac-2759	1	17	5	0.16951652192781	109.98680158381
DRR099206	S	145458	Rathayibacter toxicus	1	3	2	0.16951652192781	109.98680158381
DRR099206	G	33877	Agromyces	7	114	23	1.18661565349467	769.90761108667
DRR099206	S	453304	Agromyces aureus	4	19	4	0.678066087711239	439.94720633524
DRR099206	S	589382	Agromyces flavus	1	18	5	0.16951652192781	109.98680158381
DRR099206	S	2585717	Agromyces laixinhei	1	32	2	0.16951652192781	109.98680158381
DRR099206	S	2781962	Agromyces archimandritae	1	13	3	0.16951652192781	109.98680158381
DRR099206	G	2034	Curtobacterium	3	59	24	0.508549565783429	329.96040475143
DRR099206	S	1561023	Curtobacterium sp. MR_MD2014	1	2	1	0.16951652192781	109.98680158381
DRR099206	S	1905847	Curtobacterium sp. BH-2-1-1	1	6	4	0.16951652192781	109.98680158381
DRR099206	S	2070337	Curtobacterium sp. SGAir0471	1	4	3	0.16951652192781	109.98680158381
DRR099206	G	1573	Clavibacter	3	34	12	0.508549565783429	329.96040475143
DRR099206	S	28447	Clavibacter michiganensis	3	29	8	0.508549565783429	329.96040475143
DRR099206	G	2680004	Protaetiibacter	2	16	6	0.339033043855619	219.97360316762
DRR099206	S	2419774	Protaetiibacter intestinalis	1	6	3	0.16951652192781	109.98680158381
DRR099206	S	2759943	Protaetiibacter sp. SSC-01	1	4	2	0.16951652192781	109.98680158381
DRR099206	G	110932	Leifsonia	2	28	14	0.339033043855619	219.97360316762
DRR099206	S	1575	Leifsonia xyli	2	4	4	0.339033043855619	219.97360316762
DRR099206	G	69578	Cryobacterium	2	69	7	0.339033043855619	219.97360316762
DRR099206	S	670052	Cryobacterium arcticum	2	66	4	0.339033043855619	219.97360316762
DRR099206	G	96492	Frigoribacterium	1	3	2	0.16951652192781	109.98680158381
DRR099206	S	2596916	Frigoribacterium sp. NBH87	1	3	2	0.16951652192781	109.98680158381
DRR099206	G	55968	Leucobacter	1	68	12	0.16951652192781	109.98680158381
DRR099206	S	1784719	Leucobacter triazinivorans	1	5	4	0.16951652192781	109.98680158381
DRR099206	G	1759331	Cnuibacter	1	121	1	0.16951652192781	109.98680158381
DRR099206	S	1619308	Cnuibacter physcomitrellae	1	121	1	0.16951652192781	109.98680158381
DRR099206	G	190323	Plantibacter	1	30	9	0.16951652192781	109.98680158381
DRR099206	S	2583822	Plantibacter sp. M259	1	14	3	0.16951652192781	109.98680158381
DRR099206	G	447237	Frondihabitans	1	7	5	0.16951652192781	109.98680158381
DRR099206	S	1446794	Frondihabitans sp. 762G35	1	2	2	0.16951652192781	109.98680158381
DRR099206	G	1433997	Diaminobutyricimonas	1	3	2	0.16951652192781	109.98680158381
DRR099206	S	2683590	Diaminobutyricimonas sp. LJ205	1	3	2	0.16951652192781	109.98680158381
DRR099206	G	1663	Arthrobacter	5	359	86	0.847582609639049	549.93400791905
DRR099206	S	2017685	Arthrobacter sp. PM3	4	165	4	0.678066087711239	439.94720633524
DRR099206	S	904039	Arthrobacter sp. NEB 688	1	5	2	0.16951652192781	109.98680158381
DRR099206	G	596707	Sinomonas	3	57	8	0.508549565783429	329.96040475143
DRR099206	S	37927	Sinomonas atrocyanea	3	54	5	0.508549565783429	329.96040475143
DRR099206	G	1269	Micrococcus	1	35	30	0.16951652192781	109.98680158381
DRR099206	S	1270	Micrococcus luteus	1	8	8	0.16951652192781	109.98680158381
DRR099206	G	125287	Ornithinimicrobium	4	124	15	0.678066087711239	439.94720633524
DRR099206	S	2593973	Ornithinimicrobium pratense	4	52	3	0.678066087711239	439.94720633524
DRR099206	G	1707	Cellulomonas	3	71	37	0.508549565783429	329.96040475143
DRR099206	S	2654191	Cellulomonas sp. JZ18	2	7	4	0.339033043855619	219.97360316762
DRR099206	S	1708	Cellulomonas fimi	1	4	4	0.16951652192781	109.98680158381
DRR099206	G	157920	Cellulosimicrobium	3	126	18	0.508549565783429	329.96040475143
DRR099206	S	1710	Cellulosimicrobium cellulans	2	45	3	0.339033043855619	219.97360316762
DRR099206	G	84756	Beutenbergia	1	5	4	0.16951652192781	109.98680158381
DRR099206	S	84757	Beutenbergia cavernae	1	5	4	0.16951652192781	109.98680158381
DRR099206	G	367298	Phycicoccus	1	14	8	0.16951652192781	109.98680158381
DRR099206	S	1690220	Phycicoccus endophyticus	1	10	4	0.16951652192781	109.98680158381
DRR099206	G	43668	Brachybacterium	1	99	31	0.16951652192781	109.98680158381
DRR099206	S	2571029	Brachybacterium sp. SGAir0954	1	27	6	0.16951652192781	109.98680158381
DRR099206	G	88138	Modestobacter	68	922	21	11.5271234910911	7479.10250769908
DRR099206	S	477641	Modestobacter marinus	68	922	21	11.5271234910911	7479.10250769908
DRR099206	G	38501	Blastococcus	4	57	9	0.678066087711239	439.94720633524
DRR099206	S	138336	Blastococcus saxobsidens	4	57	9	0.678066087711239	439.94720633524
DRR099206	G	1827	Rhodococcus	14	296	91	2.37323130698934	1539.81522217334
DRR099206	S	1830	Rhodococcus ruber	8	47	5	1.35613217542248	879.89441267048
DRR099206	S	43767	Rhodococcus equi	2	4	4	0.339033043855619	219.97360316762
DRR099206	S	2811421	Rhodococcus sp. R79	1	6	4	0.16951652192781	109.98680158381
DRR099206	S	1805827	Rhodococcus sp. MTM3W5.2	1	50	5	0.16951652192781	109.98680158381
DRR099206	S	1829	Rhodococcus rhodochrous	1	2	1	0.16951652192781	109.98680158381
DRR099206	G	1817	Nocardia	13	309	76	2.20371478506153	1429.82842058953
DRR099206	S	455432	Nocardia terpenica	6	35	8	1.01709913156686	659.92080950286
DRR099206	S	480035	Nocardia wallacei	3	40	3	0.508549565783429	329.96040475143
DRR099206	S	1824	Nocardia asteroides	1	5	5	0.16951652192781	109.98680158381
DRR099206	S	2755382	Nocardia huaxiensis	1	49	2	0.16951652192781	109.98680158381
DRR099206	G	1866885	Mycolicibacterium	9	807	135	1.52564869735029	989.881214254289
DRR099206	S	126673	Mycobacterium doricum	2	11	7	0.339033043855619	219.97360316762
DRR099206	S	444597	Mycolicibacterium insubricum	2	65	10	0.339033043855619	219.97360316762
DRR099206	S	98668	Mycolicibacterium septicum	1	3	2	0.16951652192781	109.98680158381
DRR099206	S	1791	Mycolicibacterium aurum	1	22	8	0.16951652192781	109.98680158381
DRR099206	S	1534349	Mycolicibacterium helvum	1	3	2	0.16951652192781	109.98680158381
DRR099206	S	258505	Mycolicibacterium fluoranthenivorans	1	4	3	0.16951652192781	109.98680158381
DRR099206	S	39687	Mycolicibacterium austroafricanum	1	140	3	0.16951652192781	109.98680158381
DRR099206	G	1763	Mycobacterium	8	1103	136	1.35613217542248	879.89441267048
DRR099206	S	560555	Mycobacterium mantenii	2	25	8	0.339033043855619	219.97360316762
DRR099206	S	1764	Mycobacterium avium	1	40	3	0.16951652192781	109.98680158381
DRR099206	S	1545728	Mycobacterium sp. EPa45	1	9	4	0.16951652192781	109.98680158381
DRR099206	S	386911	Mycobacterium seoulense	1	6	1	0.16951652192781	109.98680158381
DRR099206	S	1789	Mycobacterium xenopi	1	24	1	0.16951652192781	109.98680158381
DRR099206	G	670516	Mycobacteroides	2	130	21	0.339033043855619	219.97360316762
DRR099206	S	1774	Mycobacteroides chelonae	1	7	7	0.16951652192781	109.98680158381
DRR099206	S	36809	Mycobacteroides abscessus	1	47	8	0.16951652192781	109.98680158381
DRR099206	G	1073531	Mycolicibacter	1	9	7	0.16951652192781	109.98680158381
DRR099206	S	29314	Mycolicibacter hiberniae	1	7	5	0.16951652192781	109.98680158381
DRR099206	G	1716	Corynebacterium	14	778	163	2.37323130698934	1539.81522217334
DRR099206	S	146827	Corynebacterium simulans	7	139	3	1.18661565349467	769.90761108667
DRR099206	S	1725	Corynebacterium xerosis	3	14	4	0.508549565783429	329.96040475143
DRR099206	S	401472	Corynebacterium ureicelerivorans	2	11	2	0.339033043855619	219.97360316762
DRR099206	S	38304	Corynebacterium tuberculostearicum	1	29	21	0.16951652192781	109.98680158381
DRR099206	S	156978	Corynebacterium imitans	1	19	11	0.16951652192781	109.98680158381
DRR099206	G	2053	Gordonia	1	71	34	0.16951652192781	109.98680158381
DRR099206	S	2054	Gordonia bronchialis	1	9	5	0.16951652192781	109.98680158381
DRR099206	G	1278221	Auraticoccus	34	256	5	5.76356174554553	3739.55125384954
DRR099206	S	675864	Auraticoccus monumenti	34	256	5	5.76356174554553	3739.55125384954
DRR099206	G	1912216	Cutibacterium	7	337	238	1.18661565349467	769.90761108667
DRR099206	S	1747	Cutibacterium acnes	6	294	213	1.01709913156686	659.92080950286
DRR099206	G	1911549	Raineyella	1	9	2	0.16951652192781	109.98680158381
DRR099206	S	2662261	Raineyella fluvialis	1	9	2	0.16951652192781	109.98680158381
DRR099206	G	2717325	Brevilactibacter	1	101	58	0.16951652192781	109.98680158381
DRR099206	S	2819349	Brevilactibacter sp. MC1595	1	101	58	0.16951652192781	109.98680158381
DRR099206	G	1839	Nocardioides	10	394	115	1.6951652192781	1099.8680158381
DRR099206	S	2582905	Nocardioides sp. S-1144	5	25	3	0.847582609639049	549.93400791905
DRR099206	S	2518371	Nocardioides seonyuensis	2	17	3	0.339033043855619	219.97360316762
DRR099206	S	2712223	Nocardioides anomalus	1	26	9	0.16951652192781	109.98680158381
DRR099206	S	450734	Nocardioides dokdonensis	1	6	4	0.16951652192781	109.98680158381
DRR099206	S	2558918	Nocardioides cynanchi	1	38	6	0.16951652192781	109.98680158381
DRR099206	G	116071	Micropruina	1	4	4	0.16951652192781	109.98680158381
DRR099206	S	75385	Micropruina glycogenica	1	4	4	0.16951652192781	109.98680158381
DRR099206	G	182639	Kribbella	2	37	7	0.339033043855619	219.97360316762
DRR099206	S	1544730	Kribbella qitaiheensis	2	35	5	0.339033043855619	219.97360316762
DRR099206	G	117156	Actinopolymorpha	2	16	7	0.339033043855619	219.97360316762
DRR099206	S	117157	Actinopolymorpha singaporensis	2	16	7	0.339033043855619	219.97360316762
DRR099206	G	1835	Saccharopolyspora	5	86	17	0.847582609639049	549.93400791905
DRR099206	S	60894	Saccharopolyspora spinosa	3	47	3	0.508549565783429	329.96040475143
DRR099206	S	1836	Saccharopolyspora erythraea	2	24	8	0.339033043855619	219.97360316762
DRR099206	G	1847	Pseudonocardia	5	205	37	0.847582609639049	549.93400791905
DRR099206	S	445576	Pseudonocardia sp. AL041005-10	2	33	1	0.339033043855619	219.97360316762
DRR099206	S	2761535	Pseudonocardia sp. CGMCC 4.1532	1	70	5	0.16951652192781	109.98680158381
DRR099206	S	240495	Pseudonocardia dioxanivorans	1	53	4	0.16951652192781	109.98680158381
DRR099206	G	674734	Alloactinosynnema	4	181	8	0.678066087711239	439.94720633524
DRR099206	S	1653480	Alloactinosynnema sp. L-07	4	181	8	0.678066087711239	439.94720633524
DRR099206	G	1813	Amycolatopsis	3	169	51	0.508549565783429	329.96040475143
DRR099206	S	1804986	Amycolatopsis albispora	1	8	3	0.16951652192781	109.98680158381
DRR099206	S	2778070	Amycolatopsis sp. FDAARGOS 1241	1	11	5	0.16951652192781	109.98680158381
DRR099206	S	129921	Amycolatopsis keratiniphila	1	17	5	0.16951652192781	109.98680158381
DRR099206	G	1851	Saccharomonospora	2	47	21	0.339033043855619	219.97360316762
DRR099206	S	40989	Saccharomonospora cyanea	1	25	5	0.16951652192781	109.98680158381
DRR099206	S	40990	Saccharomonospora glauca	1	6	4	0.16951652192781	109.98680158381
DRR099206	G	40566	Actinosynnema	1	58	17	0.16951652192781	109.98680158381
DRR099206	S	42197	Actinosynnema pretiosum	1	26	5	0.16951652192781	109.98680158381
DRR099206	G	2529408	Schaalia	15	123	6	2.54274782891715	1649.80202375715
DRR099206	S	1660	Schaalia odontolytica	15	101	1	2.54274782891715	1649.80202375715
DRR099206	G	1654	Actinomyces	3	127	61	0.508549565783429	329.96040475143
DRR099206	S	2737173	Actinomyces marmotae	1	11	1	0.16951652192781	109.98680158381
DRR099206	S	712122	Actinomyces sp. oral taxon 414	1	25	9	0.16951652192781	109.98680158381
DRR099206	S	675090	Actinomyces weissii	1	10	4	0.16951652192781	109.98680158381
DRR099206	G	1865	Actinoplanes	5	176	52	0.847582609639049	549.93400791905
DRR099206	S	196914	Actinoplanes friuliensis	2	59	8	0.339033043855619	219.97360316762
DRR099206	S	1866	Actinoplanes missouriensis	1	26	4	0.16951652192781	109.98680158381
DRR099206	S	113562	Actinoplanes derwentensis	1	48	8	0.16951652192781	109.98680158381
DRR099206	S	649831	Actinoplanes sp. N902-109	1	7	5	0.16951652192781	109.98680158381
DRR099206	G	1873	Micromonospora	5	1668	162	0.847582609639049	549.93400791905
DRR099206	S	1914461	Micromonospora terminaliae	4	36	9	0.678066087711239	439.94720633524
DRR099206	S	479978	Micromonospora tulbaghiae	1	381	2	0.16951652192781	109.98680158381
DRR099206	G	907364	Phytohabitans	2	65	16	0.339033043855619	219.97360316762
DRR099206	S	624315	Phytohabitans suffuscus	1	16	11	0.16951652192781	109.98680158381
DRR099206	S	1076124	Phytohabitans flavus	1	49	5	0.16951652192781	109.98680158381
DRR099206	G	84593	Verrucosispora	1	18	4	0.16951652192781	109.98680158381
DRR099206	S	2742132	Verrucosispora sp. NA02020	1	18	4	0.16951652192781	109.98680158381
DRR099206	G	2013	Nocardiopsis	2	36	17	0.339033043855619	219.97360316762
DRR099206	S	2014	Nocardiopsis dassonvillei	2	30	12	0.339033043855619	219.97360316762
DRR099206	G	83677	Thermobifida	1	41	1	0.16951652192781	109.98680158381
DRR099206	S	2021	Thermobifida fusca	1	41	1	0.16951652192781	109.98680158381
DRR099206	G	104204	Streptomonospora	1	19	5	0.16951652192781	109.98680158381
DRR099206	S	2498135	Streptomonospora litoralis	1	19	5	0.16951652192781	109.98680158381
DRR099206	G	2000	Streptosporangium	1	28	9	0.16951652192781	109.98680158381
DRR099206	S	2001	Streptosporangium roseum	1	20	4	0.16951652192781	109.98680158381
DRR099206	G	83681	Nonomuraea	1	51	19	0.16951652192781	109.98680158381
DRR099206	S	1909395	Nonomuraea sp. ATCC 55076	1	43	16	0.16951652192781	109.98680158381
DRR099206	G	147067	Thermobispora	1	11	6	0.16951652192781	109.98680158381
DRR099206	S	2006	Thermobispora bispora	1	11	6	0.16951652192781	109.98680158381
DRR099206	G	1988	Actinomadura	1	200	45	0.16951652192781	109.98680158381
DRR099206	S	1219491	Actinomadura sp. WMMB 499	1	37	11	0.16951652192781	109.98680158381
DRR099206	G	1678	Bifidobacterium	3	61	19	0.508549565783429	329.96040475143
DRR099206	S	1689	Bifidobacterium dentium	2	36	2	0.339033043855619	219.97360316762
DRR099206	S	762210	Bifidobacterium saguini	1	2	1	0.16951652192781	109.98680158381
DRR099206	G	2701	Gardnerella	2	68	50	0.339033043855619	219.97360316762
DRR099206	S	2702	Gardnerella vaginalis	2	60	45	0.339033043855619	219.97360316762
DRR099206	G	414878	Catenulispora	2	51	11	0.339033043855619	219.97360316762
DRR099206	S	304895	Catenulispora acidiphila	2	51	11	0.339033043855619	219.97360316762
DRR099206	G	1854	Frankia	1	228	41	0.16951652192781	109.98680158381
DRR099206	S	1859	Frankia alni	1	108	14	0.16951652192781	109.98680158381
DRR099206	G	42255	Rubrobacter	1	26	23	0.16951652192781	109.98680158381
DRR099206	S	2653851	Rubrobacter tropicus	1	6	5	0.16951652192781	109.98680158381
DRR099206	G	46239	Mesoplasma	32	1398	412	5.42452870168991	3519.57765068192
DRR099206	S	2151	Mesoplasma florum	31	567	179	5.2550121797621	3409.59084909811
DRR099206	G	2132	Spiroplasma	1	155	52	0.16951652192781	109.98680158381
DRR099206	S	216938	Spiroplasma helicoides	1	25	2	0.16951652192781	109.98680158381
DRR099206	G	2093	Mycoplasma	1	54	35	0.16951652192781	109.98680158381
DRR099206	S	141391	Candidatus Mycoplasma haemolamae	1	2	2	0.16951652192781	109.98680158381
DRR099206	G	2923352	Mesomycoplasma	1	89	26	0.16951652192781	109.98680158381
DRR099206	S	2100	Mesomycoplasma hyorhinis	1	16	12	0.16951652192781	109.98680158381
DRR099206	G	270	Thermus	19	353	60	3.22081391662838	2089.74923009239
DRR099206	S	274	Thermus thermophilus	17	153	7	2.88178087277276	1869.77562692477
DRR099206	S	37636	Thermus scotoductus	2	42	18	0.339033043855619	219.97360316762
DRR099206	G	1298	Deinococcus	5	170	44	0.847582609639049	549.93400791905
DRR099206	S	1211322	Deinococcus metallilatus	2	13	5	0.339033043855619	219.97360316762
DRR099206	S	1299	Deinococcus radiodurans	2	17	4	0.339033043855619	219.97360316762
DRR099206	S	2737050	Deinococcus sp. TS-293	1	2	2	0.16951652192781	109.98680158381
DRR099206	G	752201	Sphaerospermopsis	4	449	4	0.678066087711239	439.94720633524
DRR099206	S	289435	Sphaerospermopsis kisseleviana	4	449	4	0.678066087711239	439.94720633524
DRR099206	G	1203	Scytonema	2	15	7	0.339033043855619	219.97360316762
DRR099206	S	1137095	Scytonema sp. HK-05	2	14	6	0.339033043855619	219.97360316762
DRR099206	G	373984	Rivularia	2	11	8	0.339033043855619	219.97360316762
DRR099206	S	373994	Rivularia sp. PCC 7116	2	11	8	0.339033043855619	219.97360316762
DRR099206	G	1186	Calothrix	2	289	44	0.339033043855619	219.97360316762
DRR099206	S	1973486	Calothrix parasitica	1	9	7	0.16951652192781	109.98680158381
DRR099206	S	1170562	Calothrix sp. PCC 6303	1	10	4	0.16951652192781	109.98680158381
DRR099206	G	1177	Nostoc	1	498	67	0.16951652192781	109.98680158381
DRR099206	S	446679	Nostoc sphaeroides	1	10	9	0.16951652192781	109.98680158381
DRR099206	G	1129	Synechococcus	2	556	78	0.339033043855619	219.97360316762
DRR099206	S	1400864	Synechococcus sp. BIOS-E4-1	1	19	1	0.16951652192781	109.98680158381
DRR099206	S	321332	Synechococcus sp. JA-2-3B'a(2-13)	1	22	4	0.16951652192781	109.98680158381
DRR099206	G	33071	Gloeobacter	1	37	5	0.16951652192781	109.98680158381
DRR099206	S	1416614	Gloeobacter kilaueensis	1	33	2	0.16951652192781	109.98680158381
DRR099206	G	1492710	Oxynema	1	10	3	0.16951652192781	109.98680158381
DRR099206	S	2874213	Oxynema aestuarii	1	10	3	0.16951652192781	109.98680158381
DRR099206	S	1763363	cyanobacterium endosymbiont of Rhopalodia gibberula	1	14	3	0.16951652192781	109.98680158381
DRR099206	G	47251	Leptolyngbya	1	36	15	0.16951652192781	109.98680158381
DRR099206	S	1115757	Leptolyngbya sp. BL0902	1	13	5	0.16951652192781	109.98680158381
DRR099206	G	1988031	Candidatus Promineofilum	5	32	5	0.847582609639049	549.93400791905
DRR099206	S	1806508	Candidatus Promineofilum breve	5	32	5	0.847582609639049	549.93400791905
DRR099206	G	286	Pseudomonas	103	7490	633	17.4602017585644	11328.6405631324
DRR099206	S	29442	Pseudomonas tolaasii	44	3482	16	7.45872696482363	4839.41926968764
DRR099206	S	200451	Pseudomonas poae	4	14	1	0.678066087711239	439.94720633524
DRR099206	S	46679	Pseudomonas mucidolens	1	5	2	0.16951652192781	109.98680158381
DRR099206	S	303	Pseudomonas putida	10	359	39	1.6951652192781	1099.8680158381
DRR099206	S	1245526	Pseudomonas guangdongensis	6	120	4	1.01709913156686	659.92080950286
DRR099206	S	1148509	Pseudomonas prosekii	6	23	2	1.01709913156686	659.92080950286
DRR099206	S	2811422	Pseudomonas sp. PDNC002	2	11	4	0.339033043855619	219.97360316762
DRR099206	S	2726989	Pseudomonas sp. gcc21	1	4	2	0.16951652192781	109.98680158381
DRR099206	S	2653853	Pseudomonas sp. SCB32	1	6	2	0.16951652192781	109.98680158381
DRR099206	S	300	Pseudomonas mendocina	1	28	12	0.16951652192781	109.98680158381
DRR099206	S	301	Pseudomonas oleovorans	1	10	5	0.16951652192781	109.98680158381
DRR099206	S	237610	Pseudomonas psychrotolerans	1	170	6	0.16951652192781	109.98680158381
DRR099206	S	158627	Pseudomonas graminis	1	2	2	0.16951652192781	109.98680158381
DRR099206	S	46677	Pseudomonas agarici	1	94	3	0.16951652192781	109.98680158381
DRR099206	S	95300	Pseudomonas vancouverensis	1	16	8	0.16951652192781	109.98680158381
DRR099206	S	587753	Pseudomonas chlororaphis	1	41	17	0.16951652192781	109.98680158381
DRR099206	S	65741	Pseudomonas knackmussii	1	2	2	0.16951652192781	109.98680158381
DRR099206	G	352	Azotobacter	1	18	12	0.16951652192781	109.98680158381
DRR099206	S	69964	Azotobacter salinestris	1	5	5	0.16951652192781	109.98680158381
DRR099206	G	2742	Marinobacter	2	50	24	0.339033043855619	219.97360316762
DRR099206	S	1874317	Marinobacter salinus	2	10	2	0.339033043855619	219.97360316762
DRR099206	G	338	Xanthomonas	41	4136	340	6.9501773990402	4509.45886493621
DRR099206	S	456327	Xanthomonas euvesicatoria	31	3524	5	5.2550121797621	3409.59084909811
DRR099206	S	339	Xanthomonas campestris	8	294	228	1.35613217542248	879.89441267048
DRR099206	S	29447	Xanthomonas albilineans	1	120	4	0.16951652192781	109.98680158381
DRR099206	S	56458	Xanthomonas sacchari	1	7	4	0.16951652192781	109.98680158381
DRR099206	G	40323	Stenotrophomonas	12	751	420	2.03419826313372	1319.84161900572
DRR099206	S	40324	Stenotrophomonas maltophilia	10	165	119	1.6951652192781	1099.8680158381
DRR099206	S	216778	Stenotrophomonas rhizophila	1	47	6	0.16951652192781	109.98680158381
DRR099206	G	2709666	Pseudolysobacter	2	273	2	0.339033043855619	219.97360316762
DRR099206	S	2511995	Pseudolysobacter antarcticus	2	273	2	0.339033043855619	219.97360316762
DRR099206	G	83614	Luteimonas	1	132	28	0.16951652192781	109.98680158381
DRR099206	S	1176533	Luteimonas granuli	1	4	4	0.16951652192781	109.98680158381
DRR099206	G	561	Escherichia	26	184	30	4.40742957012305	2859.65684117906
DRR099206	S	562	Escherichia coli	26	90	21	4.40742957012305	2859.65684117906
DRR099206	G	570	Klebsiella	7	360	68	1.18661565349467	769.90761108667
DRR099206	S	573	Klebsiella pneumoniae	6	84	17	1.01709913156686	659.92080950286
DRR099206	G	547	Enterobacter	1	131	48	0.16951652192781	109.98680158381
DRR099206	S	158836	Enterobacter hormaechei	1	27	3	0.16951652192781	109.98680158381
DRR099206	S	2675787	Enterobacteriaceae endosymbiont of Donacia tomentosa	1	1	1	0.16951652192781	109.98680158381
DRR099206	G	544	Citrobacter	1	134	48	0.16951652192781	109.98680158381
DRR099206	G	583	Proteus	4	83	29	0.678066087711239	439.94720633524
DRR099206	S	585	Proteus vulgaris	1	5	5	0.16951652192781	109.98680158381
DRR099206	G	551	Erwinia	2	89	68	0.339033043855619	219.97360316762
DRR099206	S	1619313	Erwinia gerundensis	1	8	8	0.16951652192781	109.98680158381
DRR099206	G	32199	Buchnera	1	41	38	0.16951652192781	109.98680158381
DRR099206	S	9	Buchnera aphidicola	1	41	38	0.16951652192781	109.98680158381
DRR099206	G	122277	Pectobacterium	1	30	21	0.16951652192781	109.98680158381
DRR099206	S	2108399	Pectobacterium punjabense	1	4	2	0.16951652192781	109.98680158381
DRR099206	G	1082702	Lonsdalea	1	36	4	0.16951652192781	109.98680158381
DRR099206	S	1082704	Lonsdalea britannica	1	36	4	0.16951652192781	109.98680158381
DRR099206	G	629	Yersinia	1	85	40	0.16951652192781	109.98680158381
DRR099206	S	29483	Yersinia aldovae	1	4	4	0.16951652192781	109.98680158381
DRR099206	G	745	Pasteurella	40	2732	110	6.78066087711239	4399.4720633524
DRR099206	S	747	Pasteurella multocida	40	2731	109	6.78066087711239	4399.4720633524
DRR099206	G	2094023	Glaesserella	2	15	8	0.339033043855619	219.97360316762
DRR099206	S	2030797	Glaesserella sp. 15-184	2	9	2	0.339033043855619	219.97360316762
DRR099206	G	713	Actinobacillus	1	9	7	0.16951652192781	109.98680158381
DRR099206	S	715	Actinobacillus pleuropneumoniae	1	1	1	0.16951652192781	109.98680158381
DRR099206	G	475	Moraxella	9	396	261	1.52564869735029	989.881214254289
DRR099206	S	34062	Moraxella osloensis	9	328	253	1.52564869735029	989.881214254289
DRR099206	G	469	Acinetobacter	2	387	126	0.339033043855619	219.97360316762
DRR099206	S	40216	Acinetobacter radioresistens	1	68	4	0.16951652192781	109.98680158381
DRR099206	G	497	Psychrobacter	1	42	18	0.16951652192781	109.98680158381
DRR099206	G	2745	Halomonas	5	584	69	0.847582609639049	549.93400791905
DRR099206	S	115561	Halomonas hydrothermalis	2	25	2	0.339033043855619	219.97360316762
DRR099206	S	2014541	Halomonas sp. N3-2A	1	2	2	0.16951652192781	109.98680158381
DRR099206	G	114185	Candidatus Carsonella	1	3	3	0.16951652192781	109.98680158381
DRR099206	S	2661587	Candidatus Carsonella ruddii (Diaphorina cf. continua)	1	2	2	0.16951652192781	109.98680158381
DRR099206	G	59753	Alcanivorax	1	8	8	0.16951652192781	109.98680158381
DRR099206	G	2894574	Saccharobesus	7	40	1	1.18661565349467	769.90761108667
DRR099206	S	2172099	Saccharobesus litoralis	7	40	1	1.18661565349467	769.90761108667
DRR099206	G	226	Alteromonas	1	52	26	0.16951652192781	109.98680158381
DRR099206	S	589873	Alteromonas australica	1	17	2	0.16951652192781	109.98680158381
DRR099206	G	1237	Piscirickettsia	5	127	7	0.847582609639049	549.93400791905
DRR099206	S	1238	Piscirickettsia salmonis	5	127	7	0.847582609639049	549.93400791905
DRR099206	G	40222	Methylophaga	1	2	2	0.16951652192781	109.98680158381
DRR099206	S	754476	Methylophaga nitratireducenticrescens	1	1	1	0.16951652192781	109.98680158381
DRR099206	G	662	Vibrio	4	361	119	0.678066087711239	439.94720633524
DRR099206	S	55601	Vibrio anguillarum	4	17	10	0.678066087711239	439.94720633524
DRR099206	G	657	Photobacterium	1	22	17	0.16951652192781	109.98680158381
DRR099206	S	2829502	Photobacterium sp. GJ3	1	5	4	0.16951652192781	109.98680158381
DRR099206	G	39773	Methylomicrobium	1	9	4	0.16951652192781	109.98680158381
DRR099206	S	39775	Methylomicrobium album	1	9	4	0.16951652192781	109.98680158381
DRR099206	G	1760987	Methylomagnum	1	5	1	0.16951652192781	109.98680158381
DRR099206	S	1760988	Methylomagnum ishizawai	1	5	1	0.16951652192781	109.98680158381
DRR099206	G	59195	Rickettsiella	2	10	1	0.339033043855619	219.97360316762
DRR099206	S	676208	Candidatus Rickettsiella viridis	2	10	1	0.339033043855619	219.97360316762
DRR099206	G	642	Aeromonas	2	167	122	0.339033043855619	219.97360316762
DRR099206	S	654	Aeromonas veronii	1	43	14	0.16951652192781	109.98680158381
DRR099206	G	1227	Nitrosococcus	1	3	3	0.16951652192781	109.98680158381
DRR099206	S	1229	Nitrosococcus oceani	1	1	1	0.16951652192781	109.98680158381
DRR099206	G	48073	Microbulbifer	1	139	21	0.16951652192781	109.98680158381
DRR099206	S	2681547	Microbulbifer sp. SH-1	1	50	4	0.16951652192781	109.98680158381
DRR099206	G	106589	Cupriavidus	85	2514	110	14.4089043638638	9348.87813462384
DRR099206	S	96344	Cupriavidus oxalaticus	78	2203	6	13.2222887103692	8578.97052353717
DRR099206	S	164546	Cupriavidus taiwanensis	5	70	19	0.847582609639049	549.93400791905
DRR099206	S	119219	Cupriavidus metallidurans	2	85	34	0.339033043855619	219.97360316762
DRR099206	G	1822464	Paraburkholderia	14	353	69	2.37323130698934	1539.81522217334
DRR099206	S	2211211	Paraburkholderia dokdonella	8	42	2	1.35613217542248	879.89441267048
DRR099206	S	148447	Paraburkholderia phymatum	4	16	3	0.678066087711239	439.94720633524
DRR099206	S	75105	Paraburkholderia caribensis	1	46	5	0.16951652192781	109.98680158381
DRR099206	S	311230	Paraburkholderia terrae	1	3	2	0.16951652192781	109.98680158381
DRR099206	G	32008	Burkholderia	8	512	120	1.35613217542248	879.89441267048
DRR099206	S	179879	Burkholderia anthina	4	28	1	0.678066087711239	439.94720633524
DRR099206	S	488731	Burkholderia seminalis	1	3	2	0.16951652192781	109.98680158381
DRR099206	S	482957	Burkholderia lata	1	2	2	0.16951652192781	109.98680158381
DRR099206	G	48736	Ralstonia	2	269	68	0.339033043855619	219.97360316762
DRR099206	S	305	Ralstonia solanacearum	1	151	17	0.16951652192781	109.98680158381
DRR099206	S	329	Ralstonia pickettii	1	57	32	0.16951652192781	109.98680158381
DRR099206	G	93217	Pandoraea	2	162	29	0.339033043855619	219.97360316762
DRR099206	S	445709	Pandoraea thiooxydans	1	86	4	0.16951652192781	109.98680158381
DRR099206	S	656178	Pandoraea vervacti	1	10	7	0.16951652192781	109.98680158381
DRR099206	G	80865	Delftia	13	640	406	2.20371478506153	1429.82842058953
DRR099206	S	80866	Delftia acidovorans	6	106	36	1.01709913156686	659.92080950286
DRR099206	S	180282	Delftia tsuruhatensis	2	15	15	0.339033043855619	219.97360316762
DRR099206	G	47420	Hydrogenophaga	6	99	28	1.01709913156686	659.92080950286
DRR099206	S	2184519	Hydrogenophaga sp. NH-16	4	7	3	0.678066087711239	439.94720633524
DRR099206	S	2806262	Hydrogenophaga sp. YM1	2	12	3	0.339033043855619	219.97360316762
DRR099206	G	12916	Acidovorax	3	108	38	0.508549565783429	329.96040475143
DRR099206	S	80867	Acidovorax avenae	2	68	9	0.339033043855619	219.97360316762
DRR099206	S	358220	Acidovorax sp. KKS102	1	3	1	0.16951652192781	109.98680158381
DRR099206	G	201096	Alicycliphilus	3	98	6	0.508549565783429	329.96040475143
DRR099206	S	179636	Alicycliphilus denitrificans	3	98	6	0.508549565783429	329.96040475143
DRR099206	G	28065	Rhodoferax	1	50	20	0.16951652192781	109.98680158381
DRR099206	S	2741720	Rhodoferax sp. BAB1	1	8	1	0.16951652192781	109.98680158381
DRR099206	G	34072	Variovorax	1	348	59	0.16951652192781	109.98680158381
DRR099206	S	2774875	Variovorax sp. 38R	1	22	2	0.16951652192781	109.98680158381
DRR099206	G	683756	Kinneretia	1	235	15	0.16951652192781	109.98680158381
DRR099206	S	2714952	Kinneretia sp. DAIF2	1	234	14	0.16951652192781	109.98680158381
DRR099206	G	222	Achromobacter	8	405	291	1.35613217542248	879.89441267048
DRR099206	S	85698	Achromobacter xylosoxidans	5	147	145	0.847582609639049	549.93400791905
DRR099206	S	1758194	Achromobacter sp. AONIH1	2	69	66	0.339033043855619	219.97360316762
DRR099206	S	1353889	Achromobacter pestifer	1	4	4	0.16951652192781	109.98680158381
DRR099206	G	507	Alcaligenes	2	26	6	0.339033043855619	219.97360316762
DRR099206	S	511	Alcaligenes faecalis	2	25	5	0.339033043855619	219.97360316762
DRR099206	G	517	Bordetella	1	111	36	0.16951652192781	109.98680158381
DRR099206	S	103855	Bordetella hinzii	1	17	2	0.16951652192781	109.98680158381
DRR099206	G	29574	Taylorella	1	2	2	0.16951652192781	109.98680158381
DRR099206	S	29575	Taylorella equigenitalis	1	2	2	0.16951652192781	109.98680158381
DRR099206	G	75654	Duganella	5	47	8	0.847582609639049	549.93400791905
DRR099206	S	2728020	Duganella sp. GN2-R2	5	46	7	0.847582609639049	549.93400791905
DRR099206	G	149698	Massilia	5	204	75	0.847582609639049	549.93400791905
DRR099206	S	321983	Massilia albidiflava	1	8	6	0.16951652192781	109.98680158381
DRR099206	S	864828	Massilia umbonata	1	11	9	0.16951652192781	109.98680158381
DRR099206	S	2072590	Massilia armeniaca	1	29	7	0.16951652192781	109.98680158381
DRR099206	G	316612	Methylibium	10	60	7	1.6951652192781	1099.8680158381
DRR099206	S	2082386	Methylibium sp. Pch-M	10	57	4	1.6951652192781	1099.8680158381
DRR099206	G	551759	Aromatoleum	4	442	8	0.678066087711239	439.94720633524
DRR099206	S	76116	Aromatoleum petrolei	4	423	3	0.678066087711239	439.94720633524
DRR099206	G	33057	Thauera	2	22	9	0.339033043855619	219.97360316762
DRR099206	S	85643	Thauera sp. MZ1T	2	12	2	0.339033043855619	219.97360316762
DRR099206	G	535	Chromobacterium	2	181	29	0.339033043855619	219.97360316762
DRR099206	S	1778675	Chromobacterium rhizoryzae	1	5	2	0.16951652192781	109.98680158381
DRR099206	S	2059672	Chromobacterium sp. ATCC 53434	1	7	7	0.16951652192781	109.98680158381
DRR099206	G	482	Neisseria	1	48	19	0.16951652192781	109.98680158381
DRR099206	S	485	Neisseria gonorrhoeae	1	19	3	0.16951652192781	109.98680158381
DRR099206	G	374	Bradyrhizobium	55	1601	1122	9.32340870602953	6049.27408710955
DRR099206	S	2057741	Bradyrhizobium sp. SK17	18	173	149	3.05129739470057	1979.76242850858
DRR099206	S	2715960	Bradyrhizobium sp. PSBB068	9	243	201	1.52564869735029	989.881214254289
DRR099206	S	1325120	Bradyrhizobium sp. CCBAU 53421	6	71	39	1.01709913156686	659.92080950286
DRR099206	S	1197460	Bradyrhizobium sp. 6(2017)	4	78	27	0.678066087711239	439.94720633524
DRR099206	S	1223566	Bradyrhizobium sp. CCGE-LA001	2	6	5	0.339033043855619	219.97360316762
DRR099206	S	1325111	Bradyrhizobium sp. CCBAU 53338	1	3	3	0.16951652192781	109.98680158381
DRR099206	S	1325114	Bradyrhizobium sp. CCBAU 53351	1	4	4	0.16951652192781	109.98680158381
DRR099206	S	1325112	Bradyrhizobium sp. CCBAU 53340	1	8	7	0.16951652192781	109.98680158381
DRR099206	S	1325100	Bradyrhizobium sp. CCBAU 51753	1	25	17	0.16951652192781	109.98680158381
DRR099206	S	858422	Bradyrhizobium sp. CCBAU 051011	1	3	3	0.16951652192781	109.98680158381
DRR099206	S	1437360	Bradyrhizobium erythrophlei	3	28	12	0.508549565783429	329.96040475143
DRR099206	S	244734	Bradyrhizobium betae	1	58	45	0.16951652192781	109.98680158381
DRR099206	S	1404411	Bradyrhizobium septentrionale	1	10	10	0.16951652192781	109.98680158381
DRR099206	S	1325090	Bradyrhizobium guangdongense	1	46	45	0.16951652192781	109.98680158381
DRR099206	G	911	Nitrobacter	1	13	9	0.16951652192781	109.98680158381
DRR099206	S	912	Nitrobacter hamburgensis	1	11	7	0.16951652192781	109.98680158381
DRR099206	G	407	Methylobacterium	7	303	99	1.18661565349467	769.90761108667
DRR099206	S	270351	Methylobacterium aquaticum	4	53	9	0.678066087711239	439.94720633524
DRR099206	S	2202827	Methylobacterium terrae	1	10	5	0.16951652192781	109.98680158381
DRR099206	S	2202828	Methylobacterium radiodurans	1	18	7	0.16951652192781	109.98680158381
DRR099206	G	2282523	Methylorubrum	6	251	113	1.01709913156686	659.92080950286
DRR099206	S	408	Methylorubrum extorquens	3	190	90	0.508549565783429	329.96040475143
DRR099206	S	223967	Methylorubrum populi	3	57	21	0.508549565783429	329.96040475143
DRR099206	G	379	Rhizobium	5	500	82	0.847582609639049	549.93400791905
DRR099206	S	1538159	Rhizobium hidalgonense	3	38	2	0.508549565783429	329.96040475143
DRR099206	S	293958	Rhizobium lusitanum	1	105	1	0.16951652192781	109.98680158381
DRR099206	G	106591	Ensifer	4	34	12	0.678066087711239	439.94720633524
DRR099206	S	106592	Ensifer adhaerens	2	6	4	0.339033043855619	219.97360316762
DRR099206	S	1752398	Ensifer alkalisoli	2	17	3	0.339033043855619	219.97360316762
DRR099206	G	532	Beijerinckia	1	2	2	0.16951652192781	109.98680158381
DRR099206	S	533	Beijerinckia indica	1	2	2	0.16951652192781	109.98680158381
DRR099206	G	120652	Methylocella	1	6	3	0.16951652192781	109.98680158381
DRR099206	S	227605	Methylocella tundrae	1	5	2	0.16951652192781	109.98680158381
DRR099206	G	152053	Starkeya	2	33	3	0.339033043855619	219.97360316762
DRR099206	S	921	Starkeya novella	2	24	2	0.339033043855619	219.97360316762
DRR099206	G	46913	Devosia	1	63	12	0.16951652192781	109.98680158381
DRR099206	S	1736675	Devosia sp. A16	1	8	4	0.16951652192781	109.98680158381
DRR099206	G	1827478	Youhaiella	1	68	3	0.16951652192781	109.98680158381
DRR099206	S	1447062	Youhaiella tibetensis	1	68	3	0.16951652192781	109.98680158381
DRR099206	G	45402	Aquabacter	1	158	7	0.16951652192781	109.98680158381
DRR099206	S	2820278	Aquabacter sp. L1I39	1	158	7	0.16951652192781	109.98680158381
DRR099206	G	28100	Phyllobacterium	1	10	7	0.16951652192781	109.98680158381
DRR099206	S	2718938	Phyllobacterium sp. 628	1	7	4	0.16951652192781	109.98680158381
DRR099206	G	234	Brucella	1	25	9	0.16951652192781	109.98680158381
DRR099206	S	419475	Brucella pseudogrignonensis	1	3	2	0.16951652192781	109.98680158381
DRR099206	G	85413	Bosea	1	36	23	0.16951652192781	109.98680158381
DRR099206	S	1867715	Bosea sp. Tri-49	1	12	5	0.16951652192781	109.98680158381
DRR099206	G	265	Paracoccus	10	268	54	1.6951652192781	1099.8680158381
DRR099206	S	2812658	Paracoccus sp. H4-D09	5	39	1	0.847582609639049	549.93400791905
DRR099206	S	2589076	Paracoccus sp. AK26	2	74	1	0.339033043855619	219.97360316762
DRR099206	S	2065379	Paracoccus jeotgali	1	15	3	0.16951652192781	109.98680158381
DRR099206	S	1499308	Paracoccus mutanolyticus	1	91	11	0.16951652192781	109.98680158381
DRR099206	S	1077935	Paracoccus zhejiangensis	1	2	1	0.16951652192781	109.98680158381
DRR099206	G	1855413	Brevirhabdus	2	18	4	0.339033043855619	219.97360316762
DRR099206	S	1267768	Brevirhabdus pacifica	2	18	4	0.339033043855619	219.97360316762
DRR099206	G	2683599	Paroceanicella	2	17	5	0.339033043855619	219.97360316762
DRR099206	S	2579971	Paroceanicella profunda	2	17	5	0.339033043855619	219.97360316762
DRR099206	G	1060	Rhodobacter	1	426	11	0.16951652192781	109.98680158381
DRR099206	S	1061	Rhodobacter capsulatus	1	20	6	0.16951652192781	109.98680158381
DRR099206	G	60136	Sulfitobacter	2	63	16	0.339033043855619	219.97360316762
DRR099206	G	74032	Antarctobacter	1	4	3	0.16951652192781	109.98680158381
DRR099206	S	74033	Antarctobacter heliothermus	1	4	3	0.16951652192781	109.98680158381
DRR099206	G	93682	Roseivivax	1	13	4	0.16951652192781	109.98680158381
DRR099206	G	188905	Jannaschia	1	1	1	0.16951652192781	109.98680158381
DRR099206	S	290400	Jannaschia sp. CCS1	1	1	1	0.16951652192781	109.98680158381
DRR099206	G	263377	Salipiger	1	17	8	0.16951652192781	109.98680158381
DRR099206	S	1792508	Salipiger sp. CCB-MM3	1	11	4	0.16951652192781	109.98680158381
DRR099206	G	165695	Sphingobium	5	138	50	0.847582609639049	549.93400791905
DRR099206	S	332055	Sphingobium indicum	2	16	3	0.339033043855619	219.97360316762
DRR099206	S	2676077	Sphingobium sp. CAP-1	1	27	3	0.16951652192781	109.98680158381
DRR099206	S	46429	Sphingobium chlorophenolicum	1	3	2	0.16951652192781	109.98680158381
DRR099206	G	13687	Sphingomonas	4	320	97	0.678066087711239	439.94720633524
DRR099206	S	304378	Sphingomonas sp. IC081	1	7	1	0.16951652192781	109.98680158381
DRR099206	S	2596913	Sphingomonas sp. NBWT7	1	8	3	0.16951652192781	109.98680158381
DRR099206	S	2492837	Sphingomonas sp. C8-2	1	11	3	0.16951652192781	109.98680158381
DRR099206	S	152682	Sphingomonas melonis	1	57	40	0.16951652192781	109.98680158381
DRR099206	G	165696	Novosphingobium	1	23	17	0.16951652192781	109.98680158381
DRR099206	S	205844	Novosphingobium pentaromativorans	1	8	5	0.16951652192781	109.98680158381
DRR099206	G	2676233	Sphingosinithalassobacter	1	15	2	0.16951652192781	109.98680158381
DRR099206	S	2711215	Sphingosinithalassobacter tenebrarum	1	15	2	0.16951652192781	109.98680158381
DRR099206	G	1041	Erythrobacter	5	209	16	0.847582609639049	549.93400791905
DRR099206	S	1112	Erythrobacter neustonensis	5	176	3	0.847582609639049	549.93400791905
DRR099206	G	1111	Porphyrobacter	1	17	5	0.16951652192781	109.98680158381
DRR099206	S	2023229	Porphyrobacter sp. HT-58-2	1	2	1	0.16951652192781	109.98680158381
DRR099206	G	2800686	Tsuneonella	1	14	6	0.16951652192781	109.98680158381
DRR099206	S	692370	Tsuneonella dongtanensis	1	12	4	0.16951652192781	109.98680158381
DRR099206	G	364409	Granulibacter	3	13	6	0.508549565783429	329.96040475143
DRR099206	S	364410	Granulibacter bethesdensis	3	13	6	0.508549565783429	329.96040475143
DRR099206	G	125216	Roseomonas	1	74	17	0.16951652192781	109.98680158381
DRR099206	S	2768162	Roseomonas haemaphysalidis	1	6	3	0.16951652192781	109.98680158381
DRR099206	G	2603324	Acidibrevibacterium	1	6	5	0.16951652192781	109.98680158381
DRR099206	S	1969806	Acidibrevibacterium fodinaquatile	1	6	5	0.16951652192781	109.98680158381
DRR099206	G	434	Acetobacter	1	73	22	0.16951652192781	109.98680158381
DRR099206	S	435	Acetobacter aceti	1	11	4	0.16951652192781	109.98680158381
DRR099206	G	191	Azospirillum	1	143	49	0.16951652192781	109.98680158381
DRR099206	S	682998	Azospirillum ramasamyi	1	36	5	0.16951652192781	109.98680158381
DRR099206	G	204447	Skermanella	1	22	9	0.16951652192781	109.98680158381
DRR099206	S	1817965	Skermanella rosea	1	1	1	0.16951652192781	109.98680158381
DRR099206	G	111830	Defluviicoccus	1	3	2	0.16951652192781	109.98680158381
DRR099206	S	111831	Defluviicoccus vanus	1	3	2	0.16951652192781	109.98680158381
DRR099206	G	780	Rickettsia	1	80	21	0.16951652192781	109.98680158381
DRR099206	S	781	Rickettsia conorii	1	4	1	0.16951652192781	109.98680158381
DRR099206	G	69474	Orientia	1	7	7	0.16951652192781	109.98680158381
DRR099206	S	784	Orientia tsutsugamushi	1	7	7	0.16951652192781	109.98680158381
DRR099206	G	768	Anaplasma	1	5	4	0.16951652192781	109.98680158381
DRR099206	S	142058	Anaplasma ovis	1	2	1	0.16951652192781	109.98680158381
DRR099206	G	943	Ehrlichia	1	12	9	0.16951652192781	109.98680158381
DRR099206	S	779	Ehrlichia ruminantium	1	8	6	0.16951652192781	109.98680158381
DRR099206	G	75	Caulobacter	1	369	22	0.16951652192781	109.98680158381
DRR099206	S	69666	Caulobacter mirabilis	1	29	2	0.16951652192781	109.98680158381
DRR099206	G	41275	Brevundimonas	1	77	31	0.16951652192781	109.98680158381
DRR099206	S	1938605	Brevundimonas sp. LM2	1	10	1	0.16951652192781	109.98680158381
DRR099206	G	2813804	Paremcibacter	1	16	4	0.16951652192781	109.98680158381
DRR099206	S	2043170	Paremcibacter congregatus	1	16	4	0.16951652192781	109.98680158381
DRR099206	G	85	Hyphomonas	1	10	4	0.16951652192781	109.98680158381
DRR099206	S	1873716	Hyphomonas sp. CACIAM 19H1	1	6	2	0.16951652192781	109.98680158381
DRR099206	G	47	Archangium	5	275	36	0.847582609639049	549.93400791905
DRR099206	S	83451	Archangium violaceum	5	189	22	0.847582609639049	549.93400791905
DRR099206	G	40	Stigmatella	1	15	10	0.16951652192781	109.98680158381
DRR099206	S	41	Stigmatella aurantiaca	1	15	10	0.16951652192781	109.98680158381
DRR099206	G	42	Cystobacter	1	17	14	0.16951652192781	109.98680158381
DRR099206	S	43	Cystobacter fuscus	1	17	14	0.16951652192781	109.98680158381
DRR099206	G	44	Melittangium	1	60	7	0.16951652192781	109.98680158381
DRR099206	S	83453	Melittangium boletus	1	60	7	0.16951652192781	109.98680158381
DRR099206	G	32	Myxococcus	2	99	34	0.339033043855619	219.97360316762
DRR099206	S	34	Myxococcus xanthus	2	45	17	0.339033043855619	219.97360316762
DRR099206	G	1649470	Minicystis	4	29	13	0.678066087711239	439.94720633524
DRR099206	S	888845	Minicystis rosea	4	29	13	0.678066087711239	439.94720633524
DRR099206	G	39643	Sorangium	2	140	44	0.339033043855619	219.97360316762
DRR099206	S	56	Sorangium cellulosum	2	140	44	0.339033043855619	219.97360316762
DRR099206	G	50	Chondromyces	1	23	4	0.16951652192781	109.98680158381
DRR099206	S	52	Chondromyces crocatus	1	23	4	0.16951652192781	109.98680158381
DRR099206	G	28231	Geobacter	6	1432	25	1.01709913156686	659.92080950286
DRR099206	S	2815309	Geobacter benzoatilyticus	4	16	2	0.678066087711239	439.94720633524
DRR099206	S	2597769	Geobacter sp. FeAm09	2	38	6	0.339033043855619	219.97360316762
DRR099206	G	890	Desulfuromonas	1	8	2	0.16951652192781	109.98680158381
DRR099206	S	1603606	Desulfuromonas soudanensis	1	7	1	0.16951652192781	109.98680158381
DRR099206	G	2289	Desulfobacter	1	54	6	0.16951652192781	109.98680158381
DRR099206	S	2291	Desulfobacter hydrogenophilus	1	9	4	0.16951652192781	109.98680158381
DRR099206	G	43773	Syntrophus	1	6	3	0.16951652192781	109.98680158381
DRR099206	S	316277	Syntrophus aciditrophicus	1	6	3	0.16951652192781	109.98680158381
DRR099206	G	194	Campylobacter	5	185	106	0.847582609639049	549.93400791905
DRR099206	S	199	Campylobacter concisus	3	9	7	0.508549565783429	329.96040475143
DRR099206	S	201	Campylobacter lari	1	5	5	0.16951652192781	109.98680158381
DRR099206	G	28196	Arcobacter	1	48	33	0.16951652192781	109.98680158381
DRR099206	G	2321111	Aliarcobacter	1	284	38	0.16951652192781	109.98680158381
DRR099206	S	28197	Aliarcobacter butzleri	1	9	7	0.16951652192781	109.98680158381
DRR099206	G	2321114	Malaciobacter	1	34	26	0.16951652192781	109.98680158381
DRR099206	S	197482	Malaciobacter halophilus	1	5	4	0.16951652192781	109.98680158381
DRR099206	G	209	Helicobacter	1	142	27	0.16951652192781	109.98680158381
DRR099206	S	210	Helicobacter pylori	1	128	13	0.16951652192781	109.98680158381
DRR099206	G	202746	Sulfurimonas	1	42	24	0.16951652192781	109.98680158381
DRR099206	S	202747	Sulfurimonas autotrophica	1	3	2	0.16951652192781	109.98680158381
DRR099206	G	1652133	Halobacteriovorax	25	361	7	4.23791304819524	2749.67003959525
DRR099206	S	2109558	Halobacteriovorax sp. BALOs_7	25	339	1	4.23791304819524	2749.67003959525
DRR099206	G	104267	Tenacibaculum	17	534	28	2.88178087277276	1869.77562692477
DRR099206	S	669041	Tenacibaculum dicentrarchi	16	484	3	2.71226435084496	1759.78882534096
DRR099206	S	754423	Tenacibaculum sp. SZ-18	1	25	6	0.16951652192781	109.98680158381
DRR099206	G	237	Flavobacterium	5	304	131	0.847582609639049	549.93400791905
DRR099206	S	2614441	Flavobacterium sp. LPB0248	3	10	3	0.508549565783429	329.96040475143
DRR099206	S	2739062	Flavobacterium sp. M31R6	1	6	6	0.16951652192781	109.98680158381
DRR099206	G	225842	Formosa	4	245	20	0.678066087711239	439.94720633524
DRR099206	S	1336794	Formosa sp. Hel1_33_131	4	199	5	0.678066087711239	439.94720633524
DRR099206	G	52959	Polaribacter	1	82	62	0.16951652192781	109.98680158381
DRR099206	S	1312072	Polaribacter sp. SA4-12	1	2	2	0.16951652192781	109.98680158381
DRR099206	G	76831	Myroides	1	78	27	0.16951652192781	109.98680158381
DRR099206	S	256	Myroides odoratus	1	4	4	0.16951652192781	109.98680158381
DRR099206	G	221065	Kordia	1	13	10	0.16951652192781	109.98680158381
DRR099206	S	1218801	Kordia antarctica	1	9	6	0.16951652192781	109.98680158381
DRR099206	G	501783	Cloacibacterium	4	68	40	0.678066087711239	439.94720633524
DRR099206	S	237258	Cloacibacterium normanense	4	68	40	0.678066087711239	439.94720633524
DRR099206	G	59732	Chryseobacterium	3	270	129	0.508549565783429	329.96040475143
DRR099206	S	2487065	Chryseobacterium sp. G0201	1	5	4	0.16951652192781	109.98680158381
DRR099206	S	254	Chryseobacterium indoltheticum	1	11	10	0.16951652192781	109.98680158381
DRR099206	S	1813611	Chryseobacterium cucumeris	1	2	1	0.16951652192781	109.98680158381
DRR099206	G	2782231	Kaistella	1	26	13	0.16951652192781	109.98680158381
DRR099206	S	266749	Kaistella jeonii	1	3	3	0.16951652192781	109.98680158381
DRR099206	G	59734	Empedobacter	1	39	13	0.16951652192781	109.98680158381
DRR099206	S	247	Empedobacter brevis	1	31	7	0.16951652192781	109.98680158381
DRR099206	G	1379908	Rufibacter	8	3495	10	1.35613217542248	879.89441267048
DRR099206	S	512763	Rufibacter tibetensis	4	63	3	0.678066087711239	439.94720633524
DRR099206	S	1379909	Rufibacter sp. DG15C	4	3428	4	0.678066087711239	439.94720633524
DRR099206	G	838	Prevotella	3	164	53	0.508549565783429	329.96040475143
DRR099206	S	1177574	Prevotella jejuni	1	14	4	0.16951652192781	109.98680158381
DRR099206	S	839	Prevotella ruminicola	1	10	5	0.16951652192781	109.98680158381
DRR099206	G	909656	Phocaeicola	1	12	9	0.16951652192781	109.98680158381
DRR099206	S	821	Phocaeicola vulgatus	1	3	3	0.16951652192781	109.98680158381
DRR099206	G	239759	Alistipes	1	132	19	0.16951652192781	109.98680158381
DRR099206	S	328814	Alistipes shahii	1	1	1	0.16951652192781	109.98680158381
DRR099206	G	28453	Sphingobacterium	2	556	55	0.339033043855619	219.97360316762
DRR099206	S	371142	Sphingobacterium daejeonense	2	469	5	0.339033043855619	219.97360316762
DRR099206	G	29548	Rhodothermus	1	4	4	0.16951652192781	109.98680158381
DRR099206	S	29549	Rhodothermus marinus	1	4	4	0.16951652192781	109.98680158381
DRR099206	G	173479	Gemmatimonas	1	74	6	0.16951652192781	109.98680158381
DRR099206	S	2732249	Gemmatimonas groenlandica	1	9	3	0.16951652192781	109.98680158381
DRR099206	G	127	Isosphaera	3	9	1	0.508549565783429	329.96040475143
DRR099206	S	128	Isosphaera pallida	3	9	1	0.508549565783429	329.96040475143
DRR099206	G	1511635	Aquisphaera	1	10	8	0.16951652192781	109.98680158381
DRR099206	S	406548	Aquisphaera giovannonii	1	10	8	0.16951652192781	109.98680158381
DRR099206	G	2680020	Tautonia	1	37	8	0.16951652192781	109.98680158381
DRR099206	S	2527974	Tautonia plasticadhaerens	1	37	8	0.16951652192781	109.98680158381
DRR099206	G	118	Planctomyces	1	86	12	0.16951652192781	109.98680158381
DRR099206	S	1636152	Planctomyces sp. SH-PL62	1	82	8	0.16951652192781	109.98680158381
DRR099206	G	2795779	Rosistilla	1	2	2	0.16951652192781	109.98680158381
DRR099206	S	2527990	Rosistilla oblonga	1	2	2	0.16951652192781	109.98680158381
DRR099206	G	810	Chlamydia	1	56	8	0.16951652192781	109.98680158381
DRR099206	S	83556	Chlamydia felis	1	49	3	0.16951652192781	109.98680158381
DRR099206	G	34093	Simkania	1	18	6	0.16951652192781	109.98680158381
DRR099206	S	83561	Simkania negevensis	1	18	6	0.16951652192781	109.98680158381
DRR099206	G	511745	Methylacidiphilum	1	14	5	0.16951652192781	109.98680158381
DRR099206	S	431057	Methylacidiphilum kamchatkense	1	12	3	0.16951652192781	109.98680158381
DRR099206	G	2608728	Acidisarcina	8	41	4	1.35613217542248	879.89441267048
DRR099206	S	2211140	Acidisarcina polymorpha	8	41	4	1.35613217542248	879.89441267048
DRR099206	G	2004797	Luteitalea	1	10	8	0.16951652192781	109.98680158381
DRR099206	S	1855912	Luteitalea pratensis	1	10	8	0.16951652192781	109.98680158381
DRR099206	G	1234	Nitrospira	4	116	9	0.678066087711239	439.94720633524
DRR099206	S	1936990	Nitrospira sp. KM1	4	110	4	0.678066087711239	439.94720633524
DRR099206	G	138	Borrelia	2	171	16	0.339033043855619	219.97360316762
DRR099206	S	29520	Borrelia crocidurae	2	143	4	0.339033043855619	219.97360316762
DRR099206	G	29521	Brachyspira	1	106	32	0.16951652192781	109.98680158381
DRR099206	S	84377	Brachyspira intermedia	1	79	5	0.16951652192781	109.98680158381
DRR099206	G	167639	Ilyobacter	1	257	7	0.16951652192781	109.98680158381
DRR099206	S	167642	Ilyobacter polytropus	1	257	7	0.16951652192781	109.98680158381
DRR099206	G	32067	Leptotrichia	1	138	30	0.16951652192781	109.98680158381
DRR099206	S	109328	Leptotrichia trevisanii	1	5	4	0.16951652192781	109.98680158381
DRR099206	G	153135	Gammaretrovirus	775	41668	2458	131.375304494053	85239.7712274527
DRR099206	S	11786	Murine leukemia virus	737	19597	1255	124.933676660796	81060.2727672679
DRR099206	S	99182	Murine leukemia-related retroviruses	24	468	29	4.06839652626743	2639.68323801144
DRR099206	S	11819	Spleen focus-forming virus	4	322	21	0.678066087711239	439.94720633524
DRR099206	S	590745	Mus musculus mobilized endogenous polytropic provirus	4	112	11	0.678066087711239	439.94720633524
DRR099206	S	394239	Koala retrovirus	1	1	1	0.16951652192781	109.98680158381
DRR099206	G	11646	Lentivirus	94	3591	434	15.9345530612141	10338.7593488781
DRR099206	S	11676	Human immunodeficiency virus 1	94	3573	432	15.9345530612141	10338.7593488781
DRR099206	G	10405	Orthohepadnavirus	341	11380	135	57.8051339773831	37505.4993400792
DRR099206	S	35269	Woodchuck hepatitis virus	341	10896	131	57.8051339773831	37505.4993400792
DRR099206	G	11271	Vesiculovirus	1	70	47	0.16951652192781	109.98680158381
DRR099206	S	1972577	Vesiculovirus indiana	1	70	47	0.16951652192781	109.98680158381
DRR099206	G	11095	Pestivirus	1	258	15	0.16951652192781	109.98680158381
DRR099206	G	2560142	Gorganvirus	773	8332	19	131.036271450197	85019.7976242851
DRR099206	S	2560650	Gorganvirus isfahan	773	8332	19	131.036271450197	85019.7976242851
DRR099206	S	994601	Planktothrix phage PaV-LD	2	13	1	0.339033043855619	219.97360316762
DRR099206	S	2742114	Salmonella phage SAP012	2	221	2	0.339033043855619	219.97360316762
DRR099206	G	1623304	Moineauvirus	1	16	13	0.16951652192781	109.98680158381
DRR099206	S	633135	Moineauvirus Abc2	1	4	4	0.16951652192781	109.98680158381
DRR099206	G	2732589	Andhravirus	5	713	2	0.847582609639049	549.93400791905
DRR099206	S	2732591	Andhravirus andhra	5	713	2	0.847582609639049	549.93400791905
DRR099206	G	2733130	Salmondvirus	1	4	3	0.16951652192781	109.98680158381
DRR099206	S	2734142	Salmondvirus JA29	1	3	2	0.16951652192781	109.98680158381
DRR099206	G	1623283	Chivirus	1	5956	5	0.16951652192781	109.98680158381
DRR099206	S	1005056	Chivirus iEPS5	1	5956	5	0.16951652192781	109.98680158381
DRR099206	G	10509	Mastadenovirus	177	9798	1061	30.0044243812223	19467.6638803344
DRR099206	S	129951	Human mastadenovirus C	177	9793	1056	30.0044243812223	19467.6638803344
DRR099206	G	1910952	Gequatrovirus	5	7	7	0.847582609639049	549.93400791905
DRR099206	S	1910969	Gequatrovirus talmos	2	2	2	0.339033043855619	219.97360316762
DRR099206	S	1910968	Gequatrovirus ID52	1	1	1	0.16951652192781	109.98680158381
DRR099206	S	1986034	Gequatrovirus G4	1	3	3	0.16951652192781	109.98680158381
DRR099206	G	1910951	Alphatrevirus	1	1	1	0.16951652192781	109.98680158381
DRR099206	S	1236400	Pan troglodytes troglodytes polyomavirus 1	1	2	2	0.16951652192781	109.98680158381
DRR099206	G	2060084	Pandoravirus	1	29	16	0.16951652192781	109.98680158381
DRR099206	S	1349410	Pandoravirus salinus	1	13	5	0.16951652192781	109.98680158381
DRR099206	G	558017	Betabaculovirus	1	8	7	0.16951652192781	109.98680158381
DRR099206	S	307454	Spodoptera frugiperda granulovirus	1	3	2	0.16951652192781	109.98680158381
DRR099207	G	48558	Pyricularia	116	1722	204	18.9148516969639	6527.12131442719
DRR099207	S	148305	Pyricularia grisea	103	911	54	16.7950838343731	5795.6335809138
DRR099207	S	318829	Pyricularia oryzae	10	239	57	1.63059066353137	562.682871933378
DRR099207	S	1578925	Pyricularia pennisetigena	2	512	68	0.326118132706273	112.536574386676
DRR099207	G	1920207	Thermothelomyces	16	1363	88	2.60894506165019	900.292595093405
DRR099207	S	78579	Thermothelomyces thermophilus	16	1363	88	2.60894506165019	900.292595093405
DRR099207	G	2609811	Thermothielavioides	16	850	100	2.60894506165019	900.292595093405
DRR099207	S	2587410	Thermothielavioides terrestris	16	850	100	2.60894506165019	900.292595093405
DRR099207	G	5140	Neurospora	4	599	79	0.652236265412547	225.073148773351
DRR099207	S	5141	Neurospora crassa	4	599	79	0.652236265412547	225.073148773351
DRR099207	G	5506	Fusarium	44	3144	263	7.17459891953802	2475.80463650686
DRR099207	S	56646	Fusarium venenatum	15	587	41	2.44588599529705	844.024307900067
DRR099207	S	101028	Fusarium pseudograminearum	6	754	41	0.97835439811882	337.609723160027
DRR099207	S	5518	Fusarium graminearum	1	77	25	0.163059066353137	56.2682871933378
DRR099207	S	5127	Fusarium fujikuroi	9	427	35	1.46753159717823	506.414584740041
DRR099207	S	117187	Fusarium verticillioides	4	575	35	0.652236265412547	225.073148773351
DRR099207	S	5507	Fusarium oxysporum	6	339	45	0.97835439811882	337.609723160027
DRR099207	G	243023	Pochonia	7	273	52	1.14141346447196	393.878010353365
DRR099207	S	280754	Pochonia chlamydosporia	7	273	52	1.14141346447196	393.878010353365
DRR099207	G	98402	Drechmeria	2	178	53	0.326118132706273	112.536574386676
DRR099207	S	98403	Drechmeria coniospora	2	178	53	0.326118132706273	112.536574386676
DRR099207	G	5455	Colletotrichum	49	845	105	7.9898942513037	2757.14607247355
DRR099207	S	80884	Colletotrichum higginsianum	49	845	105	7.9898942513037	2757.14607247355
DRR099207	G	33196	Botrytis	10	809	90	1.63059066353137	562.682871933378
DRR099207	S	40559	Botrytis cinerea	10	809	90	1.63059066353137	562.682871933378
DRR099207	G	5052	Aspergillus	79	4450	110	12.8816662418978	4445.19468827369
DRR099207	S	5062	Aspergillus oryzae	45	206	5	7.33765798589115	2532.0729237002
DRR099207	S	746128	Aspergillus fumigatus	31	4022	47	5.05483105694724	1744.31690299347
DRR099207	G	5094	Talaromyces	5	1113	58	0.815295331765683	281.341435966689
DRR099207	S	121627	Talaromyces rugulosus	5	1113	58	0.815295331765683	281.341435966689
DRR099207	G	29002	Cercospora	4	4848	39	0.652236265412547	225.073148773351
DRR099207	S	122368	Cercospora beticola	4	4848	39	0.652236265412547	225.073148773351
DRR099207	G	1047167	Zymoseptoria	2	155	61	0.326118132706273	112.536574386676
DRR099207	S	1047171	Zymoseptoria tritici	2	155	61	0.326118132706273	112.536574386676
DRR099207	G	278028	Naumovozyma	51	6174	79	8.31601238400997	2869.68264686023
DRR099207	S	27289	Naumovozyma dairenensis	44	6026	37	7.17459891953802	2475.80463650686
DRR099207	S	27288	Naumovozyma castellii	7	148	42	1.14141346447196	393.878010353365
DRR099207	G	4910	Kluyveromyces	6	417	60	0.97835439811882	337.609723160027
DRR099207	S	4911	Kluyveromyces marxianus	6	387	42	0.97835439811882	337.609723160027
DRR099207	G	71245	Kazachstania	4	195	47	0.652236265412547	225.073148773351
DRR099207	S	588726	Kazachstania naganishii	4	171	24	0.652236265412547	225.073148773351
DRR099207	G	1196389	Zygotorulaspora	3	111	22	0.48917719905941	168.804861580014
DRR099207	S	42260	Zygotorulaspora mrakii	3	111	22	0.48917719905941	168.804861580014
DRR099207	G	113604	Tetrapisispora	2	213	68	0.326118132706273	112.536574386676
DRR099207	S	113608	Tetrapisispora phaffii	2	118	28	0.326118132706273	112.536574386676
DRR099207	G	4930	Saccharomyces	1	537	76	0.163059066353137	56.2682871933378
DRR099207	S	27291	Saccharomyces paradoxus	1	46	20	0.163059066353137	56.2682871933378
DRR099207	G	374468	Nakaseomyces	1	341	23	0.163059066353137	56.2682871933378
DRR099207	S	5478	[Candida] glabrata	1	341	23	0.163059066353137	56.2682871933378
DRR099207	G	4958	Debaryomyces	50	943	17	8.15295331765683	2813.41435966689
DRR099207	S	4959	Debaryomyces hansenii	50	943	17	8.15295331765683	2813.41435966689
DRR099207	G	5475	Candida	12	898	151	1.95670879623764	675.219446320054
DRR099207	S	42374	Candida dubliniensis	5	85	46	0.815295331765683	281.341435966689
DRR099207	S	5476	Candida albicans	4	723	55	0.652236265412547	225.073148773351
DRR099207	S	273371	Candida orthopsilosis	3	77	42	0.48917719905941	168.804861580014
DRR099207	G	766733	Scheffersomyces	3	150	33	0.48917719905941	168.804861580014
DRR099207	S	4924	Scheffersomyces stipitis	3	150	33	0.48917719905941	168.804861580014
DRR099207	G	13366	Brettanomyces	41	431	69	6.6854217204786	2306.99977492685
DRR099207	S	13502	Brettanomyces nanus	38	315	30	6.19624452141919	2138.19491334684
DRR099207	S	5007	Brettanomyces bruxellensis	3	116	39	0.48917719905941	168.804861580014
DRR099207	G	4919	Pichia	3	141	31	0.48917719905941	168.804861580014
DRR099207	S	4909	Pichia kudriavzevii	3	141	31	0.48917719905941	168.804861580014
DRR099207	G	410829	Sugiyamaella	5	365	54	0.815295331765683	281.341435966689
DRR099207	S	796027	Sugiyamaella lignohabitans	5	365	54	0.815295331765683	281.341435966689
DRR099207	G	4951	Yarrowia	1	144	46	0.163059066353137	56.2682871933378
DRR099207	S	4952	Yarrowia lipolytica	1	144	46	0.163059066353137	56.2682871933378
DRR099207	G	460517	Komagataella	1	251	18	0.163059066353137	56.2682871933378
DRR099207	S	460519	Komagataella phaffii	1	251	18	0.163059066353137	56.2682871933378
DRR099207	G	5269	Ustilago	31	2439	53	5.05483105694724	1744.31690299347
DRR099207	S	5270	Ustilago maydis	31	2439	53	5.05483105694724	1744.31690299347
DRR099207	G	63265	Sporisorium	12	1502	84	1.95670879623764	675.219446320054
DRR099207	S	280036	Sporisorium graminicola	12	1502	84	1.95670879623764	675.219446320054
DRR099207	G	55193	Malassezia	3	72	36	0.48917719905941	168.804861580014
DRR099207	S	76775	Malassezia restricta	3	72	36	0.48917719905941	168.804861580014
DRR099207	G	5206	Cryptococcus	34	1822	112	5.54400825600665	1913.12176457349
DRR099207	S	5207	Cryptococcus neoformans	31	966	65	5.05483105694724	1744.31690299347
DRR099207	S	37769	Cryptococcus gattii VGI	2	822	30	0.326118132706273	112.536574386676
DRR099207	G	6033	Encephalitozoon	3	380	34	0.48917719905941	168.804861580014
DRR099207	S	6035	Encephalitozoon cuniculi	1	14	6	0.163059066353137	56.2682871933378
DRR099207	G	1386	Bacillus	4711	46800	387	768.171261589627	265079.900967815
DRR099207	S	1396	Bacillus cereus	4660	44978	69	759.855249205617	262210.218320954
DRR099207	S	1428	Bacillus thuringiensis	15	896	46	2.44588599529705	844.024307900067
DRR099207	S	1452	Bacillus atrophaeus	24	178	3	3.91341759247528	1350.43889264011
DRR099207	S	1423	Bacillus subtilis	1	8	7	0.163059066353137	56.2682871933378
DRR099207	S	486398	Bacillus sp. S3	4	18	8	0.652236265412547	225.073148773351
DRR099207	S	2682541	Bacillus sp. N1-1	1	10	5	0.163059066353137	56.2682871933378
DRR099207	G	84406	Virgibacillus	131	1965	31	21.3607376922609	7371.14562232726
DRR099207	S	2700081	Virgibacillus sp. MSP4-1	131	1878	5	21.3607376922609	7371.14562232726
DRR099207	G	459532	Terribacillus	3	22	1	0.48917719905941	168.804861580014
DRR099207	S	586416	Terribacillus aidingensis	3	22	1	0.48917719905941	168.804861580014
DRR099207	G	29331	Amphibacillus	2	12	3	0.326118132706273	112.536574386676
DRR099207	S	1449	Amphibacillus xylanus	2	12	3	0.326118132706273	112.536574386676
DRR099207	G	2675232	Neobacillus	1	24	6	0.163059066353137	56.2682871933378
DRR099207	S	1193713	Neobacillus mesonae	1	21	3	0.163059066353137	56.2682871933378
DRR099207	G	1276290	Caldibacillus	1	73	45	0.163059066353137	56.2682871933378
DRR099207	S	35841	Caldibacillus thermoamylovorans	1	73	45	0.163059066353137	56.2682871933378
DRR099207	G	400634	Lysinibacillus	1	66	34	0.163059066353137	56.2682871933378
DRR099207	S	2590012	Lysinibacillus agricola	1	9	1	0.163059066353137	56.2682871933378
DRR099207	G	129337	Geobacillus	1	15	11	0.163059066353137	56.2682871933378
DRR099207	S	1963023	Geobacillus sp. 44B	1	4	2	0.163059066353137	56.2682871933378
DRR099207	G	45667	Halobacillus	1	13	12	0.163059066353137	56.2682871933378
DRR099207	S	1570	Halobacillus halophilus	1	8	7	0.163059066353137	56.2682871933378
DRR099207	G	150247	Anoxybacillus	1	50	23	0.163059066353137	56.2682871933378
DRR099207	S	33934	Anoxybacillus flavithermus	1	11	10	0.163059066353137	56.2682871933378
DRR099207	G	1279	Staphylococcus	395	31305	538	64.408331209489	22225.9734413684
DRR099207	S	29382	Staphylococcus cohnii	296	8347	9	48.2654836405285	16655.413009228
DRR099207	S	1280	Staphylococcus aureus	81	3557	391	13.2077843746041	4557.73126266036
DRR099207	S	1286	Staphylococcus simulans	16	9708	9	2.60894506165019	900.292595093405
DRR099207	S	1283	Staphylococcus haemolyticus	1	10	9	0.163059066353137	56.2682871933378
DRR099207	G	2803850	Mammaliicoccus	3	35	19	0.48917719905941	168.804861580014
DRR099207	S	1296	Mammaliicoccus sciuri	1	3	3	0.163059066353137	56.2682871933378
DRR099207	S	42858	Mammaliicoccus lentus	1	13	8	0.163059066353137	56.2682871933378
DRR099207	S	71237	Mammaliicoccus vitulinus	1	16	5	0.163059066353137	56.2682871933378
DRR099207	G	44249	Paenibacillus	2	1104	224	0.326118132706273	112.536574386676
DRR099207	S	2810347	Paenibacillus tianjinensis	1	261	4	0.163059066353137	56.2682871933378
DRR099207	S	1464	Paenibacillus larvae	1	27	3	0.163059066353137	56.2682871933378
DRR099207	G	55080	Brevibacillus	1	418	45	0.163059066353137	56.2682871933378
DRR099207	S	1393	Brevibacillus brevis	1	349	12	0.163059066353137	56.2682871933378
DRR099207	G	1569	Sporosarcina	1	19	17	0.163059066353137	56.2682871933378
DRR099207	S	1571	Sporosarcina ureae	1	8	7	0.163059066353137	56.2682871933378
DRR099207	G	648802	Rummeliibacillus	1	19	2	0.163059066353137	56.2682871933378
DRR099207	S	241244	Rummeliibacillus stabekisii	1	19	2	0.163059066353137	56.2682871933378
DRR099207	G	1357	Lactococcus	2	117	57	0.326118132706273	112.536574386676
DRR099207	S	1358	Lactococcus lactis	1	18	16	0.163059066353137	56.2682871933378
DRR099207	S	1366	Lactococcus raffinolactis	1	10	5	0.163059066353137	56.2682871933378
DRR099207	G	1301	Streptococcus	1	304	139	0.163059066353137	56.2682871933378
DRR099207	S	400065	Streptococcus merionis	1	14	3	0.163059066353137	56.2682871933378
DRR099207	G	2759736	Lacticaseibacillus	1	14	9	0.163059066353137	56.2682871933378
DRR099207	S	1597	Lacticaseibacillus paracasei	1	5	4	0.163059066353137	56.2682871933378
DRR099207	G	2767842	Lactiplantibacillus	1	17	15	0.163059066353137	56.2682871933378
DRR099207	S	1589	Lactiplantibacillus pentosus	1	11	9	0.163059066353137	56.2682871933378
DRR099207	G	2767886	Levilactobacillus	1	9	4	0.163059066353137	56.2682871933378
DRR099207	S	1580	Levilactobacillus brevis	1	7	2	0.163059066353137	56.2682871933378
DRR099207	G	1350	Enterococcus	3	470	66	0.48917719905941	168.804861580014
DRR099207	S	1352	Enterococcus faecium	3	24	10	0.48917719905941	168.804861580014
DRR099207	G	1754	Thermoanaerobacter	43	280	11	7.01153985318488	2419.53634931353
DRR099207	S	29323	Thermoanaerobacter brockii	1	1	1	0.163059066353137	56.2682871933378
DRR099207	G	1485	Clostridium	26	944	407	4.23953572518155	1462.97546702678
DRR099207	S	1491	Clostridium botulinum	6	164	61	0.97835439811882	337.609723160027
DRR099207	S	1716543	Clostridium thermarum	5	20	3	0.815295331765683	281.341435966689
DRR099207	S	2212991	Clostridium sp. AWRP	2	15	10	0.326118132706273	112.536574386676
DRR099207	S	2483110	Clostridium sp. JN-1	1	24	6	0.163059066353137	56.2682871933378
DRR099207	S	169679	Clostridium saccharobutylicum	3	123	10	0.48917719905941	168.804861580014
DRR099207	S	1502	Clostridium perfringens	1	39	33	0.163059066353137	56.2682871933378
DRR099207	S	2068654	Clostridium fermenticellae	1	18	6	0.163059066353137	56.2682871933378
DRR099207	S	1509	Clostridium sporogenes	1	6	6	0.163059066353137	56.2682871933378
DRR099207	S	36745	Clostridium saccharoperbutylacetonicum	1	16	14	0.163059066353137	56.2682871933378
DRR099207	S	1520	Clostridium beijerinckii	1	20	13	0.163059066353137	56.2682871933378
DRR099207	S	1534	Clostridium kluyveri	1	7	6	0.163059066353137	56.2682871933378
DRR099207	S	1542	Clostridium novyi	1	15	10	0.163059066353137	56.2682871933378
DRR099207	S	238834	Clostridium estertheticum	1	7	7	0.163059066353137	56.2682871933378
DRR099207	G	1649459	Hungatella	2	97	3	0.326118132706273	112.536574386676
DRR099207	S	154046	Hungatella hathewayi	2	97	3	0.326118132706273	112.536574386676
DRR099207	G	207244	Anaerostipes	2	38	12	0.326118132706273	112.536574386676
DRR099207	S	105841	Anaerostipes caccae	2	13	6	0.326118132706273	112.536574386676
DRR099207	G	2316020	Mediterraneibacter	2	90	54	0.326118132706273	112.536574386676
DRR099207	S	33038	[Ruminococcus] gnavus	1	87	51	0.163059066353137	56.2682871933378
DRR099207	S	33039	[Ruminococcus] torques	1	3	3	0.163059066353137	56.2682871933378
DRR099207	G	2719313	Enterocloster	1	85	4	0.163059066353137	56.2682871933378
DRR099207	S	208479	Enterocloster bolteae	1	84	3	0.163059066353137	56.2682871933378
DRR099207	G	33042	Coprococcus	1	74	13	0.163059066353137	56.2682871933378
DRR099207	S	410072	Coprococcus comes	1	58	4	0.163059066353137	56.2682871933378
DRR099207	G	2733	Symbiobacterium	4	214	6	0.652236265412547	225.073148773351
DRR099207	S	2734	Symbiobacterium thermophilum	4	214	6	0.652236265412547	225.073148773351
DRR099207	G	1501226	Romboutsia	1	27	16	0.163059066353137	56.2682871933378
DRR099207	S	1507512	Romboutsia hominis	1	17	6	0.163059066353137	56.2682871933378
DRR099207	G	1508657	Ruminiclostridium	1	22	8	0.163059066353137	56.2682871933378
DRR099207	S	2488810	Ruminiclostridium herbifermentans	1	18	4	0.163059066353137	56.2682871933378
DRR099207	G	2330	Halanaerobium	1	143	6	0.163059066353137	56.2682871933378
DRR099207	S	656519	Halanaerobium hydrogeniformans	1	48	4	0.163059066353137	56.2682871933378
DRR099207	G	32636	Halothermothrix	1	12	7	0.163059066353137	56.2682871933378
DRR099207	S	31909	Halothermothrix orenii	1	12	7	0.163059066353137	56.2682871933378
DRR099207	G	1573534	Faecalitalea	1	5	4	0.163059066353137	56.2682871933378
DRR099207	S	39483	Faecalitalea cylindroides	1	5	4	0.163059066353137	56.2682871933378
DRR099207	G	41273	Tissierella	1	4	3	0.163059066353137	56.2682871933378
DRR099207	S	2507161	Tissierella sp. JN-28	1	4	3	0.163059066353137	56.2682871933378
DRR099207	G	1883	Streptomyces	366	30566	1426	59.679618285248	20594.1931127616
DRR099207	S	1916	Streptomyces lividans	88	9003	17	14.349197839076	4951.60927301373
DRR099207	S	2684469	Streptomyces sp. SCUT-3	30	75	7	4.8917719905941	1688.04861580013
DRR099207	S	2751189	Streptomyces sp. NEAU-sy36	8	62	7	1.30447253082509	450.146297546703
DRR099207	S	1812480	Streptomyces sp. fd1-xmd	6	12	2	0.97835439811882	337.609723160027
DRR099207	S	2662065	Streptomyces sp. SYP-A7193	5	31	6	0.815295331765683	281.341435966689
DRR099207	S	1736046	Streptomyces sp. SM18	3	16	5	0.48917719905941	168.804861580014
DRR099207	S	1661694	Streptomyces sp. Tue 6075	3	12	2	0.48917719905941	168.804861580014
DRR099207	S	862751	Streptomyces sp. SirexAA-E	2	38	2	0.326118132706273	112.536574386676
DRR099207	S	1855352	Streptomyces sp. TLI_053	2	38	12	0.326118132706273	112.536574386676
DRR099207	S	2750025	Streptomyces sp. CB00271	2	9	5	0.326118132706273	112.536574386676
DRR099207	S	1938841	Streptomyces sp. 2323.1	1	14	5	0.163059066353137	56.2682871933378
DRR099207	S	2005885	Streptomyces sp. S063	1	5	5	0.163059066353137	56.2682871933378
DRR099207	S	2072505	Streptomyces sp. Go-475	1	12	5	0.163059066353137	56.2682871933378
DRR099207	S	2083284	Streptomyces sp. CB09001	1	2	2	0.163059066353137	56.2682871933378
DRR099207	S	659352	Streptomyces sp. SN-593	1	43	5	0.163059066353137	56.2682871933378
DRR099207	S	1522758	Streptomyces sp. ADI95-16	1	256	8	0.163059066353137	56.2682871933378
DRR099207	S	1849967	Streptomyces sp. SAT1	1	54	6	0.163059066353137	56.2682871933378
DRR099207	S	2136173	Streptomyces sp. So13.3	1	183	13	0.163059066353137	56.2682871933378
DRR099207	S	2585716	Streptomyces sp. C8S0	1	5	4	0.163059066353137	56.2682871933378
DRR099207	S	2153485	Streptomyces sp. endophyte_N2	1	8	2	0.163059066353137	56.2682871933378
DRR099207	S	2676871	Streptomyces sp. Tu 2975	1	39	8	0.163059066353137	56.2682871933378
DRR099207	S	2203205	Streptomyces sp. WAC 01529	1	6	5	0.163059066353137	56.2682871933378
DRR099207	S	234612	Streptomyces sp. TN58	1	13	4	0.163059066353137	56.2682871933378
DRR099207	S	285450	Streptomyces roseochromogenus	37	131	9	6.03318545506606	2081.9266261535
DRR099207	S	1226757	Streptomyces rapamycinicus	14	128	6	2.28282692894391	787.75602070673
DRR099207	S	1929477	Streptomyces solisilvae	1	6	2	0.163059066353137	56.2682871933378
DRR099207	S	1442032	Streptomyces dangxiongensis	12	113	4	1.95670879623764	675.219446320054
DRR099207	S	2653200	Streptomyces phaeolivaceus	10	67	8	1.63059066353137	562.682871933378
DRR099207	S	2768066	Streptomyces roseirectus	8	50	6	1.30447253082509	450.146297546703
DRR099207	S	73044	Streptomyces seoulensis	6	38	10	0.97835439811882	337.609723160027
DRR099207	S	1914	Streptomyces lavendulae	6	146	11	0.97835439811882	337.609723160027
DRR099207	S	1890	Streptomyces antibioticus	5	174	8	0.815295331765683	281.341435966689
DRR099207	S	1176198	Streptomyces harbinensis	5	26	8	0.815295331765683	281.341435966689
DRR099207	S	47763	Streptomyces lydicus	5	38	17	0.815295331765683	281.341435966689
DRR099207	S	68246	Streptomyces olivoreticuli	4	63	7	0.652236265412547	225.073148773351
DRR099207	S	1892	Streptomyces anulatus	2	15	10	0.326118132706273	112.536574386676
DRR099207	S	1911	Streptomyces griseus	2	23	8	0.326118132706273	112.536574386676
DRR099207	S	1889	Streptomyces ambofaciens	4	16	6	0.652236265412547	225.073148773351
DRR099207	S	2282738	Streptomyces paludis	3	22	6	0.48917719905941	168.804861580014
DRR099207	S	42684	Streptomyces collinus	3	55	8	0.48917719905941	168.804861580014
DRR099207	S	54571	Streptomyces venezuelae	3	103	40	0.48917719905941	168.804861580014
DRR099207	S	1904616	Streptomyces fodineus	2	20	7	0.326118132706273	112.536574386676
DRR099207	S	2763006	Streptomyces buecherae	2	14	8	0.326118132706273	112.536574386676
DRR099207	S	2548456	Streptomyces aquilus	2	19	5	0.326118132706273	112.536574386676
DRR099207	S	1886	Streptomyces albidoflavus	2	41	5	0.326118132706273	112.536574386676
DRR099207	S	1940	Streptomyces albireticuli	2	30	8	0.326118132706273	112.536574386676
DRR099207	S	132473	Streptomyces alboniger	1	20	8	0.163059066353137	56.2682871933378
DRR099207	S	1783515	Streptomyces qaidamensis	1	5	4	0.163059066353137	56.2682871933378
DRR099207	S	67296	Streptomyces finlayi	1	6	4	0.163059066353137	56.2682871933378
DRR099207	S	1642299	Streptomyces alfalfae	1	26	5	0.163059066353137	56.2682871933378
DRR099207	S	67304	Streptomyces griseorubiginosus	1	7	6	0.163059066353137	56.2682871933378
DRR099207	S	66871	Streptomyces aureoverticillatus	1	53	8	0.163059066353137	56.2682871933378
DRR099207	S	1977088	Streptomyces ficellus	1	52	5	0.163059066353137	56.2682871933378
DRR099207	S	67351	Streptomyces californicus	1	39	4	0.163059066353137	56.2682871933378
DRR099207	S	68249	Streptomyces pactum	1	8	7	0.163059066353137	56.2682871933378
DRR099207	S	68270	Streptomyces spectabilis	1	11	8	0.163059066353137	56.2682871933378
DRR099207	S	68570	Streptomyces albulus	1	28	9	0.163059066353137	56.2682871933378
DRR099207	S	193462	Streptomyces niveus	1	31	12	0.163059066353137	56.2682871933378
DRR099207	S	1915	Streptomyces lincolnensis	1	24	7	0.163059066353137	56.2682871933378
DRR099207	S	1905	Streptomyces exfoliatus	1	28	5	0.163059066353137	56.2682871933378
DRR099207	S	35621	Streptomyces mobaraensis	1	58	12	0.163059066353137	56.2682871933378
DRR099207	S	53451	Streptomyces rutgersensis	1	22	9	0.163059066353137	56.2682871933378
DRR099207	S	2686304	Streptomyces broussonetiae	1	5	3	0.163059066353137	56.2682871933378
DRR099207	S	1932	Streptomyces tendae	1	8	5	0.163059066353137	56.2682871933378
DRR099207	S	1950	Streptomyces peucetius	1	40	8	0.163059066353137	56.2682871933378
DRR099207	S	1901	Streptomyces clavuligerus	1	12	6	0.163059066353137	56.2682871933378
DRR099207	S	28894	Streptomyces nitrosporeus	1	8	5	0.163059066353137	56.2682871933378
DRR099207	S	1969	Streptomyces chartreusis	1	41	11	0.163059066353137	56.2682871933378
DRR099207	S	2768068	Streptomyces genisteinicus	1	8	8	0.163059066353137	56.2682871933378
DRR099207	G	2063	Kitasatospora	5	190	34	0.815295331765683	281.341435966689
DRR099207	S	2018025	Kitasatospora sp. MMS16-BH015	2	30	9	0.326118132706273	112.536574386676
DRR099207	S	2742135	Kitasatospora sp. NA04385	2	14	7	0.326118132706273	112.536574386676
DRR099207	S	2066	Kitasatospora setae	1	122	6	0.163059066353137	56.2682871933378
DRR099207	G	228398	Streptacidiphilus	1	60	26	0.163059066353137	56.2682871933378
DRR099207	S	2705012	Streptacidiphilus sp. PB12-B1b	1	24	9	0.163059066353137	56.2682871933378
DRR099207	G	1866885	Mycolicibacterium	19	827	160	3.0981222607096	1069.09745667342
DRR099207	S	1804	Mycolicibacterium gilvum	7	26	1	1.14141346447196	393.878010353365
DRR099207	S	98668	Mycolicibacterium septicum	3	14	3	0.48917719905941	168.804861580014
DRR099207	S	444597	Mycolicibacterium insubricum	2	72	3	0.326118132706273	112.536574386676
DRR099207	S	39687	Mycolicibacterium austroafricanum	1	170	2	0.163059066353137	56.2682871933378
DRR099207	S	36814	Mycolicibacterium rhodesiae	1	13	4	0.163059066353137	56.2682871933378
DRR099207	S	36813	Mycolicibacterium pulveris	1	18	5	0.163059066353137	56.2682871933378
DRR099207	S	319707	Mycolicibacterium aubagnense	1	22	21	0.163059066353137	56.2682871933378
DRR099207	S	126673	Mycobacterium doricum	1	7	3	0.163059066353137	56.2682871933378
DRR099207	S	1792	Mycolicibacterium chitae	1	6	4	0.163059066353137	56.2682871933378
DRR099207	S	1791	Mycolicibacterium aurum	1	16	8	0.163059066353137	56.2682871933378
DRR099207	G	1763	Mycobacterium	12	859	149	1.95670879623764	675.219446320054
DRR099207	S	560555	Mycobacterium mantenii	4	29	6	0.652236265412547	225.073148773351
DRR099207	S	1773	Mycobacterium tuberculosis	3	117	3	0.48917719905941	168.804861580014
DRR099207	S	1784	Mycobacterium simiae	2	21	5	0.326118132706273	112.536574386676
DRR099207	S	459858	Mycobacterium noviomagense	1	16	2	0.163059066353137	56.2682871933378
DRR099207	G	670516	Mycobacteroides	2	146	22	0.326118132706273	112.536574386676
DRR099207	S	1774	Mycobacteroides chelonae	2	14	7	0.326118132706273	112.536574386676
DRR099207	G	1073531	Mycolicibacter	1	11	8	0.163059066353137	56.2682871933378
DRR099207	S	29314	Mycolicibacter hiberniae	1	7	4	0.163059066353137	56.2682871933378
DRR099207	G	1716	Corynebacterium	22	807	177	3.58729945976901	1237.90231825343
DRR099207	S	146827	Corynebacterium simulans	14	180	2	2.28282692894391	787.75602070673
DRR099207	S	401472	Corynebacterium ureicelerivorans	3	10	1	0.48917719905941	168.804861580014
DRR099207	S	441500	Corynebacterium timonense	1	24	2	0.163059066353137	56.2682871933378
DRR099207	S	1725	Corynebacterium xerosis	1	3	3	0.163059066353137	56.2682871933378
DRR099207	S	38304	Corynebacterium tuberculostearicum	1	48	31	0.163059066353137	56.2682871933378
DRR099207	S	1032851	Corynebacterium nuruki	1	9	4	0.163059066353137	56.2682871933378
DRR099207	G	1817	Nocardia	11	277	73	1.7936497298845	618.951159126716
DRR099207	S	455432	Nocardia terpenica	6	45	10	0.97835439811882	337.609723160027
DRR099207	S	37332	Nocardia seriolae	1	7	5	0.163059066353137	56.2682871933378
DRR099207	S	480035	Nocardia wallacei	1	15	3	0.163059066353137	56.2682871933378
DRR099207	G	1827	Rhodococcus	8	286	89	1.30447253082509	450.146297546703
DRR099207	S	1830	Rhodococcus ruber	5	29	5	0.815295331765683	281.341435966689
DRR099207	S	2499145	Rhodococcus sp. X156	1	1	1	0.163059066353137	56.2682871933378
DRR099207	S	2683591	Rhodococcus sp. 21391	1	20	1	0.163059066353137	56.2682871933378
DRR099207	S	1990687	Rhodococcus oxybenzonivorans	1	1	1	0.163059066353137	56.2682871933378
DRR099207	G	37914	Dietzia	2	43	9	0.326118132706273	112.536574386676
DRR099207	G	2053	Gordonia	1	82	35	0.163059066353137	56.2682871933378
DRR099207	S	2054	Gordonia bronchialis	1	5	2	0.163059066353137	56.2682871933378
DRR099207	G	33882	Microbacterium	11	646	153	1.7936497298845	618.951159126716
DRR099207	S	2606451	Microbacterium sp. 1S1	1	102	5	0.163059066353137	56.2682871933378
DRR099207	S	2489212	Microbacterium sp. RG1	1	1	1	0.163059066353137	56.2682871933378
DRR099207	S	2483401	Microbacterium sp. 10M-3C3	1	4	4	0.163059066353137	56.2682871933378
DRR099207	S	2070348	Microbacterium sp. SGAir0570	1	32	2	0.163059066353137	56.2682871933378
DRR099207	S	82380	Microbacterium oxydans	2	19	16	0.326118132706273	112.536574386676
DRR099207	S	104336	Microbacterium foliorum	2	57	9	0.326118132706273	112.536574386676
DRR099207	S	743009	Microbacterium oryzae	2	19	6	0.326118132706273	112.536574386676
DRR099207	G	33877	Agromyces	9	180	19	1.46753159717823	506.414584740041
DRR099207	S	589382	Agromyces flavus	4	78	4	0.652236265412547	225.073148773351
DRR099207	S	2781962	Agromyces archimandritae	3	44	2	0.48917719905941	168.804861580014
DRR099207	S	453304	Agromyces aureus	2	34	4	0.326118132706273	112.536574386676
DRR099207	G	2034	Curtobacterium	5	83	18	0.815295331765683	281.341435966689
DRR099207	S	1905847	Curtobacterium sp. BH-2-1-1	4	12	2	0.652236265412547	225.073148773351
DRR099207	S	1561023	Curtobacterium sp. MR_MD2014	1	2	1	0.163059066353137	56.2682871933378
DRR099207	G	33886	Rathayibacter	3	89	30	0.48917719905941	168.804861580014
DRR099207	S	2609253	Rathayibacter sp. VKM Ac-2760	3	41	5	0.48917719905941	168.804861580014
DRR099207	G	1649454	Glaciihabitans	2	9	3	0.326118132706273	112.536574386676
DRR099207	S	2596912	Glaciihabitans sp. INWT7	2	9	3	0.326118132706273	112.536574386676
DRR099207	G	69578	Cryobacterium	2	60	11	0.326118132706273	112.536574386676
DRR099207	S	670052	Cryobacterium arcticum	2	55	6	0.326118132706273	112.536574386676
DRR099207	G	2680004	Protaetiibacter	1	28	8	0.163059066353137	56.2682871933378
DRR099207	S	2419774	Protaetiibacter intestinalis	1	21	4	0.163059066353137	56.2682871933378
DRR099207	G	1573	Clavibacter	1	28	13	0.163059066353137	56.2682871933378
DRR099207	S	28447	Clavibacter michiganensis	1	25	11	0.163059066353137	56.2682871933378
DRR099207	G	110932	Leifsonia	1	28	13	0.163059066353137	56.2682871933378
DRR099207	S	150026	Leifsonia shinshuensis	1	4	3	0.163059066353137	56.2682871933378
DRR099207	G	55968	Leucobacter	1	41	9	0.163059066353137	56.2682871933378
DRR099207	S	1784719	Leucobacter triazinivorans	1	4	2	0.163059066353137	56.2682871933378
DRR099207	G	125287	Ornithinimicrobium	19	285	18	3.0981222607096	1069.09745667342
DRR099207	S	2593973	Ornithinimicrobium pratense	18	140	3	2.93506319435646	1012.82916948008
DRR099207	S	2508882	Ornithinimicrobium sp. HY006	1	5	4	0.163059066353137	56.2682871933378
DRR099207	G	1663	Arthrobacter	5	323	71	0.815295331765683	281.341435966689
DRR099207	S	1704044	Arthrobacter sp. ERGS1:01	2	10	2	0.326118132706273	112.536574386676
DRR099207	S	290399	Arthrobacter sp. FB24	1	7	4	0.163059066353137	56.2682871933378
DRR099207	S	2017685	Arthrobacter sp. PM3	1	115	3	0.163059066353137	56.2682871933378
DRR099207	S	156980	Arthrobacter woluwensis	1	4	3	0.163059066353137	56.2682871933378
DRR099207	G	1696	Brevibacterium	4	114	34	0.652236265412547	225.073148773351
DRR099207	S	199591	Brevibacterium luteolum	4	63	4	0.652236265412547	225.073148773351
DRR099207	G	267408	Arsenicicoccus	2	53	6	0.326118132706273	112.536574386676
DRR099207	S	1658671	Arsenicicoccus sp. oral taxon 190	2	53	6	0.326118132706273	112.536574386676
DRR099207	G	1707	Cellulomonas	1	82	22	0.163059066353137	56.2682871933378
DRR099207	S	2654191	Cellulomonas sp. JZ18	1	13	4	0.163059066353137	56.2682871933378
DRR099207	G	43668	Brachybacterium	1	99	29	0.163059066353137	56.2682871933378
DRR099207	S	556288	Brachybacterium saurashtrense	1	55	9	0.163059066353137	56.2682871933378
DRR099207	G	57495	Dermacoccus	1	9	4	0.163059066353137	56.2682871933378
DRR099207	S	1274	Dermacoccus nishinomiyaensis	1	8	3	0.163059066353137	56.2682871933378
DRR099207	G	1278221	Auraticoccus	20	162	6	3.26118132706273	1125.36574386676
DRR099207	S	675864	Auraticoccus monumenti	20	162	6	3.26118132706273	1125.36574386676
DRR099207	G	1912216	Cutibacterium	4	203	192	0.652236265412547	225.073148773351
DRR099207	S	1747	Cutibacterium acnes	4	201	190	0.652236265412547	225.073148773351
DRR099207	G	29404	Microlunatus	1	57	14	0.163059066353137	56.2682871933378
DRR099207	S	546874	Microlunatus sagamiharensis	1	8	3	0.163059066353137	56.2682871933378
DRR099207	G	1839	Nocardioides	6	371	100	0.97835439811882	337.609723160027
DRR099207	S	2582905	Nocardioides sp. S-1144	2	17	3	0.326118132706273	112.536574386676
DRR099207	S	2017486	Nocardioides sp. S5	1	5	3	0.163059066353137	56.2682871933378
DRR099207	S	2736757	Nocardioides sp. MC1495	1	8	4	0.163059066353137	56.2682871933378
DRR099207	S	2760089	Nocardioides dongkuii	1	30	4	0.163059066353137	56.2682871933378
DRR099207	S	2712223	Nocardioides anomalus	1	49	4	0.163059066353137	56.2682871933378
DRR099207	G	182639	Kribbella	1	46	8	0.163059066353137	56.2682871933378
DRR099207	S	1544730	Kribbella qitaiheensis	1	42	5	0.163059066353137	56.2682871933378
DRR099207	G	1865	Actinoplanes	12	236	48	1.95670879623764	675.219446320054
DRR099207	S	649831	Actinoplanes sp. N902-109	6	18	5	0.97835439811882	337.609723160027
DRR099207	S	1866	Actinoplanes missouriensis	5	39	9	0.815295331765683	281.341435966689
DRR099207	S	113562	Actinoplanes derwentensis	1	66	7	0.163059066353137	56.2682871933378
DRR099207	G	1873	Micromonospora	9	2491	143	1.46753159717823	506.414584740041
DRR099207	S	1914461	Micromonospora terminaliae	5	33	10	0.815295331765683	281.341435966689
DRR099207	S	47872	Micromonospora purpureochromogenes	2	25	3	0.326118132706273	112.536574386676
DRR099207	S	2749844	Micromonospora ferruginea	1	4	3	0.163059066353137	56.2682871933378
DRR099207	S	2583243	Micromonospora sp. HM134	1	21	8	0.163059066353137	56.2682871933378
DRR099207	G	673534	Plantactinospora	3	48	15	0.48917719905941	168.804861580014
DRR099207	S	2024580	Plantactinospora sp. KBS50	3	25	6	0.48917719905941	168.804861580014
DRR099207	G	1835	Saccharopolyspora	7	117	24	1.14141346447196	393.878010353365
DRR099207	S	60894	Saccharopolyspora spinosa	6	64	3	0.97835439811882	337.609723160027
DRR099207	S	1836	Saccharopolyspora erythraea	1	27	12	0.163059066353137	56.2682871933378
DRR099207	G	1813	Amycolatopsis	4	118	58	0.652236265412547	225.073148773351
DRR099207	S	33910	Amycolatopsis mediterranei	2	22	10	0.326118132706273	112.536574386676
DRR099207	S	129921	Amycolatopsis keratiniphila	1	30	6	0.163059066353137	56.2682871933378
DRR099207	G	1847	Pseudonocardia	4	258	50	0.652236265412547	225.073148773351
DRR099207	S	445576	Pseudonocardia sp. AL041005-10	2	49	5	0.326118132706273	112.536574386676
DRR099207	S	2761535	Pseudonocardia sp. CGMCC 4.1532	1	97	8	0.163059066353137	56.2682871933378
DRR099207	S	240495	Pseudonocardia dioxanivorans	1	57	9	0.163059066353137	56.2682871933378
DRR099207	G	2071	Saccharothrix	1	53	23	0.163059066353137	56.2682871933378
DRR099207	S	103733	Saccharothrix syringae	1	21	11	0.163059066353137	56.2682871933378
DRR099207	G	65496	Actinoalloteichus	1	37	17	0.163059066353137	56.2682871933378
DRR099207	S	1470176	Actinoalloteichus hoggarensis	1	8	8	0.163059066353137	56.2682871933378
DRR099207	G	674734	Alloactinosynnema	1	78	7	0.163059066353137	56.2682871933378
DRR099207	S	1653480	Alloactinosynnema sp. L-07	1	78	7	0.163059066353137	56.2682871933378
DRR099207	G	83681	Nonomuraea	4	69	25	0.652236265412547	225.073148773351
DRR099207	S	1909395	Nonomuraea sp. ATCC 55076	3	44	14	0.48917719905941	168.804861580014
DRR099207	S	2656914	Nonomuraea nitratireducens	1	25	11	0.163059066353137	56.2682871933378
DRR099207	G	147067	Thermobispora	1	16	3	0.163059066353137	56.2682871933378
DRR099207	S	2006	Thermobispora bispora	1	16	3	0.163059066353137	56.2682871933378
DRR099207	G	83677	Thermobifida	4	37	1	0.652236265412547	225.073148773351
DRR099207	S	2021	Thermobifida fusca	4	37	1	0.652236265412547	225.073148773351
DRR099207	G	2013	Nocardiopsis	1	34	22	0.163059066353137	56.2682871933378
DRR099207	S	280236	Nocardiopsis gilva	1	13	8	0.163059066353137	56.2682871933378
DRR099207	G	1988	Actinomadura	3	234	37	0.48917719905941	168.804861580014
DRR099207	S	1219491	Actinomadura sp. WMMB 499	2	135	7	0.326118132706273	112.536574386676
DRR099207	S	2742128	Actinomadura sp. NAK00032	1	59	17	0.163059066353137	56.2682871933378
DRR099207	G	2529408	Schaalia	10	83	8	1.63059066353137	562.682871933378
DRR099207	S	1660	Schaalia odontolytica	9	67	2	1.46753159717823	506.414584740041
DRR099207	S	52773	Schaalia meyeri	1	5	4	0.163059066353137	56.2682871933378
DRR099207	G	1654	Actinomyces	2	118	51	0.326118132706273	112.536574386676
DRR099207	S	712122	Actinomyces sp. oral taxon 414	1	29	5	0.163059066353137	56.2682871933378
DRR099207	G	28263	Arcanobacterium	1	58	2	0.163059066353137	56.2682871933378
DRR099207	S	28264	Arcanobacterium haemolyticum	1	58	2	0.163059066353137	56.2682871933378
DRR099207	G	88138	Modestobacter	8	74	4	1.30447253082509	450.146297546703
DRR099207	S	477641	Modestobacter marinus	8	74	4	1.30447253082509	450.146297546703
DRR099207	G	38501	Blastococcus	1	70	8	0.163059066353137	56.2682871933378
DRR099207	S	138336	Blastococcus saxobsidens	1	70	8	0.163059066353137	56.2682871933378
DRR099207	G	1678	Bifidobacterium	5	76	28	0.815295331765683	281.341435966689
DRR099207	S	1689	Bifidobacterium dentium	4	31	2	0.652236265412547	225.073148773351
DRR099207	S	762210	Bifidobacterium saguini	1	5	1	0.163059066353137	56.2682871933378
DRR099207	G	1854	Frankia	3	306	41	0.48917719905941	168.804861580014
DRR099207	S	1859	Frankia alni	2	201	15	0.326118132706273	112.536574386676
DRR099207	S	298653	Frankia sp. EAN1pec	1	66	7	0.163059066353137	56.2682871933378
DRR099207	G	281472	Jiangella	2	39	19	0.326118132706273	112.536574386676
DRR099207	S	419479	Jiangella alkaliphila	2	27	12	0.326118132706273	112.536574386676
DRR099207	G	447020	Adlercreutzia	2	14	5	0.326118132706273	112.536574386676
DRR099207	S	446660	Adlercreutzia equolifaciens	2	13	4	0.326118132706273	112.536574386676
DRR099207	G	191494	Conexibacter	1	19	6	0.163059066353137	56.2682871933378
DRR099207	S	2812560	Conexibacter sp. SYSU D00693	1	13	3	0.163059066353137	56.2682871933378
DRR099207	G	46239	Mesoplasma	41	1603	473	6.6854217204786	2306.99977492685
DRR099207	S	2151	Mesoplasma florum	38	630	196	6.19624452141919	2138.19491334684
DRR099207	S	2149	Mesoplasma entomophilum	1	3	3	0.163059066353137	56.2682871933378
DRR099207	G	2132	Spiroplasma	2	191	58	0.326118132706273	112.536574386676
DRR099207	S	216938	Spiroplasma helicoides	1	14	4	0.163059066353137	56.2682871933378
DRR099207	S	216937	Spiroplasma floricola	1	2	2	0.163059066353137	56.2682871933378
DRR099207	G	1129	Synechococcus	8	510	90	1.30447253082509	450.146297546703
DRR099207	S	2511069	Synechococcus sp. RSCCF101	4	63	4	0.652236265412547	225.073148773351
DRR099207	S	321332	Synechococcus sp. JA-2-3B'a(2-13)	3	38	3	0.48917719905941	168.804861580014
DRR099207	S	221341	Synechococcus sp. Minos11	1	3	2	0.163059066353137	56.2682871933378
DRR099207	G	167375	Cyanobium	2	28	5	0.326118132706273	112.536574386676
DRR099207	S	59930	Cyanobium gracile	2	24	3	0.326118132706273	112.536574386676
DRR099207	G	1218	Prochlorococcus	1	95	29	0.163059066353137	56.2682871933378
DRR099207	G	752201	Sphaerospermopsis	5	314	8	0.815295331765683	281.341435966689
DRR099207	S	289435	Sphaerospermopsis kisseleviana	5	314	8	0.815295331765683	281.341435966689
DRR099207	G	1177	Nostoc	2	526	73	0.326118132706273	112.536574386676
DRR099207	S	2814655	Nostoc sp. UHCC 0702	1	19	7	0.163059066353137	56.2682871933378
DRR099207	S	317936	Nostoc sp. PCC 7107	1	5	3	0.163059066353137	56.2682871933378
DRR099207	G	669357	Geminocystis	1	30	16	0.163059066353137	56.2682871933378
DRR099207	S	1617448	Geminocystis sp. NIES-3709	1	7	7	0.163059066353137	56.2682871933378
DRR099207	G	102234	Cyanobacterium	1	27	1	0.163059066353137	56.2682871933378
DRR099207	S	379064	Cyanobacterium aponinum	1	27	1	0.163059066353137	56.2682871933378
DRR099207	G	63132	Geitlerinema	1	2	2	0.163059066353137	56.2682871933378
DRR099207	S	1173025	Geitlerinema sp. PCC 7407	1	2	2	0.163059066353137	56.2682871933378
DRR099207	G	1155738	Moorena	1	20	5	0.163059066353137	56.2682871933378
DRR099207	S	1155739	Moorena producens	1	20	5	0.163059066353137	56.2682871933378
DRR099207	G	33071	Gloeobacter	2	65	3	0.326118132706273	112.536574386676
DRR099207	S	1416614	Gloeobacter kilaueensis	2	63	1	0.326118132706273	112.536574386676
DRR099207	S	1763363	cyanobacterium endosymbiont of Rhopalodia gibberula	2	27	8	0.326118132706273	112.536574386676
DRR099207	G	270	Thermus	3	191	79	0.48917719905941	168.804861580014
DRR099207	S	274	Thermus thermophilus	1	62	7	0.163059066353137	56.2682871933378
DRR099207	S	37636	Thermus scotoductus	1	22	18	0.163059066353137	56.2682871933378
DRR099207	G	1298	Deinococcus	3	227	44	0.48917719905941	168.804861580014
DRR099207	S	2080419	Deinococcus sp. NW-56	1	37	5	0.163059066353137	56.2682871933378
DRR099207	S	309887	Deinococcus maricopensis	1	17	6	0.163059066353137	56.2682871933378
DRR099207	S	1182568	Deinococcus puniceus	1	23	2	0.163059066353137	56.2682871933378
DRR099207	G	1988031	Candidatus Promineofilum	3	18	5	0.48917719905941	168.804861580014
DRR099207	S	1806508	Candidatus Promineofilum breve	3	18	5	0.48917719905941	168.804861580014
DRR099207	G	1107	Chloroflexus	1	5	3	0.163059066353137	56.2682871933378
DRR099207	S	152260	Chloroflexus aggregans	1	1	1	0.163059066353137	56.2682871933378
DRR099207	G	286	Pseudomonas	129	11300	789	21.0346195595546	7258.60904794058
DRR099207	S	29442	Pseudomonas tolaasii	55	6856	22	8.96824864942252	3094.75579563358
DRR099207	S	200451	Pseudomonas poae	4	14	3	0.652236265412547	225.073148773351
DRR099207	S	380021	Pseudomonas protegens	2	180	12	0.326118132706273	112.536574386676
DRR099207	S	294	Pseudomonas fluorescens	1	32	25	0.163059066353137	56.2682871933378
DRR099207	S	47878	Pseudomonas azotoformans	1	9	4	0.163059066353137	56.2682871933378
DRR099207	S	76758	Pseudomonas orientalis	1	30	4	0.163059066353137	56.2682871933378
DRR099207	S	303	Pseudomonas putida	11	284	49	1.7936497298845	618.951159126716
DRR099207	S	47885	Pseudomonas oryzihabitans	1	32	3	0.163059066353137	56.2682871933378
DRR099207	S	287	Pseudomonas aeruginosa	6	69	20	0.97835439811882	337.609723160027
DRR099207	S	53408	Pseudomonas citronellolis	1	2	2	0.163059066353137	56.2682871933378
DRR099207	S	1148509	Pseudomonas prosekii	5	13	1	0.815295331765683	281.341435966689
DRR099207	S	2823875	Pseudomonas sp. Tri1	2	5	3	0.326118132706273	112.536574386676
DRR099207	S	2653853	Pseudomonas sp. SCB32	1	6	2	0.163059066353137	56.2682871933378
DRR099207	S	2049589	Pseudomonas sp. HLS-6	1	6	5	0.163059066353137	56.2682871933378
DRR099207	S	1981174	Pseudomonas sp. M30-35	1	1	1	0.163059066353137	56.2682871933378
DRR099207	S	50340	Pseudomonas fuscovaginae	1	2	1	0.163059066353137	56.2682871933378
DRR099207	S	1245526	Pseudomonas guangdongensis	3	62	5	0.48917719905941	168.804861580014
DRR099207	S	515393	Pseudomonas yamanorum	2	39	6	0.326118132706273	112.536574386676
DRR099207	S	587753	Pseudomonas chlororaphis	2	91	14	0.326118132706273	112.536574386676
DRR099207	S	198620	Pseudomonas koreensis	1	3	3	0.163059066353137	56.2682871933378
DRR099207	S	1691904	Pseudomonas sediminis	1	3	2	0.163059066353137	56.2682871933378
DRR099207	S	237610	Pseudomonas psychrotolerans	1	121	4	0.163059066353137	56.2682871933378
DRR099207	S	47886	Pseudomonas luteola	1	2	1	0.163059066353137	56.2682871933378
DRR099207	S	104087	Pseudomonas frederiksbergensis	1	3	3	0.163059066353137	56.2682871933378
DRR099207	G	338	Xanthomonas	74	7439	305	12.0663709101321	4163.853252307
DRR099207	S	456327	Xanthomonas euvesicatoria	65	6809	5	10.5988393129539	3657.43866756696
DRR099207	S	339	Xanthomonas campestris	6	219	196	0.97835439811882	337.609723160027
DRR099207	S	29447	Xanthomonas albilineans	2	194	2	0.326118132706273	112.536574386676
DRR099207	S	56458	Xanthomonas sacchari	1	2	1	0.163059066353137	56.2682871933378
DRR099207	G	40323	Stenotrophomonas	17	960	436	2.77200412800332	956.560882286743
DRR099207	S	40324	Stenotrophomonas maltophilia	11	259	146	1.7936497298845	618.951159126716
DRR099207	S	2072407	Stenotrophomonas sp. YAU14D1_LEIMI4_1	1	10	2	0.163059066353137	56.2682871933378
DRR099207	S	2770322	Stenotrophomonas sp. 169	1	257	4	0.163059066353137	56.2682871933378
DRR099207	S	216778	Stenotrophomonas rhizophila	1	40	6	0.163059066353137	56.2682871933378
DRR099207	G	68	Lysobacter	1	152	41	0.163059066353137	56.2682871933378
DRR099207	S	435897	Lysobacter capsici	1	9	5	0.163059066353137	56.2682871933378
DRR099207	G	745	Pasteurella	70	3331	153	11.4141346447196	3938.78010353365
DRR099207	S	747	Pasteurella multocida	70	3325	148	11.4141346447196	3938.78010353365
DRR099207	G	2094023	Glaesserella	1	5	5	0.163059066353137	56.2682871933378
DRR099207	S	2030797	Glaesserella sp. 15-184	1	1	1	0.163059066353137	56.2682871933378
DRR099207	G	561	Escherichia	24	214	87	3.91341759247528	1350.43889264011
DRR099207	S	562	Escherichia coli	24	155	77	3.91341759247528	1350.43889264011
DRR099207	G	570	Klebsiella	8	433	79	1.30447253082509	450.146297546703
DRR099207	S	573	Klebsiella pneumoniae	4	97	29	0.652236265412547	225.073148773351
DRR099207	S	548	Klebsiella aerogenes	1	14	7	0.163059066353137	56.2682871933378
DRR099207	G	547	Enterobacter	6	296	38	0.97835439811882	337.609723160027
DRR099207	S	158836	Enterobacter hormaechei	1	24	6	0.163059066353137	56.2682871933378
DRR099207	S	1848517	Enterobacter sp. LU1	1	1	1	0.163059066353137	56.2682871933378
DRR099207	G	544	Citrobacter	1	203	42	0.163059066353137	56.2682871933378
DRR099207	G	1330547	Kosakonia	1	25	10	0.163059066353137	56.2682871933378
DRR099207	S	2067958	Kosakonia sp. MUSA4	1	10	1	0.163059066353137	56.2682871933378
DRR099207	G	413496	Cronobacter	1	80	11	0.163059066353137	56.2682871933378
DRR099207	S	413497	Cronobacter dublinensis	1	61	1	0.163059066353137	56.2682871933378
DRR099207	G	579	Kluyvera	1	5	5	0.163059066353137	56.2682871933378
DRR099207	S	2774055	Kluyvera genomosp. 3	1	2	2	0.163059066353137	56.2682871933378
DRR099207	G	53335	Pantoea	4	56	42	0.652236265412547	225.073148773351
DRR099207	S	553	Pantoea ananatis	4	8	8	0.652236265412547	225.073148773351
DRR099207	G	551	Erwinia	1	46	28	0.163059066353137	56.2682871933378
DRR099207	S	552	Erwinia amylovora	1	6	5	0.163059066353137	56.2682871933378
DRR099207	G	32199	Buchnera	1	61	49	0.163059066353137	56.2682871933378
DRR099207	S	9	Buchnera aphidicola	1	61	49	0.163059066353137	56.2682871933378
DRR099207	G	613	Serratia	1	146	62	0.163059066353137	56.2682871933378
DRR099207	S	138074	Serratia symbiotica	1	14	8	0.163059066353137	56.2682871933378
DRR099207	G	635	Edwardsiella	1	12	7	0.163059066353137	56.2682871933378
DRR099207	S	636	Edwardsiella tarda	1	9	5	0.163059066353137	56.2682871933378
DRR099207	G	583	Proteus	1	122	33	0.163059066353137	56.2682871933378
DRR099207	S	585	Proteus vulgaris	1	17	12	0.163059066353137	56.2682871933378
DRR099207	G	2745	Halomonas	13	571	56	2.11976786259078	731.487733513392
DRR099207	S	115561	Halomonas hydrothermalis	7	52	3	1.14141346447196	393.878010353365
DRR099207	S	2306583	Halomonas sp. JS92-SW72	4	15	8	0.652236265412547	225.073148773351
DRR099207	S	2730360	Halomonas sp. PGE1	2	25	1	0.326118132706273	112.536574386676
DRR099207	G	230494	Reinekea	1	1	1	0.163059066353137	56.2682871933378
DRR099207	S	1336806	Reinekea forsetii	1	1	1	0.163059066353137	56.2682871933378
DRR099207	G	305899	Endozoicomonas	1	8	3	0.163059066353137	56.2682871933378
DRR099207	S	1027273	Endozoicomonas montiporae	1	8	3	0.163059066353137	56.2682871933378
DRR099207	G	1237	Piscirickettsia	10	153	9	1.63059066353137	562.682871933378
DRR099207	S	1238	Piscirickettsia salmonis	10	153	9	1.63059066353137	562.682871933378
DRR099207	G	469	Acinetobacter	6	498	166	0.97835439811882	337.609723160027
DRR099207	S	471	Acinetobacter calcoaceticus	2	8	5	0.326118132706273	112.536574386676
DRR099207	S	29430	Acinetobacter haemolyticus	1	6	3	0.163059066353137	56.2682871933378
DRR099207	S	40214	Acinetobacter johnsonii	1	16	10	0.163059066353137	56.2682871933378
DRR099207	S	52133	Acinetobacter venetianus	1	5	4	0.163059066353137	56.2682871933378
DRR099207	G	475	Moraxella	1	88	18	0.163059066353137	56.2682871933378
DRR099207	S	34062	Moraxella osloensis	1	6	4	0.163059066353137	56.2682871933378
DRR099207	G	2894574	Saccharobesus	2	21	5	0.326118132706273	112.536574386676
DRR099207	S	2172099	Saccharobesus litoralis	2	21	5	0.326118132706273	112.536574386676
DRR099207	G	53246	Pseudoalteromonas	2	167	91	0.326118132706273	112.536574386676
DRR099207	G	28228	Colwellia	1	17	16	0.163059066353137	56.2682871933378
DRR099207	S	2161872	Colwellia sp. Arc7-D	1	5	4	0.163059066353137	56.2682871933378
DRR099207	G	22	Shewanella	1	189	68	0.163059066353137	56.2682871933378
DRR099207	S	94122	Shewanella sp. ANA-3	1	48	2	0.163059066353137	56.2682871933378
DRR099207	G	58050	Moritella	1	13	9	0.163059066353137	56.2682871933378
DRR099207	S	2746230	Moritella sp. 24	1	4	3	0.163059066353137	56.2682871933378
DRR099207	G	662	Vibrio	7	471	141	1.14141346447196	393.878010353365
DRR099207	S	55601	Vibrio anguillarum	4	11	6	0.652236265412547	225.073148773351
DRR099207	S	672	Vibrio vulnificus	1	19	9	0.163059066353137	56.2682871933378
DRR099207	S	2751178	Vibrio sp. B1FLJ16	1	6	3	0.163059066353137	56.2682871933378
DRR099207	G	413	Methylococcus	1	13	6	0.163059066353137	56.2682871933378
DRR099207	S	414	Methylococcus capsulatus	1	3	3	0.163059066353137	56.2682871933378
DRR099207	G	2828366	Caldichromatium	1	2	2	0.163059066353137	56.2682871933378
DRR099207	S	2699430	Caldichromatium japonicum	1	2	2	0.163059066353137	56.2682871933378
DRR099207	G	642	Aeromonas	1	101	64	0.163059066353137	56.2682871933378
DRR099207	G	59195	Rickettsiella	1	7	2	0.163059066353137	56.2682871933378
DRR099207	S	676208	Candidatus Rickettsiella viridis	1	7	2	0.163059066353137	56.2682871933378
DRR099207	G	413435	Solimonas	1	28	8	0.163059066353137	56.2682871933378
DRR099207	S	2303331	Solimonas sp. K1W22B-7	1	28	8	0.163059066353137	56.2682871933378
DRR099207	G	374	Bradyrhizobium	40	1159	801	6.52236265412547	2250.73148773351
DRR099207	S	2057741	Bradyrhizobium sp. SK17	14	141	98	2.28282692894391	787.75602070673
DRR099207	S	2715960	Bradyrhizobium sp. PSBB068	8	205	158	1.30447253082509	450.146297546703
DRR099207	S	1197460	Bradyrhizobium sp. 6(2017)	3	39	13	0.48917719905941	168.804861580014
DRR099207	S	1325120	Bradyrhizobium sp. CCBAU 53421	3	36	16	0.48917719905941	168.804861580014
DRR099207	S	83637	Bradyrhizobium genosp. L	2	72	17	0.326118132706273	112.536574386676
DRR099207	S	1437360	Bradyrhizobium erythrophlei	1	24	12	0.163059066353137	56.2682871933378
DRR099207	S	244734	Bradyrhizobium betae	1	42	27	0.163059066353137	56.2682871933378
DRR099207	S	1355477	Bradyrhizobium diazoefficiens	1	38	8	0.163059066353137	56.2682871933378
DRR099207	S	375	Bradyrhizobium japonicum	1	8	5	0.163059066353137	56.2682871933378
DRR099207	G	407	Methylobacterium	20	365	91	3.26118132706273	1125.36574386676
DRR099207	S	270351	Methylobacterium aquaticum	14	67	8	2.28282692894391	787.75602070673
DRR099207	S	114616	Methylobacterium nodulans	2	20	10	0.326118132706273	112.536574386676
DRR099207	S	2202828	Methylobacterium radiodurans	1	13	7	0.163059066353137	56.2682871933378
DRR099207	G	2282523	Methylorubrum	9	253	163	1.46753159717823	506.414584740041
DRR099207	S	408	Methylorubrum extorquens	4	141	113	0.652236265412547	225.073148773351
DRR099207	S	223967	Methylorubrum populi	4	87	33	0.652236265412547	225.073148773351
DRR099207	G	106591	Ensifer	4	26	12	0.652236265412547	225.073148773351
DRR099207	S	1752398	Ensifer alkalisoli	3	10	2	0.48917719905941	168.804861580014
DRR099207	S	106592	Ensifer adhaerens	1	6	4	0.163059066353137	56.2682871933378
DRR099207	G	28105	Sinorhizobium	1	44	27	0.163059066353137	56.2682871933378
DRR099207	S	794846	Sinorhizobium sp. CCBAU 05631	1	2	1	0.163059066353137	56.2682871933378
DRR099207	G	379	Rhizobium	2	452	76	0.326118132706273	112.536574386676
DRR099207	S	293958	Rhizobium lusitanum	1	108	2	0.163059066353137	56.2682871933378
DRR099207	S	384	Rhizobium leguminosarum	1	26	14	0.163059066353137	56.2682871933378
DRR099207	G	357	Agrobacterium	1	514	30	0.163059066353137	56.2682871933378
DRR099207	S	358	Agrobacterium tumefaciens	1	111	6	0.163059066353137	56.2682871933378
DRR099207	G	152053	Starkeya	4	39	3	0.652236265412547	225.073148773351
DRR099207	S	921	Starkeya novella	4	39	3	0.652236265412547	225.073148773351
DRR099207	G	99	Ancylobacter	1	23	11	0.163059066353137	56.2682871933378
DRR099207	S	223390	Ancylobacter polymorphus	1	10	5	0.163059066353137	56.2682871933378
DRR099207	G	279	Xanthobacter	1	12	5	0.163059066353137	56.2682871933378
DRR099207	S	2528964	Xanthobacter dioxanivorans	1	12	5	0.163059066353137	56.2682871933378
DRR099207	G	204476	Labrys	1	35	10	0.163059066353137	56.2682871933378
DRR099207	S	2789216	Labrys sp. KNU-23	1	35	10	0.163059066353137	56.2682871933378
DRR099207	G	68287	Mesorhizobium	3	256	85	0.48917719905941	168.804861580014
DRR099207	G	31988	Aminobacter	2	318	6	0.326118132706273	112.536574386676
DRR099207	S	374606	Aminobacter sp. MSH1	2	315	3	0.326118132706273	112.536574386676
DRR099207	G	59282	Blastochloris	2	38	7	0.326118132706273	112.536574386676
DRR099207	S	1079	Blastochloris viridis	2	36	6	0.326118132706273	112.536574386676
DRR099207	G	1632780	Phreatobacter	1	55	13	0.163059066353137	56.2682871933378
DRR099207	S	1868589	Phreatobacter cathodiphilus	1	48	6	0.163059066353137	56.2682871933378
DRR099207	G	46913	Devosia	1	38	24	0.163059066353137	56.2682871933378
DRR099207	S	2774137	Devosia rhizoryzae	1	3	3	0.163059066353137	56.2682871933378
DRR099207	G	293088	Martelella	1	16	7	0.163059066353137	56.2682871933378
DRR099207	S	293089	Martelella mediterranea	1	10	1	0.163059066353137	56.2682871933378
DRR099207	G	227873	Pannonibacter	1	33	9	0.163059066353137	56.2682871933378
DRR099207	S	121719	Pannonibacter phragmitetus	1	33	9	0.163059066353137	56.2682871933378
DRR099207	G	13687	Sphingomonas	10	451	185	1.63059066353137	562.682871933378
DRR099207	S	2735134	Sphingomonas sp. AP4-R1	1	29	7	0.163059066353137	56.2682871933378
DRR099207	S	2596913	Sphingomonas sp. NBWT7	1	27	4	0.163059066353137	56.2682871933378
DRR099207	S	2492837	Sphingomonas sp. C8-2	1	14	3	0.163059066353137	56.2682871933378
DRR099207	S	2219696	Sphingomonas sp. FARSPH	1	18	4	0.163059066353137	56.2682871933378
DRR099207	S	1813879	Sphingomonas panacisoli	1	11	1	0.163059066353137	56.2682871933378
DRR099207	S	152682	Sphingomonas melonis	1	44	44	0.163059066353137	56.2682871933378
DRR099207	S	363835	Sphingomonas ginsengisoli An et al. 2013	1	13	4	0.163059066353137	56.2682871933378
DRR099207	S	13689	Sphingomonas paucimobilis	1	30	26	0.163059066353137	56.2682871933378
DRR099207	S	1549858	Sphingomonas taxi	1	9	8	0.163059066353137	56.2682871933378
DRR099207	S	2599297	Sphingomonas suaedae	1	3	3	0.163059066353137	56.2682871933378
DRR099207	G	165695	Sphingobium	3	131	110	0.48917719905941	168.804861580014
DRR099207	S	2082188	Sphingobium sp. YG1	1	61	61	0.163059066353137	56.2682871933378
DRR099207	S	2733867	Sphingobium sp. KCTC 72723	1	5	4	0.163059066353137	56.2682871933378
DRR099207	S	13690	Sphingobium yanoikuyae	1	8	5	0.163059066353137	56.2682871933378
DRR099207	G	165697	Sphingopyxis	2	149	22	0.326118132706273	112.536574386676
DRR099207	S	2054227	Sphingopyxis lindanitolerans	1	12	2	0.163059066353137	56.2682871933378
DRR099207	G	2676233	Sphingosinithalassobacter	2	18	2	0.326118132706273	112.536574386676
DRR099207	S	2711215	Sphingosinithalassobacter tenebrarum	2	16	1	0.326118132706273	112.536574386676
DRR099207	G	1649486	Rhizorhabdus	1	71	9	0.163059066353137	56.2682871933378
DRR099207	S	2711156	Rhizorhabdus phycosphaerae	1	67	6	0.163059066353137	56.2682871933378
DRR099207	G	1041	Erythrobacter	3	250	22	0.48917719905941	168.804861580014
DRR099207	S	2502843	Erythrobacter sp. HKB08	1	17	1	0.163059066353137	56.2682871933378
DRR099207	S	2829500	Erythrobacter sp. JK5	1	8	3	0.163059066353137	56.2682871933378
DRR099207	S	1112	Erythrobacter neustonensis	1	200	2	0.163059066353137	56.2682871933378
DRR099207	G	265	Paracoccus	6	202	53	0.97835439811882	337.609723160027
DRR099207	S	2812658	Paracoccus sp. H4-D09	2	38	3	0.326118132706273	112.536574386676
DRR099207	S	2589076	Paracoccus sp. AK26	1	86	3	0.163059066353137	56.2682871933378
DRR099207	S	135740	Paracoccus kondratievae	2	17	14	0.326118132706273	112.536574386676
DRR099207	S	147645	Paracoccus yeei	1	3	3	0.163059066353137	56.2682871933378
DRR099207	G	1679449	Pseudooceanicola	2	7	2	0.326118132706273	112.536574386676
DRR099207	S	1537215	Pseudooceanicola algae	2	7	2	0.326118132706273	112.536574386676
DRR099207	G	2683599	Paroceanicella	2	16	4	0.326118132706273	112.536574386676
DRR099207	S	2579971	Paroceanicella profunda	2	16	4	0.326118132706273	112.536574386676
DRR099207	G	1060	Rhodobacter	1	102	14	0.163059066353137	56.2682871933378
DRR099207	S	2033869	Rhodobacter sp. CZR27	1	50	2	0.163059066353137	56.2682871933378
DRR099207	G	1855413	Brevirhabdus	1	12	2	0.163059066353137	56.2682871933378
DRR099207	S	1267768	Brevirhabdus pacifica	1	12	2	0.163059066353137	56.2682871933378
DRR099207	G	60136	Sulfitobacter	3	91	26	0.48917719905941	168.804861580014
DRR099207	S	2070369	Sulfitobacter sp. JL08	1	2	2	0.163059066353137	56.2682871933378
DRR099207	G	1433986	Actibacterium	2	6	2	0.326118132706273	112.536574386676
DRR099207	S	1609966	Actibacterium sp. EMB200-NS6	2	6	2	0.326118132706273	112.536574386676
DRR099207	G	92944	Ketogulonicigenium	1	20	4	0.163059066353137	56.2682871933378
DRR099207	S	92947	Ketogulonicigenium robustum	1	17	1	0.163059066353137	56.2682871933378
DRR099207	G	93682	Roseivivax	1	13	6	0.163059066353137	56.2682871933378
DRR099207	G	2433	Roseobacter	1	31	11	0.163059066353137	56.2682871933378
DRR099207	S	1891787	Roseobacter ponti	1	24	5	0.163059066353137	56.2682871933378
DRR099207	G	302485	Phaeobacter	1	89	10	0.163059066353137	56.2682871933378
DRR099207	S	221822	Phaeobacter inhibens	1	3	2	0.163059066353137	56.2682871933378
DRR099207	G	35812	Roseococcus	3	18	4	0.48917719905941	168.804861580014
DRR099207	S	2771361	Roseococcus microcysteis	3	18	4	0.48917719905941	168.804861580014
DRR099207	G	434	Acetobacter	2	36	17	0.326118132706273	112.536574386676
DRR099207	S	435	Acetobacter aceti	1	5	4	0.163059066353137	56.2682871933378
DRR099207	S	1076596	Acetobacter persici	1	18	2	0.163059066353137	56.2682871933378
DRR099207	G	2919364	Novacetimonas	1	4	2	0.163059066353137	56.2682871933378
DRR099207	S	436	Novacetimonas hansenii	1	4	2	0.163059066353137	56.2682871933378
DRR099207	G	364409	Granulibacter	1	3	2	0.163059066353137	56.2682871933378
DRR099207	S	364410	Granulibacter bethesdensis	1	3	2	0.163059066353137	56.2682871933378
DRR099207	G	191	Azospirillum	5	196	52	0.815295331765683	281.341435966689
DRR099207	S	286727	Azospirillum oryzae	2	59	2	0.326118132706273	112.536574386676
DRR099207	G	204447	Skermanella	2	164	62	0.326118132706273	112.536574386676
DRR099207	S	2775420	Skermanella sp. TT6	2	88	45	0.326118132706273	112.536574386676
DRR099207	G	780	Rickettsia	3	133	26	0.48917719905941	168.804861580014
DRR099207	S	781	Rickettsia conorii	3	12	1	0.48917719905941	168.804861580014
DRR099207	G	69474	Orientia	1	5	4	0.163059066353137	56.2682871933378
DRR099207	S	784	Orientia tsutsugamushi	1	5	4	0.163059066353137	56.2682871933378
DRR099207	G	943	Ehrlichia	1	12	10	0.163059066353137	56.2682871933378
DRR099207	S	779	Ehrlichia ruminantium	1	9	7	0.163059066353137	56.2682871933378
DRR099207	G	2813804	Paremcibacter	4	17	3	0.652236265412547	225.073148773351
DRR099207	S	2043170	Paremcibacter congregatus	4	17	3	0.652236265412547	225.073148773351
DRR099207	G	2004661	Hyphobacterium	1	4	2	0.163059066353137	56.2682871933378
DRR099207	S	2749086	Hyphobacterium sp. CCMP332	1	4	2	0.163059066353137	56.2682871933378
DRR099207	G	1822464	Paraburkholderia	16	391	79	2.60894506165019	900.292595093405
DRR099207	S	148447	Paraburkholderia phymatum	9	50	2	1.46753159717823	506.414584740041
DRR099207	S	134537	Paraburkholderia fungorum	4	9	7	0.652236265412547	225.073148773351
DRR099207	S	2604047	Paraburkholderia dioscoreae	1	86	4	0.163059066353137	56.2682871933378
DRR099207	G	106589	Cupriavidus	12	479	126	1.95670879623764	675.219446320054
DRR099207	S	164546	Cupriavidus taiwanensis	5	80	20	0.815295331765683	281.341435966689
DRR099207	S	96344	Cupriavidus oxalaticus	3	207	6	0.48917719905941	168.804861580014
DRR099207	S	119219	Cupriavidus metallidurans	2	27	17	0.326118132706273	112.536574386676
DRR099207	S	68895	Cupriavidus basilensis	1	50	17	0.163059066353137	56.2682871933378
DRR099207	S	82541	Cupriavidus gilardii	1	4	3	0.163059066353137	56.2682871933378
DRR099207	G	32008	Burkholderia	3	672	151	0.48917719905941	168.804861580014
DRR099207	S	95485	Burkholderia stabilis	1	2	1	0.163059066353137	56.2682871933378
DRR099207	S	41899	Burkholderia plantarii	1	59	7	0.163059066353137	56.2682871933378
DRR099207	G	48736	Ralstonia	1	217	74	0.163059066353137	56.2682871933378
DRR099207	S	329	Ralstonia pickettii	1	58	41	0.163059066353137	56.2682871933378
DRR099207	G	80865	Delftia	16	790	583	2.60894506165019	900.292595093405
DRR099207	S	80866	Delftia acidovorans	5	75	16	0.815295331765683	281.341435966689
DRR099207	S	180282	Delftia tsuruhatensis	2	24	24	0.326118132706273	112.536574386676
DRR099207	S	742013	Delftia sp. Cs1-4	1	63	2	0.163059066353137	56.2682871933378
DRR099207	G	47420	Hydrogenophaga	5	91	22	0.815295331765683	281.341435966689
DRR099207	S	2806262	Hydrogenophaga sp. YM1	3	17	1	0.48917719905941	168.804861580014
DRR099207	S	1842537	Hydrogenophaga sp. RAC07	1	13	2	0.163059066353137	56.2682871933378
DRR099207	S	2184519	Hydrogenophaga sp. NH-16	1	3	3	0.163059066353137	56.2682871933378
DRR099207	G	283	Comamonas	2	226	46	0.326118132706273	112.536574386676
DRR099207	S	285	Comamonas testosteroni	1	55	15	0.163059066353137	56.2682871933378
DRR099207	S	1562974	Comamonas piscis	1	9	7	0.163059066353137	56.2682871933378
DRR099207	G	12916	Acidovorax	1	110	44	0.163059066353137	56.2682871933378
DRR099207	S	80868	Acidovorax cattleyae	1	13	3	0.163059066353137	56.2682871933378
DRR099207	G	34072	Variovorax	1	285	69	0.163059066353137	56.2682871933378
DRR099207	S	34073	Variovorax paradoxus	1	34	22	0.163059066353137	56.2682871933378
DRR099207	G	2490452	Serpentinimonas	1	21	9	0.163059066353137	56.2682871933378
DRR099207	S	1458426	Serpentinimonas maccroryi	1	18	6	0.163059066353137	56.2682871933378
DRR099207	G	174951	Ramlibacter	1	200	7	0.163059066353137	56.2682871933378
DRR099207	S	94132	Ramlibacter tataouinensis	1	200	7	0.163059066353137	56.2682871933378
DRR099207	G	201096	Alicycliphilus	1	80	8	0.163059066353137	56.2682871933378
DRR099207	S	179636	Alicycliphilus denitrificans	1	80	8	0.163059066353137	56.2682871933378
DRR099207	G	683756	Kinneretia	1	330	12	0.163059066353137	56.2682871933378
DRR099207	S	2714952	Kinneretia sp. DAIF2	1	327	10	0.163059066353137	56.2682871933378
DRR099207	G	963	Herbaspirillum	7	162	21	1.14141346447196	393.878010353365
DRR099207	S	80842	Herbaspirillum rubrisubalbicans	5	89	7	0.815295331765683	281.341435966689
DRR099207	S	341045	Herbaspirillum hiltneri	2	28	4	0.326118132706273	112.536574386676
DRR099207	G	149698	Massilia	5	213	78	0.815295331765683	281.341435966689
DRR099207	S	1141883	Massilia putida	3	51	10	0.48917719905941	168.804861580014
DRR099207	S	1593482	Massilia sp. YMA4	1	12	5	0.163059066353137	56.2682871933378
DRR099207	S	2765360	Massilia antarctica	1	11	6	0.163059066353137	56.2682871933378
DRR099207	G	75654	Duganella	1	26	5	0.163059066353137	56.2682871933378
DRR099207	S	2728020	Duganella sp. GN2-R2	1	24	3	0.163059066353137	56.2682871933378
DRR099207	G	222	Achromobacter	6	288	174	0.97835439811882	337.609723160027
DRR099207	S	85698	Achromobacter xylosoxidans	6	145	95	0.97835439811882	337.609723160027
DRR099207	G	517	Bordetella	1	74	47	0.163059066353137	56.2682871933378
DRR099207	S	463025	Bordetella bronchialis	1	3	3	0.163059066353137	56.2682871933378
DRR099207	G	359336	Castellaniella	1	4	3	0.163059066353137	56.2682871933378
DRR099207	S	75697	Castellaniella defragrans	1	4	3	0.163059066353137	56.2682871933378
DRR099207	G	316612	Methylibium	5	50	3	0.815295331765683	281.341435966689
DRR099207	S	2082386	Methylibium sp. Pch-M	5	49	2	0.815295331765683	281.341435966689
DRR099207	G	28067	Rubrivivax	1	24	5	0.163059066353137	56.2682871933378
DRR099207	S	28068	Rubrivivax gelatinosus	1	24	5	0.163059066353137	56.2682871933378
DRR099207	G	65047	Mitsuaria	1	16	5	0.163059066353137	56.2682871933378
DRR099207	S	1658665	Mitsuaria sp. 7	1	16	5	0.163059066353137	56.2682871933378
DRR099207	G	551759	Aromatoleum	11	507	12	1.7936497298845	618.951159126716
DRR099207	S	76116	Aromatoleum petrolei	11	488	6	1.7936497298845	618.951159126716
DRR099207	G	146937	Azospira	1	23	9	0.163059066353137	56.2682871933378
DRR099207	S	146939	Azospira oryzae	1	5	2	0.163059066353137	56.2682871933378
DRR099207	G	33057	Thauera	2	35	16	0.326118132706273	112.536574386676
DRR099207	S	85643	Thauera sp. MZ1T	2	14	3	0.326118132706273	112.536574386676
DRR099207	G	535	Chromobacterium	6	226	24	0.97835439811882	337.609723160027
DRR099207	S	536	Chromobacterium violaceum	4	21	4	0.652236265412547	225.073148773351
DRR099207	S	1778675	Chromobacterium rhizoryzae	2	12	2	0.326118132706273	112.536574386676
DRR099207	G	407217	Aquitalea	1	11	3	0.163059066353137	56.2682871933378
DRR099207	S	1537400	Aquitalea aquatilis	1	2	1	0.163059066353137	56.2682871933378
DRR099207	G	482	Neisseria	1	42	20	0.163059066353137	56.2682871933378
DRR099207	S	495	Neisseria elongata	1	6	1	0.163059066353137	56.2682871933378
DRR099207	G	1193515	Snodgrassella	1	4	3	0.163059066353137	56.2682871933378
DRR099207	S	1196083	Snodgrassella alvi	1	4	3	0.163059066353137	56.2682871933378
DRR099207	G	1654931	Crenobacter	1	8	2	0.163059066353137	56.2682871933378
DRR099207	S	2290923	Crenobacter cavernae	1	8	2	0.163059066353137	56.2682871933378
DRR099207	G	914	Nitrosomonas	1	32	9	0.163059066353137	56.2682871933378
DRR099207	S	153948	Nitrosomonas sp. AL212	1	6	1	0.163059066353137	56.2682871933378
DRR099207	G	33055	Candidatus Kinetoplastibacterium	1	11	8	0.163059066353137	56.2682871933378
DRR099207	S	994695	Candidatus Kinetoplastibacterium galatii	1	2	2	0.163059066353137	56.2682871933378
DRR099207	G	47	Archangium	15	365	41	2.44588599529705	844.024307900067
DRR099207	S	83451	Archangium violaceum	13	268	30	2.11976786259078	731.487733513392
DRR099207	S	48	Archangium gephyra	2	32	9	0.326118132706273	112.536574386676
DRR099207	G	44	Melittangium	1	24	3	0.163059066353137	56.2682871933378
DRR099207	S	83453	Melittangium boletus	1	24	3	0.163059066353137	56.2682871933378
DRR099207	G	32	Myxococcus	2	86	31	0.326118132706273	112.536574386676
DRR099207	S	34	Myxococcus xanthus	2	23	9	0.326118132706273	112.536574386676
DRR099207	G	83461	Corallococcus	1	218	26	0.163059066353137	56.2682871933378
DRR180243	G	1386	Bacillus	12576	38927	1062	187.978710633755	3619.47609695223
DRR180243	G	1279	Staphylococcus	2789	7019	854	41.688344780339	802.697108333314
DRR180243	S	1280	Staphylococcus aureus	2552	6221	535	38.1458070560864	734.48656165888
DRR180243	S	1282	Staphylococcus epidermidis	4	33	26	0.0597896662321104	1.1512328552647
DRR180243	S	29388	Staphylococcus capitis	1	8	8	0.0149474165580276	0.287808213816176
DRR180243	G	1301	Streptococcus	268	1063	504	4.0059076375514	77.1326013027351
DRR180243	S	1313	Streptococcus pneumoniae	2	16	14	0.0298948331160552	0.575616427632352
DRR180243	S	1747	Cutibacterium acnes	36	184	182	0.538106996088993	10.3610956973823
DRR180243	S	562	Escherichia coli	146	515	196	2.18232281747203	42.0199992171617
DRR180243	S	573	Klebsiella pneumoniae	114	399	97	1.70400548761515	32.810136375044
DRR180243	G	286	Pseudomonas	488	4302	2510	7.29433928031747	140.450408342294
DRR180243	S	287	Pseudomonas aeruginosa	41	166	75	0.612844078879132	11.8001367664632
DRR180243	G	13687	Sphingomonas	32	357	324	0.478317329856883	9.20986284211762
DRR180243	G	48736	Ralstonia	34	230	167	0.508212162972938	9.78547926974998
DRR212592	G	1386	Bacillus	16870	247307	793	825.930638276456	252272.999162579
DRR212592	G	1279	Staphylococcus	9704	60636	1073	475.093711549183	145113.051800455
DRR212592	S	1280	Staphylococcus aureus	9697	58941	507	474.75100174077	145008.374207441
DRR212592	S	1282	Staphylococcus epidermidis	2	226	188	0.0979170881181334	29.9078837181481
DRR212592	G	1301	Streptococcus	4	1225	395	0.195834176236267	59.8157674362962
DRR212592	S	1747	Cutibacterium acnes	10	653	522	0.489585440590667	149.539418590741
DRR212592	G	286	Pseudomonas	2415	87187	1022	118.234883902646	36113.7695896638
DRR212592	S	287	Pseudomonas aeruginosa	6	166	29	0.2937512643544	89.7236511544443
DRR212592	S	573	Klebsiella pneumoniae	34	1108	44	1.66459049800827	508.434023208518
DRR212592	S	562	Escherichia coli	2	207	69	0.0979170881181334	29.9078837181481
DRR212592	G	13687	Sphingomonas	16	579	115	0.783336704945067	239.263069745185
DRR212592	G	48736	Ralstonia	60	1772	266	2.937512643544	897.236511544443
DRR212593	G	1386	Bacillus	17477	256091	955	628.469717770816	495379.818594104
DRR212593	G	1279	Staphylococcus	1140	16896	879	40.9941911231179	32312.925170068
DRR212593	S	1280	Staphylococcus aureus	1137	15562	490	40.8863116727939	32227.8911564626
DRR212593	G	1301	Streptococcus	3	2037	432	0.107879450323994	85.0340136054422
DRR212593	S	1313	Streptococcus pneumoniae	1	35	23	0.0359598167746648	28.3446712018141
DRR212593	S	1747	Cutibacterium acnes	7	399	320	0.251718717422654	198.412698412698
DRR212593	G	286	Pseudomonas	1741	442370	1472	62.6060410046914	49348.0725623583
DRR212593	S	287	Pseudomonas aeruginosa	1	209	46	0.0359598167746648	28.3446712018141
DRR212593	S	562	Escherichia coli	2	264	84	0.0719196335493296	56.6893424036281
DRR212593	G	13687	Sphingomonas	3	754	147	0.107879450323994	85.0340136054422
DRR212593	G	48736	Ralstonia	1	1384	83	0.0359598167746648	28.3446712018141
DRR326766	G	1279	Staphylococcus	6393	6988	80	1396.17313595162	527127.308707124
DRR326766	S	1280	Staphylococcus aureus	1	417	62	0.218390917558521	82.4538258575198
DRR326766	G	1386	Bacillus	2757	14588	59	602.103759708841	227325.197889182
DRR326766	G	286	Pseudomonas	38	740	110	8.29885486722378	3133.24538258575
DRR326766	S	287	Pseudomonas aeruginosa	1	1	1	0.218390917558521	82.4538258575198
DRR326766	S	562	Escherichia coli	6	19	3	1.31034550535112	494.722955145119
DRR326767	G	1386	Bacillus	10214	54991	163	534.614453946084	425920.520411993
DRR326767	G	1279	Staphylococcus	51	2353	299	2.66940837588117	2126.68362453609
DRR326767	S	1280	Staphylococcus aureus	34	1754	253	1.77960558392078	1417.78908302406
DRR326767	G	1301	Streptococcus	9	203	49	0.471072066331972	375.297110212251
DRR326767	G	286	Pseudomonas	213	3088	273	11.1487055698567	8882.03160835662
DRR326767	S	287	Pseudomonas aeruginosa	3	16	9	0.157024022110657	125.099036737417
DRR326767	S	562	Escherichia coli	5	94	16	0.261706703517762	208.498394562362
DRR326767	G	13687	Sphingomonas	2	168	35	0.104682681407105	83.3993578249447
DRR326767	G	48736	Ralstonia	2	146	15	0.104682681407105	83.3993578249447
DRR326768	G	1386	Bacillus	10197	53685	162	540.714411160575	409189.406099518
DRR326768	G	1279	Staphylococcus	64	2530	280	3.39371602572097	2568.21829855538
DRR326768	S	1280	Staphylococcus aureus	46	1704	225	2.43923339348695	1845.90690208668
DRR326768	G	1301	Streptococcus	4	206	64	0.212107251607561	160.513643659711
DRR326768	S	1747	Cutibacterium acnes	1	21	21	0.0530268129018902	40.1284109149278
DRR326768	G	286	Pseudomonas	167	3154	281	8.85547775461567	6701.44462279294
DRR326768	S	287	Pseudomonas aeruginosa	3	63	9	0.159080438705671	120.385232744783
DRR326768	S	562	Escherichia coli	13	150	20	0.689348567724573	521.669341894061
DRR326768	S	573	Klebsiella pneumoniae	1	92	38	0.0530268129018902	40.1284109149278
DRR326768	G	13687	Sphingomonas	1	153	25	0.0530268129018902	40.1284109149278
ERR1231573	G	1386	Bacillus	2775	28927	2043	74.949743158709	125338.753387534
ERR1231573	G	1279	Staphylococcus	2467	55250	1688	66.6309968910036	111427.280939476
ERR1231573	S	1280	Staphylococcus aureus	847	3960	347	22.8765522361897	38256.549232159
ERR1231573	S	1282	Staphylococcus epidermidis	7	275	154	0.189062415175122	316.16982836495
ERR1231573	G	1301	Streptococcus	78	2283	1342	2.10669548337993	3523.0352303523
ERR1231573	S	1313	Streptococcus pneumoniae	6	164	97	0.162053498721533	271.0027100271
ERR1231573	S	1747	Cutibacterium acnes	38	661	448	1.02633882523638	1716.3504968383
ERR1231573	S	562	Escherichia coli	483	1898	448	13.0453066470834	21815.7181571816
ERR1231573	S	573	Klebsiella pneumoniae	164	942	172	4.42946229838857	7407.40740740741
ERR1231573	G	286	Pseudomonas	435	16752	1687	11.7488786573111	19647.6964769648
ERR1231573	S	287	Pseudomonas aeruginosa	6	122	65	0.162053498721533	271.0027100271
ERR1231573	G	48736	Ralstonia	1695	12179	149	45.7801133888331	76558.2655826558
ERR1231573	G	13687	Sphingomonas	25	497	253	0.675222911339721	1129.17795844625
ERR1231574	S	562	Escherichia coli	305	1183	430	9.98619809198788	20721.5164073646
ERR1231574	S	573	Klebsiella pneumoniae	121	1378	159	3.96173760370667	8220.66716488892
ERR1231574	G	286	Pseudomonas	155	3919	1421	5.07495312871515	10530.6066988246
ERR1231574	S	287	Pseudomonas aeruginosa	3	101	41	0.0982248992654546	203.8181941708
ERR1231574	G	48736	Ralstonia	480	2843	101	15.7159838824727	32610.9110673279
ERR1231574	G	13687	Sphingomonas	15	335	208	0.491124496327273	1019.090970854
ERR1231574	G	1386	Bacillus	768	10222	1838	25.1455742119564	52177.4577077247
ERR1231574	G	1279	Staphylococcus	895	18187	1098	29.3037616141939	60805.7612609552
ERR1231574	S	1280	Staphylococcus aureus	425	1787	241	13.9151940626061	28874.2441741966
ERR1231574	S	1282	Staphylococcus epidermidis	5	121	60	0.163708165442424	339.696990284666
ERR1231574	S	29388	Staphylococcus capitis	1	88	48	0.0327416330884849	67.9393980569332
ERR1231574	G	1301	Streptococcus	19	1429	824	0.622091028681212	1290.84856308173
ERR1231574	S	1747	Cutibacterium acnes	18	316	234	0.589349395592727	1222.9091650248
ERR1231577	G	1386	Bacillus	2839	30113	2010	77.0168443624402	128782.036743026
ERR1231577	G	1279	Staphylococcus	2367	52952	1588	64.2123531545953	107371.286005897
ERR1231577	S	1280	Staphylococcus aureus	845	3795	317	22.9232946411631	38330.6872306646
ERR1231577	S	1282	Staphylococcus epidermidis	7	221	160	0.189897115370582	317.532320254026
ERR1231577	G	1301	Streptococcus	73	2591	1407	1.98035563172178	3311.40848264913
ERR1231577	S	1313	Streptococcus pneumoniae	1	93	41	0.0271281593386545	45.3617600362894
ERR1231577	S	1747	Cutibacterium acnes	42	671	401	1.13938269222349	1905.19392152416
ERR1231577	S	562	Escherichia coli	476	1739	424	12.9130038451996	21592.1977772738
ERR1231577	S	573	Klebsiella pneumoniae	179	985	184	4.85594052161916	8119.7550464958
ERR1231577	G	286	Pseudomonas	437	17300	1836	11.855005630992	19823.0891358585
ERR1231577	S	287	Pseudomonas aeruginosa	2	130	64	0.0542563186773091	90.7235200725788
ERR1231577	G	48736	Ralstonia	1619	11903	151	43.9204899692817	73440.6894987526
ERR1231577	G	13687	Sphingomonas	23	471	272	0.623947664789055	1043.32048083466
ERR1231582	S	562	Escherichia coli	246	794	320	6.3135919546565	14643.7287933806
ERR1231582	S	573	Klebsiella pneumoniae	146	1232	170	3.74709116008069	8690.99351151854
ERR1231582	G	286	Pseudomonas	617	40735	1809	15.8353099025328	36728.3766890886
ERR1231582	S	287	Pseudomonas aeruginosa	8	182	86	0.205320063566065	476.218822548961
ERR1231582	G	48736	Ralstonia	632	4276	126	16.2202850217191	37621.2869813679
ERR1231582	G	13687	Sphingomonas	14	351	214	0.359310111240614	833.382939460682
ERR1231582	G	1386	Bacillus	898	12200	2208	23.0471771352908	53455.5628311209
ERR1231582	G	1279	Staphylococcus	825	22293	1369	21.1736315552505	49110.0660753616
ERR1231582	S	1280	Staphylococcus aureus	190	1541	258	4.87635150969405	11310.1970355378
ERR1231582	S	1282	Staphylococcus epidermidis	7	175	89	0.179655055620307	416.691469730341
ERR1231582	S	29388	Staphylococcus capitis	4	50	27	0.102660031783033	238.109411274481
ERR1231582	G	1301	Streptococcus	43	1849	1047	1.1035953416676	2559.67617120067
ERR1231582	S	1313	Streptococcus pneumoniae	2	88	41	0.0513300158915163	119.05470563724
ERR1231582	S	1747	Cutibacterium acnes	33	551	301	0.846945262210019	1964.40264301447
ERR1366136	G	1279	Staphylococcus	221726	7515543	7754	26361.5568258558	173037.692352116
ERR1366136	S	1280	Staphylococcus aureus	708	5915	280	84.1758847979303	552.531891547667
ERR1366136	S	1282	Staphylococcus epidermidis	188	6510	2538	22.3517886186595	146.717507925087
ERR1366136	S	29388	Staphylococcus capitis	62	1849	681	7.37133454445153	48.3855611242307
ERR1366136	G	1386	Bacillus	1255	11576	405	149.210078278817	979.417406627573
ERR1366136	G	1301	Streptococcus	3364	69252	9132	399.954345282821	2625.30689712761
ERR1366136	S	1313	Streptococcus pneumoniae	79	446	114	9.39250691954307	61.6525698195843
ERR1366136	S	1328	Streptococcus anginosus	9	122	55	1.070032433872	7.02371048577543
ERR1366136	S	1747	Cutibacterium acnes	10493	276761	78791	1247.53892540209	8188.86601413795
ERR1366136	G	48736	Ralstonia	358207	2404099	646	42588.123115554	279549.140219795
ERR1366136	G	286	Pseudomonas	3165	38002	9663	376.294739244985	2470.00485416436
ERR1366136	S	287	Pseudomonas aeruginosa	32	228	89	3.80455976487821	24.9731928383126
ERR1366136	S	562	Escherichia coli	1057	4234	319	125.669364733633	824.895775940514
ERR1366136	S	573	Klebsiella pneumoniae	350	939	94	41.6123724283554	273.144296669044
ERR1366136	G	13687	Sphingomonas	443	4243	1375	52.6693742450327	345.72263835539
ERR1366140	G	1279	Staphylococcus	222147	7521203	7893	25787.20825759	173338.24393464
ERR1366140	S	1280	Staphylococcus aureus	720	6120	276	83.5788461940283	561.806081706892
ERR1366140	S	1282	Staphylococcus epidermidis	190	6748	2453	22.0555288567575	148.254382672652
ERR1366140	S	29388	Staphylococcus capitis	59	1788	841	6.84882211867732	46.0368872509814
ERR1366140	G	1386	Bacillus	1290	11347	465	149.745432764301	1006.56922972485
ERR1366140	G	1301	Streptococcus	3332	69301	8367	386.784327109031	2599.91370034356
ERR1366140	S	1313	Streptococcus pneumoniae	90	471	116	10.4473557742535	70.2257602133615
ERR1366140	S	1328	Streptococcus anginosus	13	97	43	1.50906250072551	10.1437209197078
ERR1366140	S	1747	Cutibacterium acnes	10456	272172	79100	1213.75057750661	8158.67276434342
ERR1366140	G	48736	Ralstonia	357518	2391136	671	41501.3082411064	278966.370444006
ERR1366140	G	286	Pseudomonas	3211	39376	9809	372.738437679201	2505.49906716782
ERR1366140	S	287	Pseudomonas aeruginosa	28	225	79	3.2502884631011	21.8480142886013
ERR1366140	S	562	Escherichia coli	1131	4308	322	131.288437563119	882.503720014576
ERR1366140	S	573	Klebsiella pneumoniae	333	925	100	38.6552163647381	259.835312789437
ERR1366140	G	13687	Sphingomonas	439	4748	1471	50.9598798321923	342.545652596285
ERR1366141	G	1386	Bacillus	8267	76760	698	365.142289992058	7297.27916616647
ERR1366141	G	1279	Staphylococcus	7706	197647	2303	340.36367324045	6802.0845838247
ERR1366141	S	1280	Staphylococcus aureus	2006	11428	417	88.6023265663564	1770.69577928268
ERR1366141	S	1282	Staphylococcus epidermidis	8	255	172	0.353349258489956	7.06159832216424
ERR1366141	S	29388	Staphylococcus capitis	6	195	123	0.265011943867467	5.29619874162318
ERR1366141	G	1301	Streptococcus	526	10785	6101	23.2327137457146	464.300089682299
ERR1366141	S	1313	Streptococcus pneumoniae	26	201	159	1.14838509009236	22.9501945470338
ERR1366141	S	1328	Streptococcus anginosus	1	6	4	0.0441686573112445	0.88269979027053
ERR1366141	S	1747	Cutibacterium acnes	522	11968	5018	23.0560391164696	460.769290521217
ERR1366141	G	48736	Ralstonia	8783	62624	160	387.93331716466	7752.75225794606
ERR1366141	G	286	Pseudomonas	958	13515	1350	42.3135737041722	845.626399079168
ERR1366141	S	287	Pseudomonas aeruginosa	9	64	39	0.3975179158012	7.94429811243477
ERR1366141	S	562	Escherichia coli	63	492	167	2.7826254106084	55.6100867870434
ERR1366141	S	573	Klebsiella pneumoniae	54	381	81	2.3851074948072	47.6657886746086
ERR1366141	G	13687	Sphingomonas	1402	8836	1204	61.9244575503647	1237.54510595928
ERR1366142	G	1279	Staphylococcus	338850	11835142	18167	24040.9788541552	172185.565072017
ERR1366142	S	1280	Staphylococcus aureus	2048	11009	619	145.303009276405	1040.68477871474
ERR1366142	S	1282	Staphylococcus epidermidis	1114	39676	9586	79.0368907880446	566.075607171985
ERR1366142	S	29388	Staphylococcus capitis	159	4822	1115	11.2808488647209	80.7953514724826
ERR1366142	G	1386	Bacillus	3061	25627	916	217.174077829627	1555.43755256144
ERR1366142	G	1301	Streptococcus	25972	522500	18724	1842.68054537441	13197.590367568
ERR1366142	S	1313	Streptococcus pneumoniae	691	2882	416	49.0255758837871	351.129483443305
ERR1366142	S	1328	Streptococcus anginosus	15	49	24	1.06423102497367	7.62220296910213
ERR1366142	S	1747	Cutibacterium acnes	21786	540172	88619	1545.68914067176	11070.4875923239
ERR1366142	G	48736	Ralstonia	544963	3590863	714	38664.4354708484	276921.23977672
ERR1366142	G	286	Pseudomonas	6497	91851	13233	460.953931283596	3301.43017935044
ERR1366142	S	287	Pseudomonas aeruginosa	80	679	156	5.67589879985958	40.6517491685447
ERR1366142	S	573	Klebsiella pneumoniae	1170	3189	217	83.0100199479463	594.531831589966
ERR1366142	S	562	Escherichia coli	659	3264	463	46.7552163638433	334.868783775887
ERR1366142	G	13687	Sphingomonas	1744	16326	2020	123.734593836939	886.208131874274
ERR1406029	S	562	Escherichia coli	5491	16508	3536	60.7916202642971	15209.1360069578
ERR1406029	S	573	Klebsiella pneumoniae	909	2069	806	10.0636646913579	2517.7753834137
ERR1406029	G	286	Pseudomonas	744	22712	2200	8.23692687609489	2060.75344913069
ERR1406029	S	287	Pseudomonas aeruginosa	51	295	103	0.564628051990375	141.261325142023
ERR1406029	G	13687	Sphingomonas	1055	7306	332	11.6800508794087	2922.17054950655
ERR1406029	G	48736	Ralstonia	7	1237	120	0.0774979679202476	19.3888093332188
ERR1406029	G	1279	Staphylococcus	38046	164810	808	421.21252678482	105380.948555949
ERR1406029	S	1280	Staphylococcus aureus	38037	163443	571	421.112886540351	105356.020086806
ERR1406029	G	1386	Bacillus	22583	152747	615	250.019515648993	62551.0687388687
ERR1406029	G	1301	Streptococcus	3	1266	248	0.0332134148229633	8.30948971423665
ERR1406029	S	1747	Cutibacterium acnes	1	38	36	0.0110711382743211	2.76982990474555
ERR1406030	S	562	Escherichia coli	9512	28457	4411	158.464388119136	20843.2396424745
ERR1406030	S	573	Klebsiella pneumoniae	1590	4172	1019	26.488475305869	3484.09914124626
ERR1406030	G	286	Pseudomonas	598	12925	1700	9.96233222195576	1310.37187828004
ERR1406030	S	287	Pseudomonas aeruginosa	82	353	86	1.36607231137186	179.683100366159
ERR1406030	G	13687	Sphingomonas	1617	9042	341	26.9382796035158	3543.2630889278
ERR1406030	G	48736	Ralstonia	7	699	153	0.116615929019549	15.3388012507697
ERR1406030	G	1279	Staphylococcus	48628	221273	706	810.114199480376	106556.461031775
ERR1406030	S	1280	Staphylococcus aureus	48616	219557	579	809.9142864592	106530.165943917
ERR1406030	S	1282	Staphylococcus epidermidis	1	21	6	0.0166594184313642	2.19125732153853
ERR1406030	G	1386	Bacillus	15702	106617	420	261.58618820928	34407.1224627979
ERR1406030	G	1301	Streptococcus	9	891	199	0.149934765882277	19.7213158938467
ERR1406030	S	1747	Cutibacterium acnes	2	35	32	0.0333188368627283	4.38251464307705
ERR1424611	G	1386	Bacillus	7620	63286	3607	201.193282108784	10467.7950455184
ERR1424611	G	1279	Staphylococcus	4001	115050	2662	105.639674766043	5496.27926208914
ERR1424611	S	1280	Staphylococcus aureus	56	3419	548	1.47858580027453	76.9286774998729
ERR1424611	S	1282	Staphylococcus epidermidis	8	264	199	0.211226542896362	10.9898110714104
ERR1424611	S	29388	Staphylococcus capitis	3	110	99	0.0792099535861356	4.12117915177891
ERR1424611	G	1301	Streptococcus	69	2507	1651	1.82182893248112	94.7871204909149
ERR1424611	S	1313	Streptococcus pneumoniae	4	73	61	0.105613271448181	5.49490553570521
ERR1424611	S	1747	Cutibacterium acnes	55	1820	1597	1.45218248241249	75.5549511159466
ERR1424611	S	562	Escherichia coli	57	1108	395	1.50498911813658	78.3024038837992
ERR1424611	S	573	Klebsiella pneumoniae	17	368	169	0.448856403654768	23.3533485267471
ERR1424611	G	286	Pseudomonas	471	15507	2449	12.4359627130233	647.025126829288
ERR1424611	S	287	Pseudomonas aeruginosa	3	129	73	0.0792099535861356	4.12117915177891
ERR1424611	G	48736	Ralstonia	2839	19535	145	74.9590194103463	3900.00920396677
ERR1424611	G	13687	Sphingomonas	4	340	220	0.105613271448181	5.49490553570521
ERR1424612	G	1386	Bacillus	6434	54642	3813	171.816194378646	9216.60306437011
ERR1424612	G	1279	Staphylococcus	3524	105838	2795	94.1063520345585	5048.0741682997
ERR1424612	S	1280	Staphylococcus aureus	67	3273	546	1.78919568283638	95.9764385005902
ERR1424612	S	1282	Staphylococcus epidermidis	12	362	247	0.320452958119949	17.1898098807027
ERR1424612	S	29388	Staphylococcus capitis	4	80	66	0.10681765270665	5.72993662690091
ERR1424612	G	1301	Streptococcus	82	2842	1956	2.18976188048632	117.463700851469
ERR1424612	S	1313	Streptococcus pneumoniae	3	102	76	0.0801132395299874	4.29745247017568
ERR1424612	S	1328	Streptococcus anginosus	1	29	29	0.0267044131766625	1.43248415672523
ERR1424612	S	1747	Cutibacterium acnes	48	1240	1022	1.2818118324798	68.7592395228109
ERR1424612	S	562	Escherichia coli	37	990	363	0.988063287536511	53.0019137988334
ERR1424612	S	573	Klebsiella pneumoniae	17	301	157	0.453975024003262	24.3522306643289
ERR1424612	G	286	Pseudomonas	399	14113	2563	10.6550608574883	571.561178533365
ERR1424612	S	287	Pseudomonas aeruginosa	3	133	80	0.0801132395299874	4.29745247017568
ERR1424612	G	48736	Ralstonia	2787	18754	147	74.4251995233583	3992.33334479321
ERR1424612	G	13687	Sphingomonas	15	382	257	0.400566197649937	21.4872623508784
ERR1424614	G	1386	Bacillus	6347	55812	4570	167.091050380097	15100.3996954701
ERR1424614	G	1279	Staphylococcus	3168	93257	3022	83.4007322521109	7537.1145793681
ERR1424614	S	1280	Staphylococcus aureus	115	3632	578	3.02748870233357	273.601065854587
ERR1424614	S	1282	Staphylococcus epidermidis	5	261	192	0.131629943579721	11.8956985154168
ERR1424614	G	1301	Streptococcus	274	6606	3489	7.21332090816869	651.884278644842
ERR1424614	S	1313	Streptococcus pneumoniae	6	104	84	0.157955932295665	14.2748382185002
ERR1424614	S	1328	Streptococcus anginosus	1	24	20	0.0263259887159441	2.37913970308336
ERR1424614	S	1747	Cutibacterium acnes	61	1714	1352	1.60588531167259	145.127521888085
ERR1424614	S	562	Escherichia coli	59	1012	415	1.5532333342407	140.369242481919
ERR1424614	S	573	Klebsiella pneumoniae	27	413	195	0.710801695330491	64.2367719832509
ERR1424614	G	286	Pseudomonas	545	17378	2764	14.3476638501895	1296.63113818043
ERR1424614	S	287	Pseudomonas aeruginosa	4	138	82	0.105303954863776	9.51655881233346
ERR1424614	G	48736	Ralstonia	2339	15373	151	61.5764876065933	5564.80776551199
ERR1424614	G	13687	Sphingomonas	15	499	339	0.394889830739162	35.6870955462505
ERR1424615	G	1386	Bacillus	6658	56535	4315	192.15319983852	8338.21754006302
ERR1424615	G	1279	Staphylococcus	2168	61880	2873	62.5695610168085	2715.11799742515
ERR1424615	S	1280	Staphylococcus aureus	154	3315	636	4.44451678809433	192.86354778758
ERR1424615	S	1282	Staphylococcus epidermidis	12	239	180	0.34632598348787	15.0283283990322
ERR1424615	S	29388	Staphylococcus capitis	2	89	69	0.0577209972479783	2.5047213998387
ERR1424615	G	1301	Streptococcus	314	7687	6876	9.06219656793259	393.241259774675
ERR1424615	S	1313	Streptococcus pneumoniae	6	83	67	0.173162991743935	7.51416419951609
ERR1424615	S	1747	Cutibacterium acnes	35	1104	942	1.01011745183962	43.8326244971772
ERR1424615	S	562	Escherichia coli	66	1139	455	1.90479290918328	82.655806194677
ERR1424615	S	573	Klebsiella pneumoniae	15	415	175	0.432907479359837	18.7854104987902
ERR1424615	G	286	Pseudomonas	499	13804	2636	14.4013888133706	624.927989259755
ERR1424615	S	287	Pseudomonas aeruginosa	1	156	84	0.0288604986239891	1.25236069991935
ERR1424615	G	48736	Ralstonia	1453	9697	151	41.9343045006562	1819.68009698281
ERR1424615	G	13687	Sphingomonas	12	337	215	0.34632598348787	15.0283283990322
ERR1777638	G	1386	Bacillus	10005	84560	385	679.476640672922	290581.162324649
ERR1777638	G	1279	Staphylococcus	2344	40494	1505	159.189729708878	68078.1853562197
ERR1777638	S	1280	Staphylococcus aureus	778	7707	386	52.8368642122472	22595.9164706224
ERR1777638	S	1282	Staphylococcus epidermidis	6	241	219	0.407482243282112	174.261566611484
ERR1777638	S	29388	Staphylococcus capitis	1	26	24	0.0679137072136853	29.0435944352473
ERR1777638	G	1301	Streptococcus	122	3167	1862	8.28547228006961	3543.31852110017
ERR1777638	S	1313	Streptococcus pneumoniae	1	18	11	0.0679137072136853	29.0435944352473
ERR1777638	S	1747	Cutibacterium acnes	400	10516	6697	27.1654828854741	11617.4377740989
ERR1777638	G	286	Pseudomonas	546	14297	5022	37.0808841386722	15857.802561645
ERR1777638	S	287	Pseudomonas aeruginosa	7	150	42	0.475395950495797	203.305161046731
ERR1777638	S	573	Klebsiella pneumoniae	30	355	63	2.03741121641056	871.307833057419
ERR1777638	S	562	Escherichia coli	32	417	54	2.17323863083793	929.395021927914
ERR1777638	G	48736	Ralstonia	606	5571	138	41.1557065714933	17600.4182277599
ERR1777638	G	13687	Sphingomonas	45	762	436	3.05611682461584	1306.96174958613
ERR1777647	G	1386	Bacillus	32436	258718	695	1042.37125384574	310835.545418827
ERR1777647	G	1279	Staphylococcus	4922	125759	3958	158.174599563101	47167.7319814856
ERR1777647	S	1280	Staphylococcus aureus	1503	17884	557	48.3007767459044	14403.3118992631
ERR1777647	S	1282	Staphylococcus epidermidis	19	408	317	0.610588661458538	182.077795133731
ERR1777647	S	29388	Staphylococcus capitis	10	218	180	0.321362453399231	95.8304184914376
ERR1777647	G	1301	Streptococcus	4444	91780	11329	142.813474290618	42587.0379775948
ERR1777647	S	1313	Streptococcus pneumoniae	29	221	147	0.931951114857769	277.908213625169
ERR1777647	S	1328	Streptococcus anginosus	1	4	4	0.0321362453399231	9.58304184914376
ERR1777647	S	1747	Cutibacterium acnes	1527	37660	20341	49.0720466340625	14633.3049036425
ERR1777647	G	286	Pseudomonas	1214	30320	6610	39.0134018426666	11633.8128048605
ERR1777647	S	287	Pseudomonas aeruginosa	20	359	84	0.642724906798461	191.660836982875
ERR1777647	S	573	Klebsiella pneumoniae	63	699	61	2.02458345641515	603.731636496057
ERR1777647	S	562	Escherichia coli	53	577	69	1.70322100301592	507.901218004619
ERR1777647	G	48736	Ralstonia	732	7333	257	23.5237315888237	7014.78663357323
ERR1777647	G	13687	Sphingomonas	110	1587	771	3.53498698739154	1054.13460340581
ERR1777648	G	1386	Bacillus	16991	136141	634	1156.89233023485	159481.504425609
ERR1777648	G	1279	Staphylococcus	3624	64758	6609	246.752857675893	34015.7125559654
ERR1777648	S	1280	Staphylococcus aureus	909	8907	545	61.8924800296321	8532.08684143835
ERR1777648	S	1282	Staphylococcus epidermidis	42	1259	950	2.85971854922393	394.221834257877
ERR1777648	S	29388	Staphylococcus capitis	13	207	124	0.885150979521692	122.021043936962
ERR1777648	G	1301	Streptococcus	15117	314168	25567	1029.29441210995	141891.701630389
ERR1777648	S	1313	Streptococcus pneumoniae	108	514	366	7.35356198371867	1013.71328809168
ERR1777648	S	1328	Streptococcus anginosus	5	26	20	0.34044268443142	46.9311707449854
ERR1777648	S	1747	Cutibacterium acnes	1799	43766	22461	122.491277858425	16885.8352340457
ERR1777648	G	286	Pseudomonas	1454	28570	11931	99.0007326326569	13647.5844526418
ERR1777648	S	287	Pseudomonas aeruginosa	12	202	86	0.817062442635408	112.634809787965
ERR1777648	S	562	Escherichia coli	110	695	146	7.48973905749124	1032.48575638968
ERR1777648	S	573	Klebsiella pneumoniae	58	396	91	3.94913513940447	544.401580641831
ERR1777648	G	48736	Ralstonia	802	7140	296	54.6070065827997	7527.75978749566
ERR1777648	G	13687	Sphingomonas	191	1766	897	13.0049105452802	1792.77072245844
ERR1777651	G	1386	Bacillus	752	8463	528	29.4160077533086	13056.2355678247
ERR1777651	G	1279	Staphylococcus	4874	140904	1606	190.65641195429	84622.4629755022
ERR1777651	S	1280	Staphylococcus aureus	1265	6427	160	49.4830449573609	21962.9494591732
ERR1777651	S	1282	Staphylococcus epidermidis	5	216	187	0.195585157934233	86.8100769137281
ERR1777651	S	29388	Staphylococcus capitis	4	51	46	0.156468126347386	69.4480615309825
ERR1777651	G	1301	Streptococcus	1842	39135	6061	72.0535721829713	31980.8323350175
ERR1777651	S	1313	Streptococcus pneumoniae	27	145	101	1.05615985284486	468.774415334132
ERR1777651	S	1747	Cutibacterium acnes	137	3474	2134	5.35903332739798	2378.59610743615
ERR1777651	S	573	Klebsiella pneumoniae	579	3450	72	22.6487612887841	10052.6069066097
ERR1777651	S	562	Escherichia coli	65	980	78	2.54260705314502	1128.53099987847
ERR1777651	G	286	Pseudomonas	392	16638	2340	15.3338763820438	6805.91003003629
ERR1777651	S	287	Pseudomonas aeruginosa	22	469	47	0.860574694910624	381.964338420404
ERR1777651	G	48736	Ralstonia	448	4753	126	17.5244301509072	7778.18289147004
ERR1777651	G	13687	Sphingomonas	27	510	332	1.05615985284486	468.774415334132
ERR1777653	S	573	Klebsiella pneumoniae	4666	7569	70	249.407536832779	17786.0113363904
ERR1777653	S	562	Escherichia coli	46	694	76	2.45879697691981	175.344303787818
ERR1777653	G	286	Pseudomonas	631	18126	5567	33.7282802703565	2405.26642804594
ERR1777653	S	287	Pseudomonas aeruginosa	27	381	71	1.44320692123554	102.919482658067
ERR1777653	G	13687	Sphingomonas	104	1437	938	5.55901925216652	396.430599868111
ERR1777653	G	48736	Ralstonia	1690	13398	448	90.334062847706	6441.9972478568
ERR1777653	G	1279	Staphylococcus	4395	102641	3663	234.922015512229	16753.0046771187
ERR1777653	S	1280	Staphylococcus aureus	667	3856	280	35.6525561653372	2542.49240492336
ERR1777653	S	1282	Staphylococcus epidermidis	25	564	478	1.33630270484772	95.2958172759881
ERR1777653	G	1386	Bacillus	1256	12505	519	67.1358478915495	4787.66185994564
ERR1777653	G	1301	Streptococcus	3444	72324	11017	184.089060619822	13127.9517879401
ERR1777653	S	1313	Streptococcus pneumoniae	46	254	189	2.45879697691981	175.344303787818
ERR1777653	S	1328	Streptococcus anginosus	1	11	5	0.0534521081939089	3.81183269103953
ERR1777653	S	1747	Cutibacterium acnes	599	14121	7596	32.0178128081514	2283.28778193268
ERR2022823	G	1386	Bacillus	14910	34234	3109	1221.41301675662	227650.965722574
ERR2022823	G	1279	Staphylococcus	8776	26190	228	718.921571767681	133994.961447439
ERR2022823	S	1280	Staphylococcus aureus	8703	25557	136	712.94148120945	132880.372547523
ERR2022823	G	1301	Streptococcus	54	577	130	4.42362863211654	824.490419115963
ERR2022823	S	1747	Cutibacterium acnes	1	6	3	0.0819190487428989	15.2683410947401
ERR2022823	G	286	Pseudomonas	2652	21626	416	217.249317266168	40491.6405832506
ERR2022823	S	287	Pseudomonas aeruginosa	1	28	11	0.0819190487428989	15.2683410947401
ERR2022823	S	562	Escherichia coli	121	712	324	9.91220489789077	1847.46927246355
ERR2022823	S	573	Klebsiella pneumoniae	69	462	31	5.65241436326003	1053.51553553706
ERR2022823	G	13687	Sphingomonas	14	148	60	1.14686668240059	213.756775326361
ERR2022823	G	48736	Ralstonia	1	37	17	0.0819190487428989	15.2683410947401
ERR2022824	G	1386	Bacillus	109837	242631	4939	3396.60980385341	267141.912072303
ERR2022824	G	1279	Staphylococcus	5224	31422	316	161.547471392429	12705.6397085291
ERR2022824	S	1280	Staphylococcus aureus	4673	22148	186	144.508295141045	11365.5157653056
ERR2022824	S	1282	Staphylococcus epidermidis	1	14	8	0.0309240948300975	2.43216686610435
ERR2022824	G	1301	Streptococcus	379	1129	170	11.7202319406069	921.791242253548
ERR2022824	S	1747	Cutibacterium acnes	1	4	3	0.0309240948300975	2.43216686610435
ERR2022824	G	286	Pseudomonas	20178	101286	612	623.986385481706	49076.2630242536
ERR2022824	S	287	Pseudomonas aeruginosa	3	123	16	0.0927722844902924	7.29650059831305
ERR2022824	S	573	Klebsiella pneumoniae	1118	16912	53	34.573138020049	2719.16255630466
ERR2022824	S	562	Escherichia coli	867	6041	2038	26.8111902176945	2108.68867291247
ERR2022824	G	48736	Ralstonia	9	27	17	0.278316853470877	21.8895017949391
ERR2022824	G	13687	Sphingomonas	73	449	82	2.25745892259711	177.548181225618
ERR2200162	S	1747	Cutibacterium acnes	28	978	443	1.09351015392522	20.4339439920191
ERR2200162	G	1386	Bacillus	3625	48972	1129	141.570510999248	2645.46596325247
ERR2200162	G	1279	Staphylococcus	486	12299	1775	18.9802119574164	354.674885004331
ERR2200162	S	1280	Staphylococcus aureus	348	9742	532	13.5907690559278	253.964732472237
ERR2200162	S	1282	Staphylococcus epidermidis	4	169	123	0.156215736275032	2.91913485600273
ERR2200162	S	29388	Staphylococcus capitis	4	32	19	0.156215736275032	2.91913485600273
ERR2200162	G	1301	Streptococcus	29	1507	755	1.13256408799398	21.1637277060198
ERR2200162	S	1328	Streptococcus anginosus	1	9	8	0.039053934068758	0.729783714000682
ERR2200162	G	286	Pseudomonas	866	26451	2078	33.8207069035444	631.99269632459
ERR2200162	S	573	Klebsiella pneumoniae	34	387	88	1.32783375833777	24.8126462760232
ERR2200162	S	562	Escherichia coli	64	577	173	2.49945178040051	46.7061576960436
ERR2200162	G	13687	Sphingomonas	38	914	391	1.4840494946128	27.7317811320259
ERR2200162	G	48736	Ralstonia	8	598	254	0.312431472550064	5.83826971200545
ERR2200166	G	1386	Bacillus	2726	37168	1231	143.312623450077	2795.03455856192
ERR2200166	G	1279	Staphylococcus	386	8541	972	20.2929833645377	395.775252973185
ERR2200166	S	1280	Staphylococcus aureus	343	7131	460	18.0323660467265	351.686299921768
ERR2200166	G	1301	Streptococcus	18	1230	674	0.94630492373492	18.455840812221
ERR2200166	S	1313	Streptococcus pneumoniae	2	48	28	0.105144991526102	2.05064897913567
ERR2200166	S	1328	Streptococcus anginosus	1	4	4	0.0525724957630511	1.02532448956784
ERR2200166	S	1747	Cutibacterium acnes	29	1140	741	1.52460237712848	29.7344101974672
ERR2200166	S	573	Klebsiella pneumoniae	59	462	145	3.10177725002002	60.4941448845023
ERR2200166	S	562	Escherichia coli	56	479	236	2.94405976273086	57.4181714157988
ERR2200166	G	286	Pseudomonas	361	13482	1813	18.9786709704615	370.142140733989
ERR2200166	S	287	Pseudomonas aeruginosa	1	98	53	0.0525724957630511	1.02532448956784
ERR2200166	G	48736	Ralstonia	1	306	101	0.0525724957630511	1.02532448956784
ERR2200166	G	13687	Sphingomonas	20	597	230	1.05144991526102	20.5064897913567
ERR2200168	G	13687	Sphingomonas	73	805	281	3.33009082845543	59.5645099962303
ERR2200168	G	286	Pseudomonas	448	14215	1585	20.4367217965484	365.546581894674
ERR2200168	S	287	Pseudomonas aeruginosa	3	143	83	0.136853047744744	2.44785657518755
ERR2200168	S	573	Klebsiella pneumoniae	64	552	107	2.9195316852212	52.2209402706677
ERR2200168	S	562	Escherichia coli	55	411	140	2.50897254198697	44.877370545105
ERR2200168	G	48736	Ralstonia	6	276	102	0.273706095489488	4.89571315037509
ERR2200168	G	1386	Bacillus	3900	52899	1072	177.908962068167	3182.21354774381
ERR2200168	G	1279	Staphylococcus	2530	22669	1008	115.412736931401	2064.35904507483
ERR2200168	S	1280	Staphylococcus aureus	2484	21476	534	113.314323532648	2026.82524425529
ERR2200168	S	1282	Staphylococcus epidermidis	1	71	63	0.0456176825815813	0.815952191729182
ERR2200168	G	1301	Streptococcus	18	833	426	0.821118286468463	14.6871394511253
ERR2200168	S	1313	Streptococcus pneumoniae	2	23	16	0.0912353651631626	1.63190438345836
ERR2200168	S	1328	Streptococcus anginosus	1	3	3	0.0456176825815813	0.815952191729182
ERR2200168	S	1747	Cutibacterium acnes	17	399	224	0.775500603886882	13.8711872593961
ERR2200170	G	1386	Bacillus	3955	51303	980	218.198481614419	3964.31216928565
ERR2200170	G	1279	Staphylococcus	478	10507	1122	26.3713967665468	479.125465718974
ERR2200170	S	1280	Staphylococcus aureus	424	9092	520	23.3922013159327	424.998321056161
ERR2200170	S	1282	Staphylococcus epidermidis	2	100	81	0.110340572244966	2.00470906158566
ERR2200170	S	29388	Staphylococcus capitis	2	24	15	0.110340572244966	2.00470906158566
ERR2200170	G	1301	Streptococcus	53	2368	1010	2.92402516449159	53.1247901320201
ERR2200170	S	1313	Streptococcus pneumoniae	1	23	11	0.0551702861224828	1.00235453079283
ERR2200170	S	1747	Cutibacterium acnes	175	5460	1199	9.65480007143449	175.412042888746
ERR2200170	G	286	Pseudomonas	239	11154	2202	13.1856983832734	239.562732859487
ERR2200170	S	573	Klebsiella pneumoniae	29	216	75	1.599938297552	29.0682813929921
ERR2200170	S	562	Escherichia coli	42	318	105	2.31715201714428	42.098890293299
ERR2200170	G	13687	Sphingomonas	30	1077	480	1.65510858367448	30.070635923785
ERR2200170	G	48736	Ralstonia	8	394	181	0.441362288979862	8.01883624634266
ERR2200172	S	1747	Cutibacterium acnes	796	50598	12425	31.3690143260633	194.589483416258
ERR2200172	G	1386	Bacillus	1527	22276	480	60.1764885375612	373.289122081188
ERR2200172	G	1279	Staphylococcus	479	15868	762	18.8765802288748	117.095932859783
ERR2200172	S	1280	Staphylococcus aureus	438	14214	398	17.2608395412258	107.073107708946
ERR2200172	S	1282	Staphylococcus epidermidis	9	429	123	0.354674785093681	2.20013235018382
ERR2200172	S	29388	Staphylococcus capitis	1	16	9	0.0394083094548534	0.244459150020425
ERR2200172	G	1301	Streptococcus	42	2562	632	1.65514899710384	10.2672843008578
ERR2200172	G	286	Pseudomonas	740	22717	1905	29.1621489965915	180.899771015114
ERR2200172	S	287	Pseudomonas aeruginosa	3	115	39	0.11822492836456	0.733377450061274
ERR2200172	S	573	Klebsiella pneumoniae	118	495	65	4.65018051567271	28.8461797024101
ERR2200172	S	562	Escherichia coli	47	507	102	1.85219054437811	11.48958005096
ERR2200172	G	48736	Ralstonia	47	2716	585	1.85219054437811	11.48958005096
ERR2200172	G	13687	Sphingomonas	80	2014	487	3.15266475638827	19.556732001634
ERR2618223	G	1386	Bacillus	2867	21468	1648	130.957426686109	1120.1660361907
ERR2618223	G	1279	Staphylococcus	1920	14210	1581	87.7008228940806	750.16351220305
ERR2618223	S	1280	Staphylococcus aureus	1862	11866	394	85.0515272024885	727.502322771917
ERR2618223	S	1282	Staphylococcus epidermidis	10	344	296	0.456775119240003	3.90710162605756
ERR2618223	G	1301	Streptococcus	744	3447	824	33.9840688714562	290.688360978682
ERR2618223	S	1313	Streptococcus pneumoniae	5	181	44	0.228387559620001	1.95355081302878
ERR2618223	S	1747	Cutibacterium acnes	54	1179	861	2.46658564389602	21.0983487807108
ERR2618223	G	286	Pseudomonas	1304	15056	1628	59.5634755488964	509.486052037905
ERR2618223	S	287	Pseudomonas aeruginosa	5	147	52	0.228387559620001	1.95355081302878
ERR2618223	S	573	Klebsiella pneumoniae	106	1000	137	4.84181626394403	41.4152772362101
ERR2618223	S	562	Escherichia coli	35	805	189	1.59871291734001	13.6748556912014
ERR2618223	G	13687	Sphingomonas	14	321	160	0.639485166936004	5.46994227648058
ERR2618223	G	48736	Ralstonia	11	255	87	0.502452631164003	4.29781178866331
ERR2618224	G	1386	Bacillus	3733	22942	1604	185.802323350295	1382.7493041804
ERR2618224	G	1279	Staphylococcus	1515	14000	1038	75.4059790719789	561.174710911681
ERR2618224	S	1280	Staphylococcus aureus	1473	12242	360	73.315516285825	545.617392193337
ERR2618224	S	1282	Staphylococcus epidermidis	5	120	71	0.24886461739927	1.85206175218377
ERR2618224	S	29388	Staphylococcus capitis	2	72	37	0.0995458469597081	0.740824700873506
ERR2618224	G	1301	Streptococcus	892	4094	933	44.3974477440298	330.407816589584
ERR2618224	S	1313	Streptococcus pneumoniae	19	216	34	0.945685546117227	7.03783465829831
ERR2618224	S	1747	Cutibacterium acnes	98	2348	1738	4.8777465010257	36.3004103428018
ERR2618224	G	286	Pseudomonas	1738	21187	1529	86.5053410079863	643.776665059077
ERR2618224	S	287	Pseudomonas aeruginosa	6	177	53	0.298637540879124	2.22247410262052
ERR2618224	S	573	Klebsiella pneumoniae	104	1086	130	5.17638404190482	38.5228844454223
ERR2618224	S	562	Escherichia coli	38	842	170	1.89137109223445	14.0756693165966
ERR2618224	G	13687	Sphingomonas	6	294	160	0.298637540879124	2.22247410262052
ERR2618224	G	48736	Ralstonia	8	203	75	0.398183387838832	2.96329880349403
ERR2618225	G	1279	Staphylococcus	3339	27194	1028	145.142921874377	2890.61377279204
ERR2618225	S	1280	Staphylococcus aureus	3240	25548	269	140.839492923924	2804.90824314053
ERR2618225	S	29388	Staphylococcus capitis	8	107	61	0.347751834380059	6.92569936577908
ERR2618225	G	1386	Bacillus	2195	17852	1110	95.4144095580287	1900.23876348564
ERR2618225	G	1301	Streptococcus	287	1779	613	12.4755970583846	248.459464747325
ERR2618225	S	1313	Streptococcus pneumoniae	3	51	21	0.130406937892522	2.59713726216716
ERR2618225	S	1747	Cutibacterium acnes	29	647	455	1.26060039962771	25.1056602009492
ERR2618225	G	286	Pseudomonas	692	18704	1510	30.0805336738751	599.072995139891
ERR2618225	S	287	Pseudomonas aeruginosa	4	155	60	0.17387591719003	3.46284968288954
ERR2618225	S	573	Klebsiella pneumoniae	44	721	126	1.91263508909033	38.0913465117849
ERR2618225	S	562	Escherichia coli	22	366	131	0.956317544545163	19.0456732558925
ERR2618225	G	13687	Sphingomonas	727	6331	572	31.6019479492879	629.372929865174
ERR2618225	G	48736	Ralstonia	1	251	87	0.0434689792975074	0.865712420722385
ERR2618229	G	1386	Bacillus	3145	23683	1779	113.282044122438	1990.20401964259
ERR2618229	G	1279	Staphylococcus	3331	28010	1258	119.98171350456	2107.90765959601
ERR2618229	S	1280	Staphylococcus aureus	3287	25776	414	118.396845478681	2080.06378777907
ERR2618229	S	1282	Staphylococcus epidermidis	5	109	96	0.180098639304352	3.164076342834
ERR2618229	S	29388	Staphylococcus capitis	1	65	32	0.0360197278608705	0.6328152685668
ERR2618229	G	1301	Streptococcus	532	3161	900	19.1624952219831	336.657722877538
ERR2618229	S	1328	Streptococcus anginosus	1	9	7	0.0360197278608705	0.6328152685668
ERR2618229	S	1313	Streptococcus pneumoniae	3	122	41	0.108059183582611	1.8984458057004
ERR2618229	S	1747	Cutibacterium acnes	29	614	453	1.04457210796524	18.3516427884372
ERR2618229	G	286	Pseudomonas	1115	22953	2546	40.1619965648706	705.589024451982
ERR2618229	S	287	Pseudomonas aeruginosa	9	184	93	0.324177550747834	5.6953374171012
ERR2618229	S	573	Klebsiella pneumoniae	92	1826	163	3.31381496320008	58.2190047081456
ERR2618229	S	562	Escherichia coli	31	642	188	1.11661156368699	19.6172733255708
ERR2618229	G	13687	Sphingomonas	49	905	404	1.76496666518265	31.0079481597732
ERR2618229	G	48736	Ralstonia	6	336	138	0.216118367165223	3.7968916114008
ERR2618232	G	1386	Bacillus	5710	34705	1308	216.202462436242	973.338369919037
ERR2618232	G	1279	Staphylococcus	1857	18140	864	70.3131300777761	316.548047800289
ERR2618232	S	1280	Staphylococcus aureus	1787	14843	343	67.6626620619202	304.615703510564
ERR2618232	S	29388	Staphylococcus capitis	3	63	51	0.113591486393822	0.511386183845379
ERR2618232	S	1282	Staphylococcus epidermidis	1	82	47	0.0378638287979408	0.170462061281793
ERR2618232	G	1301	Streptococcus	950	4429	656	35.9706373580438	161.938958217703
ERR2618232	S	1313	Streptococcus pneumoniae	6	172	51	0.227182972787645	1.02277236769076
ERR2618232	S	1747	Cutibacterium acnes	51	1183	709	1.93105526869498	8.69356512537144
ERR2618232	G	286	Pseudomonas	2019	20260	1847	76.4470703430425	344.16290172794
ERR2618232	S	287	Pseudomonas aeruginosa	7	156	44	0.265046801585586	1.19323442897255
ERR2618232	S	573	Klebsiella pneumoniae	137	1378	129	5.18734454531789	23.3533023956056
ERR2618232	S	562	Escherichia coli	30	987	164	1.13591486393822	5.11386183845379
ERR2618232	G	13687	Sphingomonas	18	468	198	0.681548918362935	3.06831710307227
ERR2618232	G	48736	Ralstonia	12	292	114	0.45436594557529	2.04554473538151
ERR2622808	S	1747	Cutibacterium acnes	11	187	95	0.556924126277179	2.8621847628732
ERR2622808	G	1279	Staphylococcus	17111	217752	2919	866.320793157164	4452.25849795666
ERR2622808	S	1280	Staphylococcus aureus	8666	48040	1429	438.754952574367	2254.88119591447
ERR2622808	S	1282	Staphylococcus epidermidis	4	161	101	0.202517864100792	1.04079445922662
ERR2622808	S	29388	Staphylococcus capitis	1	71	52	0.0506294660251981	0.260198614806654
ERR2622808	G	1386	Bacillus	7794	68483	3143	394.606058200394	2027.98800380306
ERR2622808	G	1301	Streptococcus	2440	9693	1334	123.535897101483	634.884620128236
ERR2622808	S	1313	Streptococcus pneumoniae	5	84	55	0.25314733012599	1.30099307403327
ERR2622808	G	286	Pseudomonas	16148	261658	2855	817.564617374899	4201.68723189785
ERR2622808	S	287	Pseudomonas aeruginosa	7	510	92	0.354406262176387	1.82139030364658
ERR2622808	S	573	Klebsiella pneumoniae	318	3705	212	16.100170196013	82.743159508516
ERR2622808	S	562	Escherichia coli	150	2885	380	7.59441990377971	39.0297922209981
ERR2622808	G	48736	Ralstonia	7	309	152	0.354406262176387	1.82139030364658
ERR2622808	G	13687	Sphingomonas	113	788	318	5.72112966084738	29.4024434731519
ERR2622810	S	1747	Cutibacterium acnes	33	780	402	1.95615683469639	11.9286881334856
ERR2622810	G	1279	Staphylococcus	22676	226213	1636	1344.17613283562	8196.81612469455
ERR2622810	S	1280	Staphylococcus aureus	14972	69225	485	887.502428153768	5412.00965862263
ERR2622810	S	1282	Staphylococcus epidermidis	4	109	72	0.237109919357138	1.44590159193765
ERR2622810	G	1386	Bacillus	5558	59604	2567	329.464232946743	2009.08026199737
ERR2622810	G	1301	Streptococcus	1344	6108	1063	79.6689329039984	485.822934891051
ERR2622810	S	1328	Streptococcus anginosus	2	11	11	0.118554959678569	0.722950795968826
ERR2622810	S	1313	Streptococcus pneumoniae	3	47	32	0.177832439517854	1.08442619395324
ERR2622810	G	286	Pseudomonas	14295	196994	2249	847.371574302572	5167.29081418719
ERR2622810	S	287	Pseudomonas aeruginosa	7	301	77	0.414942358874992	2.53032778589089
ERR2622810	S	573	Klebsiella pneumoniae	280	2779	190	16.5976943549997	101.213111435636
ERR2622810	S	562	Escherichia coli	176	2546	350	10.4328364517141	63.6196700452567
ERR2622810	G	48736	Ralstonia	9	294	131	0.533497318553561	3.25327858185972
ERR2622810	G	13687	Sphingomonas	191	983	348	11.3219986493033	69.0418010150229
ERR2622811	S	1747	Cutibacterium acnes	64	1368	553	3.29644644103796	8.40692126064411
ERR2622811	G	1386	Bacillus	10956	85610	3155	564.310425125185	1439.15983330651
ERR2622811	G	1279	Staphylococcus	11628	105339	2412	598.923112756084	1527.43250654328
ERR2622811	S	1280	Staphylococcus aureus	6587	38323	588	339.276448548703	865.256099122856
ERR2622811	S	1282	Staphylococcus epidermidis	10	283	139	0.515069756412181	1.31358144697564
ERR2622811	S	29388	Staphylococcus capitis	1	65	42	0.0515069756412181	0.131358144697564
ERR2622811	G	1301	Streptococcus	4895	18694	1311	252.126645763762	642.998118294577
ERR2622811	S	1328	Streptococcus anginosus	2	17	16	0.103013951282436	0.262716289395129
ERR2622811	S	1313	Streptococcus pneumoniae	5	90	44	0.25753487820609	0.656790723487821
ERR2622811	G	286	Pseudomonas	26701	322675	2578	1375.28775659616	3507.39382156966
ERR2622811	S	287	Pseudomonas aeruginosa	18	736	95	0.927125561541925	2.36444660455616
ERR2622811	S	573	Klebsiella pneumoniae	504	6422	225	25.9595157231739	66.2045049275724
ERR2622811	S	562	Escherichia coli	313	5311	372	16.1216833757013	41.1150992903376
ERR2622811	G	48736	Ralstonia	8	382	208	0.412055805129744	1.05086515758051
ERR2622811	G	13687	Sphingomonas	199	1538	585	10.2498881526024	26.1402707948153
ERR2624517	G	1386	Bacillus	9410	60343	914	283.682974357802	209763.709317878
ERR2624517	G	1279	Staphylococcus	892	21033	2261	26.8910959752561	19884.0838163174
ERR2624517	S	1280	Staphylococcus aureus	159	6826	463	4.79336800455798	3544.36023183237
ERR2624517	S	1282	Staphylococcus epidermidis	37	860	836	1.11543783753865	824.788230049041
ERR2624517	G	1301	Streptococcus	33	1063	711	0.994849963210147	735.621934908605
ERR2624517	S	1313	Streptococcus pneumoniae	1	28	24	0.0301469685821257	22.2915737851092
ERR2624517	S	1747	Cutibacterium acnes	143	2222	1799	4.31101650724397	3187.69505127062
ERR2624517	G	286	Pseudomonas	163	7720	2002	4.91395587888648	3633.5265269728
ERR2624517	S	287	Pseudomonas aeruginosa	6	143	86	0.180881811492754	133.749442710655
ERR2624517	S	573	Klebsiella pneumoniae	5	185	86	0.150734842910628	111.457868925546
ERR2624517	S	562	Escherichia coli	9	213	96	0.271322717239131	200.624164065983
ERR2624517	G	48736	Ralstonia	872	5372	159	26.2881566036136	19438.2523406152
ERR2624517	G	13687	Sphingomonas	11	582	289	0.331616654403382	245.207311636201
ERR2624522	G	1386	Bacillus	11899	67357	1016	337.781091906406	147650.423755103
ERR2624522	G	1279	Staphylococcus	879	18716	5400	24.9524817031457	10907.195771135
ERR2624522	S	1280	Staphylococcus aureus	208	4494	396	5.90456904920854	2580.99740659395
ERR2624522	S	1282	Staphylococcus epidermidis	143	3004	2765	4.05939122133087	1774.43571703334
ERR2624522	S	29388	Staphylococcus capitis	2	47	44	0.0567747023962359	24.8172827557111
ERR2624522	G	1301	Streptococcus	26	1064	628	0.738071131151067	322.624675824244
ERR2624522	S	1313	Streptococcus pneumoniae	1	22	13	0.028387351198118	12.4086413778555
ERR2624522	S	1747	Cutibacterium acnes	93	1942	1842	2.64002366142497	1154.00364814057
ERR2624522	G	286	Pseudomonas	214	7132	1682	6.07489315639724	2655.44925486109
ERR2624522	S	287	Pseudomonas aeruginosa	11	132	56	0.312260863179298	136.495055156411
ERR2624522	S	573	Klebsiella pneumoniae	7	229	66	0.198711458386826	86.8604896449888
ERR2624522	S	562	Escherichia coli	7	178	89	0.198711458386826	86.8604896449888
ERR2624522	G	48736	Ralstonia	626	3227	129	17.7704818500218	7767.80950253757
ERR2624522	G	13687	Sphingomonas	8	485	208	0.227098809584944	99.2691310228443
ERR2722116	S	573	Klebsiella pneumoniae	9	190	18	0.264656056958218	68.7500477430887
ERR2722116	S	562	Escherichia coli	40	165	126	1.17624914203652	305.555767747061
ERR2722116	G	286	Pseudomonas	259	1186	570	7.61621319468649	1978.47359616222
ERR2722116	S	287	Pseudomonas aeruginosa	7	11	10	0.205843599856392	53.4722593557357
ERR2722116	G	48736	Ralstonia	12	66	28	0.352874742610957	91.6667303241183
ERR2722116	G	13687	Sphingomonas	61	199	167	1.7937799416057	465.972545814268
ERR2722116	G	1386	Bacillus	2429	7341	212	71.4277291501679	18554.8739964403
ERR2722116	G	1279	Staphylococcus	1012	2850	334	29.7591032935241	7730.56092400064
ERR2722116	S	1280	Staphylococcus aureus	941	2575	172	27.6712610664092	7188.19943624961
ERR2722116	S	1282	Staphylococcus epidermidis	5	16	10	0.147031142754566	38.1944709683826
ERR2722116	S	29388	Staphylococcus capitis	1	5	5	0.0294062285509131	7.63889419367652
ERR2722116	G	1301	Streptococcus	79	397	275	2.32309205552214	603.472641300445
ERR2722116	S	1328	Streptococcus anginosus	1	1	1	0.0294062285509131	7.63889419367652
ERR2722116	S	1313	Streptococcus pneumoniae	1	2	2	0.0294062285509131	7.63889419367652
ERR2722116	S	1747	Cutibacterium acnes	152	617	432	4.46974673973879	1161.11191743883
ERR2722117	G	1386	Bacillus	3244	9211	168	113.937795583232	75141.2952839804
ERR2722117	G	1279	Staphylococcus	2242	7241	351	78.7449253075232	51931.8076531085
ERR2722117	S	1280	Staphylococcus aureus	2194	7010	221	77.0590393062916	50819.9759103122
ERR2722117	S	1282	Staphylococcus epidermidis	4	19	16	0.140490500102628	92.6526452330214
ERR2722117	G	1301	Streptococcus	110	514	311	3.86348875282228	2547.94774390809
ERR2722117	S	1313	Streptococcus pneumoniae	1	3	3	0.0351226250256571	23.1631613082554
ERR2722117	S	1747	Cutibacterium acnes	212	877	418	7.4459965054393	4910.59019735013
ERR2722117	S	562	Escherichia coli	25	69	59	0.878065625641427	579.079032706384
ERR2722117	S	573	Klebsiella pneumoniae	6	28	13	0.210735750153942	138.978967849532
ERR2722117	G	286	Pseudomonas	357	1774	638	12.5387771341596	8269.24858704716
ERR2722117	S	287	Pseudomonas aeruginosa	4	11	6	0.140490500102628	92.6526452330214
ERR2722117	G	48736	Ralstonia	14	72	43	0.491716750359199	324.284258315575
ERR2722117	G	13687	Sphingomonas	41	192	109	1.44002762605194	949.689613638469
ERR2722118	G	1386	Bacillus	4312	13196	194	111.024832846089	119228.004202842
ERR2722118	G	1279	Staphylococcus	2660	8731	871	68.4893449375225	73549.7428524028
ERR2722118	S	1280	Staphylococcus aureus	2611	8512	793	67.2276991097261	72194.8791682796
ERR2722118	S	1282	Staphylococcus epidermidis	1	9	9	0.0257478740366626	27.6502792678206
ERR2722118	G	1301	Streptococcus	31	245	60	0.798184095136541	857.158657302439
ERR2722118	S	1328	Streptococcus anginosus	1	2	2	0.0257478740366626	27.6502792678206
ERR2722118	S	1747	Cutibacterium acnes	47	188	176	1.21015007972314	1299.56312558757
ERR2722118	S	562	Escherichia coli	44	133	126	1.13290645761315	1216.61228778411
ERR2722118	S	573	Klebsiella pneumoniae	8	36	17	0.205982992293301	221.202234142565
ERR2722118	G	286	Pseudomonas	218	1546	368	5.61303653999245	6027.76088038489
ERR2722118	S	287	Pseudomonas aeruginosa	6	19	13	0.154487244219976	165.901675606924
ERR2722118	G	48736	Ralstonia	13	93	42	0.334722362476614	359.453630481668
ERR2722118	G	13687	Sphingomonas	33	212	92	0.849679843209866	912.45921583808
ERR2722119	G	1386	Bacillus	2645	8295	275	63.7564879156507	45732.7616017705
ERR2722119	G	1279	Staphylococcus	1229	4328	766	29.6244701884063	21249.7406459645
ERR2722119	S	1280	Staphylococcus aureus	1019	3468	183	24.5625184068235	17618.7841482813
ERR2722119	S	1282	Staphylococcus epidermidis	22	98	95	0.530299710451537	380.385918804897
ERR2722119	S	29388	Staphylococcus capitis	4	12	10	0.0964181291730068	69.1610761463448
ERR2722119	G	1301	Streptococcus	801	3693	1236	19.3077303668946	13849.5054983056
ERR2722119	S	1313	Streptococcus pneumoniae	6	11	9	0.14462719375951	103.741614219517
ERR2722119	S	1747	Cutibacterium acnes	1780	7127	963	42.906067481988	30776.6788851235
ERR2722119	G	48736	Ralstonia	10	85	22	0.241045322932517	172.902690365862
ERR2722119	S	562	Escherichia coli	46	171	141	1.10880848548958	795.352375682966
ERR2722119	S	573	Klebsiella pneumoniae	10	84	34	0.241045322932517	172.902690365862
ERR2722119	G	286	Pseudomonas	309	1410	505	7.44830047861477	5342.69313230514
ERR2722119	S	287	Pseudomonas aeruginosa	3	11	9	0.0723135968797551	51.8708071097586
ERR2722119	G	13687	Sphingomonas	82	289	213	1.97657164804664	1417.80206100007
ERR3040888	G	1386	Bacillus	5486	21606	183	282.84456458951	173695.542046606
ERR3040888	G	1279	Staphylococcus	3866	10462	282	199.321379275072	122403.748733536
ERR3040888	S	1280	Staphylococcus aureus	3857	10334	223	198.857361578881	122118.794326241
ERR3040888	G	1301	Streptococcus	5	109	57	0.257787608995179	158.308004052685
ERR3040888	S	1747	Cutibacterium acnes	5	39	39	0.257787608995179	158.308004052685
ERR3040888	S	573	Klebsiella pneumoniae	11	71	11	0.567132739789394	348.277608915907
ERR3040888	S	562	Escherichia coli	8	57	28	0.412460174392286	253.292806484296
ERR3040888	G	286	Pseudomonas	116	1956	530	5.98067252868815	3672.74569402229
ERR3040888	S	287	Pseudomonas aeruginosa	4	28	17	0.206230087196143	126.646403242148
ERR3040888	G	13687	Sphingomonas	15	213	97	0.773362826985537	474.924012158055
ERR3040888	G	48736	Ralstonia	5	112	35	0.257787608995179	158.308004052685
ERR3137129	G	1386	Bacillus	13626	132427	1211	318.63795626279	18546.4969089172
ERR3137129	G	1279	Staphylococcus	8391	41628	1074	196.219807060111	11421.0814298198
ERR3137129	S	1280	Staphylococcus aureus	8365	38871	581	195.611808611349	11385.692546829
ERR3137129	S	1282	Staphylococcus epidermidis	1	66	44	0.0233845557216197	1.3611108842593
ERR3137129	G	1301	Streptococcus	39	1059	487	0.911997673143167	53.0833244861126
ERR3137129	S	1313	Streptococcus pneumoniae	2	34	20	0.0467691114432394	2.72222176851859
ERR3137129	S	1747	Cutibacterium acnes	7	111	88	0.163691890051338	9.52777618981508
ERR3137129	G	286	Pseudomonas	1095	22563	1384	25.6060885151735	1490.41641826393
ERR3137129	S	287	Pseudomonas aeruginosa	1	150	33	0.0233845557216197	1.3611108842593
ERR3137129	S	562	Escherichia coli	69	491	181	1.61353434479176	93.9166510138915
ERR3137129	S	573	Klebsiella pneumoniae	40	2383	103	0.935382228864787	54.4444353703719
ERR3137129	G	13687	Sphingomonas	94	697	184	2.19814823783225	127.944423120374
ERR3137129	G	48736	Ralstonia	9	486	100	0.210461001494577	12.2499979583337
ERR3137130	G	1386	Bacillus	9913	97036	986	296.591137702421	18534.5843040323
ERR3137130	G	1279	Staphylococcus	2094	16181	888	62.6512501108514	3915.20423006593
ERR3137130	S	1280	Staphylococcus aureus	2075	15157	498	62.0827812703041	3879.67945433944
ERR3137130	S	1282	Staphylococcus epidermidis	2	47	31	0.059838825320775	3.73945007647175
ERR3137130	G	1301	Streptococcus	10	764	389	0.299194126603875	18.6972503823588
ERR3137130	S	1328	Streptococcus anginosus	1	6	5	0.0299194126603875	1.86972503823588
ERR3137130	S	1747	Cutibacterium acnes	3	44	38	0.0897582379811625	5.60917511470763
ERR3137130	G	286	Pseudomonas	965	22940	1243	28.8722332172739	1804.28466189762
ERR3137130	S	562	Escherichia coli	41	365	133	1.22669591907589	76.658726567671
ERR3137130	S	573	Klebsiella pneumoniae	23	345	99	0.688146491188912	43.0036758794252
ERR3137130	G	13687	Sphingomonas	36	570	164	1.07709885577395	67.3101013764916
ERR3137130	G	48736	Ralstonia	7	416	71	0.209435888622712	13.0880752676511
ERR3137132	G	1386	Bacillus	8986	86974	905	298.884504887307	17682.6760543979
ERR3137132	G	1279	Staphylococcus	2186	13968	851	72.7088279193917	4301.61694356932
ERR3137132	S	1280	Staphylococcus aureus	2166	13086	508	72.0436053400743	4262.260887361
ERR3137132	S	29388	Staphylococcus capitis	1	18	10	0.0332611289658699	1.96780281041597
ERR3137132	G	1301	Streptococcus	16	690	326	0.532178063453919	31.4848449666556
ERR3137132	S	1313	Streptococcus pneumoniae	2	31	20	0.0665222579317399	3.93560562083195
ERR3137132	S	1747	Cutibacterium acnes	2	14	12	0.0665222579317399	3.93560562083195
ERR3137132	G	286	Pseudomonas	936	17488	1071	31.1324167120542	1841.86343054935
ERR3137132	S	287	Pseudomonas aeruginosa	4	105	37	0.13304451586348	7.8712112416639
ERR3137132	S	562	Escherichia coli	40	342	130	1.3304451586348	78.712112416639
ERR3137132	S	573	Klebsiella pneumoniae	15	290	103	0.498916934488049	29.5170421562396
ERR3137132	G	13687	Sphingomonas	16	368	129	0.532178063453919	31.4848449666556
ERR3137132	G	48736	Ralstonia	1	310	67	0.0332611289658699	1.96780281041597
ERR3137133	G	1386	Bacillus	10316	101295	1121	286.806519226727	18145.8705655545
ERR3137133	G	1279	Staphylococcus	2587	17817	1028	71.9240466498199	4550.53966199007
ERR3137133	S	1280	Staphylococcus aureus	2567	16483	571	71.3680045419744	4515.35961048647
ERR3137133	S	1282	Staphylococcus epidermidis	1	54	39	0.0278021053922767	1.75900257517977
ERR3137133	G	1301	Streptococcus	14	961	492	0.389229475491874	24.6260360525168
ERR3137133	G	286	Pseudomonas	1175	22977	1385	32.6674738359252	2066.82802583623
ERR3137133	S	287	Pseudomonas aeruginosa	2	145	47	0.0556042107845535	3.51800515035954
ERR3137133	S	562	Escherichia coli	34	396	145	0.945271583337409	59.8060875561122
ERR3137133	S	573	Klebsiella pneumoniae	17	302	89	0.472635791668704	29.9030437780561
ERR3137133	G	13687	Sphingomonas	36	605	222	1.00087579412196	63.3240927064717
ERR3137133	G	48736	Ralstonia	4	407	62	0.111208421569107	7.03601030071908
ERR3367800	G	1386	Bacillus	10414	146037	813	491.862030763906	64926.8061547669
ERR3367800	G	1279	Staphylococcus	1642	20344	895	77.5530492139748	10237.1630215217
ERR3367800	S	1280	Staphylococcus aureus	1509	18985	571	71.271346689335	9407.96528591735
ERR3367800	S	1282	Staphylococcus epidermidis	3	107	60	0.141692538149771	18.7037083219033
ERR3367800	G	1301	Streptococcus	16	4117	348	0.75569353679878	99.7531110501509
ERR3367800	S	1747	Cutibacterium acnes	74	3637	2511	3.49508260769436	461.358138606948
ERR3367800	S	573	Klebsiella pneumoniae	701	9411	88	33.1088230809966	4370.43317788474
ERR3367800	S	562	Escherichia coli	11	304	131	0.519539306549161	68.5802638469787
ERR3367800	G	286	Pseudomonas	402	28769	5515	18.9868001120694	2506.29691513504
ERR3367800	S	287	Pseudomonas aeruginosa	3	263	82	0.141692538149771	18.7037083219033
ERR3367800	G	13687	Sphingomonas	317	18965	12603	14.9721781978258	1976.35851268111
ERR3367800	G	48736	Ralstonia	32	2127	875	1.51138707359756	199.506222100302
ERR3367801	G	1386	Bacillus	18929	248035	777	954.690169525719	98387.1554578389
ERR3367801	G	1279	Staphylococcus	3191	34089	1042	160.939105655691	16585.842520258
ERR3367801	S	1280	Staphylococcus aureus	3033	32555	630	152.970325118681	15764.6068204145
ERR3367801	S	1282	Staphylococcus epidermidis	4	117	107	0.201741279417976	20.7907772112291
ERR3367801	G	1301	Streptococcus	20	2310	434	1.00870639708988	103.953886056146
ERR3367801	S	1747	Cutibacterium acnes	26	841	528	1.31131831621685	135.140051872989
ERR3367801	S	573	Klebsiella pneumoniae	629	10508	92	31.7238161884768	3269.34971646578
ERR3367801	S	562	Escherichia coli	33	346	172	1.66436555519831	171.52391199264
ERR3367801	G	286	Pseudomonas	458	32614	7218	23.0993764933583	2380.54399068573
ERR3367801	S	287	Pseudomonas aeruginosa	6	204	59	0.302611919126965	31.1861658168437
ERR3367801	G	13687	Sphingomonas	605	34014	22413	30.5133685119689	3144.6050531984
ERR3367801	G	48736	Ralstonia	6	1378	216	0.302611919126965	31.1861658168437
ERR3367802	G	1386	Bacillus	18005	241045	792	856.598755346071	93951.2215485123
ERR3367802	G	1279	Staphylococcus	4686	44022	1046	222.939281730169	24451.842497991
ERR3367802	S	1280	Staphylococcus aureus	4664	42173	603	221.892618435661	24337.0451153714
ERR3367802	S	1282	Staphylococcus epidermidis	5	285	144	0.237878021479053	26.0903142317446
ERR3367802	S	29388	Staphylococcus capitis	2	150	78	0.0951512085916213	10.4361256926978
ERR3367802	G	1301	Streptococcus	13	2434	328	0.618482855845538	67.834817002536
ERR3367802	S	1328	Streptococcus anginosus	1	5	4	0.0475756042958106	5.21806284634892
ERR3367802	S	1747	Cutibacterium acnes	28	1334	912	1.3321169202827	146.10575969777
ERR3367802	S	573	Klebsiella pneumoniae	361	10688	98	17.1747931507876	1883.72068753196
ERR3367802	S	562	Escherichia coli	11	352	111	0.523331647253917	57.3986913098381
ERR3367802	G	286	Pseudomonas	467	41139	8219	22.2178072061436	2436.83534924495
ERR3367802	S	287	Pseudomonas aeruginosa	3	292	61	0.142726812887432	15.6541885390468
ERR3367802	G	13687	Sphingomonas	512	28397	17926	24.3587093994551	2671.64817733065
ERR3367802	G	48736	Ralstonia	7	1540	196	0.333029230070674	36.5264399244424
ERR3415698	G	1386	Bacillus	2449	19977	748	130.604884068033	2429.93714311228
ERR3415698	G	1279	Staphylococcus	229	3889	1142	12.2125432632012	227.217478878201
ERR3415698	S	1280	Staphylococcus aureus	158	2623	388	8.42612155277635	156.770138265309
ERR3415698	S	29388	Staphylococcus capitis	3	124	105	0.15998964973626	2.97664819491092
ERR3415698	G	1301	Streptococcus	21	654	428	1.11992754815382	20.8365373643765
ERR3415698	S	1313	Streptococcus pneumoniae	2	21	17	0.10665976649084	1.98443212994062
ERR3415698	S	1747	Cutibacterium acnes	105	1568	972	5.59963774076909	104.182686821882
ERR3415698	S	562	Escherichia coli	48	470	127	2.55983439578016	47.6263711185748
ERR3415698	S	573	Klebsiella pneumoniae	25	313	88	1.3332470811355	24.8054016242577
ERR3415698	G	286	Pseudomonas	151	3452	1760	8.05281237005841	149.824625810516
ERR3415698	S	287	Pseudomonas aeruginosa	3	65	48	0.15998964973626	2.97664819491092
ERR3415698	G	13687	Sphingomonas	31	298	214	1.65322638060802	30.7586980140795
ERR3415698	G	48736	Ralstonia	10	152	86	0.533298832454199	9.92216064970308
ERR342839	G	1386	Bacillus	845	4334	129	133.478111011454	87347.5294604093
ERR342839	G	1279	Staphylococcus	242	1073	263	38.2268672955881	25015.5054786024
ERR342839	S	1280	Staphylococcus aureus	205	870	178	32.3822636181635	21190.8207566674
ERR342839	S	1282	Staphylococcus epidermidis	3	36	22	0.473886784656051	310.109572048791
ERR342839	G	1301	Streptococcus	12	134	90	1.89554713862421	1240.43828819516
ERR342839	S	1747	Cutibacterium acnes	12	104	100	1.89554713862421	1240.43828819516
ERR342839	S	562	Escherichia coli	26	91	79	4.10701880035245	2687.61629108952
ERR342839	S	573	Klebsiella pneumoniae	2	12	8	0.315924523104034	206.739714699194
ERR342839	G	286	Pseudomonas	84	1292	787	13.2688299703694	8683.06801736614
ERR342839	S	287	Pseudomonas aeruginosa	9	32	25	1.42166035396815	930.328716146372
ERR342839	G	13687	Sphingomonas	14	91	74	2.21147166172824	1447.17800289436
ERR342839	G	48736	Ralstonia	5	50	35	0.789811307760086	516.849286747984
ERR342843	S	562	Escherichia coli	232	569	325	20.4951957317695	11468.6835730881
ERR342843	S	573	Klebsiella pneumoniae	28	69	47	2.47355810555839	1384.15146571753
ERR342843	G	286	Pseudomonas	470	3136	1609	41.5204396290158	23233.9710316872
ERR342843	S	287	Pseudomonas aeruginosa	185	434	144	16.3431517688679	9145.28646991942
ERR342843	G	13687	Sphingomonas	9	155	112	0.795072248215195	444.90582826635
ERR342843	G	48736	Ralstonia	11	148	115	0.971754970040794	543.773790103317
ERR342843	G	1386	Bacillus	1499	7792	181	132.423700008286	74101.5373968066
ERR342843	G	1279	Staphylococcus	538	2207	451	47.5276521710861	26595.4817341441
ERR342843	S	1280	Staphylococcus aureus	481	1773	204	42.4921945990565	23777.7448217905
ERR342843	S	1282	Staphylococcus epidermidis	3	14	14	0.265024082738398	148.30194275545
ERR342843	G	1301	Streptococcus	45	427	282	3.97536124107598	2224.52914133175
ERR342843	S	1747	Cutibacterium acnes	38	436	395	3.35697171468638	1878.49127490237
ERR342868	G	1386	Bacillus	1042	5385	164	142.803889966999	81892.4866394216
ERR342868	G	1279	Staphylococcus	360	1504	229	49.3372364569286	28292.9896259038
ERR342868	S	1280	Staphylococcus aureus	323	1248	166	44.2664649321887	25385.0990254637
ERR342868	S	29388	Staphylococcus capitis	1	2	2	0.137047879047024	78.5916378497328
ERR342868	G	1301	Streptococcus	21	205	147	2.8780054599875	1650.42439484439
ERR342868	S	1747	Cutibacterium acnes	25	189	186	3.4261969761756	1964.79094624332
ERR342868	S	562	Escherichia coli	49	214	164	6.71534607330417	3850.99025463691
ERR342868	S	573	Klebsiella pneumoniae	5	21	16	0.685239395235119	392.958189248664
ERR342868	G	286	Pseudomonas	172	1710	987	23.5722351960881	13517.761710154
ERR342868	S	287	Pseudomonas aeruginosa	13	52	37	1.78162242761131	1021.69129204653
ERR342868	G	13687	Sphingomonas	12	108	85	1.64457454856429	943.099654196793
ERR342868	G	48736	Ralstonia	10	102	86	1.37047879047024	785.916378497328
ERR342894	G	1386	Bacillus	1265	6640	191	124.339636124232	80144.4500760264
ERR342894	G	1279	Staphylococcus	371	1707	507	36.4664071162768	23504.8150025342
ERR342894	S	1280	Staphylococcus aureus	312	1220	187	30.6671671705616	19766.8525088697
ERR342894	S	1282	Staphylococcus epidermidis	3	27	27	0.294876607409247	190.065889508363
ERR342894	G	1301	Streptococcus	14	176	104	1.37609083457648	886.974151039027
ERR342894	S	1313	Streptococcus pneumoniae	1	12	12	0.0982922024697488	63.3552965027876
ERR342894	S	1747	Cutibacterium acnes	29	299	292	2.85047387162272	1837.30359858084
ERR342894	S	562	Escherichia coli	155	379	222	15.2352913828111	9820.07095793208
ERR342894	S	573	Klebsiella pneumoniae	17	35	20	1.67096744198573	1077.04004054739
ERR342894	G	286	Pseudomonas	328	2483	1255	32.2398424100776	20780.5372529143
ERR342894	S	287	Pseudomonas aeruginosa	123	288	112	12.0899409037791	7792.70146984288
ERR342894	G	13687	Sphingomonas	17	172	145	1.67096744198573	1077.04004054739
ERR342894	G	48736	Ralstonia	10	143	109	0.982922024697489	633.552965027876
ERR3580190	G	1386	Bacillus	11241	66767	1038	314.701190086182	132236.1687861
ERR3580190	G	1279	Staphylococcus	2809	52523	20873	78.6403027268112	33044.337525145
ERR3580190	S	1282	Staphylococcus epidermidis	603	12548	12070	16.8814889798032	7093.53347371393
ERR3580190	S	1280	Staphylococcus aureus	338	5881	517	9.46259249614175	3976.14314115308
ERR3580190	S	29388	Staphylococcus capitis	4	30	25	0.111983343149607	47.0549484160128
ERR3580190	G	1301	Streptococcus	106	2247	1581	2.96755859346457	1246.95613302434
ERR3580190	S	1328	Streptococcus anginosus	1	11	9	0.0279958357874016	11.7637371040032
ERR3580190	S	1313	Streptococcus pneumoniae	2	32	28	0.0559916715748033	23.5274742080064
ERR3580190	S	1747	Cutibacterium acnes	493	8556	6780	13.801947043189	5799.52239227358
ERR3580190	G	48736	Ralstonia	1619	10305	161	45.3252581398033	19045.4903713812
ERR3580190	G	286	Pseudomonas	280	8310	2281	7.83883402047246	3293.8463891209
ERR3580190	S	287	Pseudomonas aeruginosa	12	173	65	0.33595002944882	141.164845248038
ERR3580190	S	573	Klebsiella pneumoniae	9	253	81	0.251962522086615	105.873633936029
ERR3580190	S	562	Escherichia coli	5	193	92	0.139979178937008	58.818685520016
ERR3580190	G	13687	Sphingomonas	20	696	312	0.559916715748033	235.274742080064
ERR3580192	G	1386	Bacillus	11899	67357	1016	337.781091906406	147650.423755103
ERR3580192	G	1279	Staphylococcus	879	18716	5400	24.9524817031457	10907.195771135
ERR3580192	S	1280	Staphylococcus aureus	208	4494	396	5.90456904920854	2580.99740659395
ERR3580192	S	1282	Staphylococcus epidermidis	143	3004	2765	4.05939122133087	1774.43571703334
ERR3580192	S	29388	Staphylococcus capitis	2	47	44	0.0567747023962359	24.8172827557111
ERR3580192	G	1301	Streptococcus	26	1064	628	0.738071131151067	322.624675824244
ERR3580192	S	1313	Streptococcus pneumoniae	1	22	13	0.028387351198118	12.4086413778555
ERR3580192	S	1747	Cutibacterium acnes	93	1942	1842	2.64002366142497	1154.00364814057
ERR3580192	G	286	Pseudomonas	214	7132	1682	6.07489315639724	2655.44925486109
ERR3580192	S	287	Pseudomonas aeruginosa	11	132	56	0.312260863179298	136.495055156411
ERR3580192	S	573	Klebsiella pneumoniae	7	229	66	0.198711458386826	86.8604896449888
ERR3580192	S	562	Escherichia coli	7	178	89	0.198711458386826	86.8604896449888
ERR3580192	G	48736	Ralstonia	626	3227	129	17.7704818500218	7767.80950253757
ERR3580192	G	13687	Sphingomonas	8	485	208	0.227098809584944	99.2691310228443
ERR365984	G	1386	Bacillus	2463	8553	207	130.604680048759	162853.742396191
ERR365984	G	1279	Staphylococcus	530	1799	223	28.1041333438255	35043.639248876
ERR365984	S	1280	Staphylococcus aureus	525	1737	169	27.8390000103932	34713.0388786035
ERR365984	G	1301	Streptococcus	10	105	84	0.530266666864633	661.200740544829
ERR365984	S	1747	Cutibacterium acnes	18	93	76	0.954480000356339	1190.16133298069
ERR365984	G	286	Pseudomonas	177	1391	709	9.385720003504	11703.2531076435
ERR365984	S	287	Pseudomonas aeruginosa	4	41	28	0.212106666745853	264.480296217932
ERR365984	S	573	Klebsiella pneumoniae	4	33	28	0.212106666745853	264.480296217932
ERR365984	S	562	Escherichia coli	7	43	32	0.371186666805243	462.840518381381
ERR365984	G	13687	Sphingomonas	14	154	114	0.742373333610486	925.681036762761
ERR365984	G	48736	Ralstonia	17	92	63	0.901453333669876	1124.04125892621
ERR365993	G	48736	Ralstonia	40	145	102	1.39644594034837	253.532017924714
ERR365993	S	562	Escherichia coli	272	558	255	9.4958323943689	1724.01772188805
ERR365993	S	573	Klebsiella pneumoniae	56	113	84	1.95502431648771	354.944825094599
ERR365993	G	286	Pseudomonas	518	2338	1184	18.0839749275114	3283.23963212504
ERR365993	S	287	Pseudomonas aeruginosa	9	26	24	0.314200336578383	57.0447040330606
ERR365993	G	13687	Sphingomonas	220	889	385	7.68045267191602	1394.42609858593
ERR365993	G	1279	Staphylococcus	28920	80489	240	1009.63041487187	183303.648959568
ERR365993	S	1280	Staphylococcus aureus	28872	80338	123	1007.95467974345	182999.410538058
ERR365993	S	1282	Staphylococcus epidermidis	5	16	12	0.174555742543546	31.6915022405892
ERR365993	S	29388	Staphylococcus capitis	1	2	2	0.0349111485087092	6.33830044811784
ERR365993	G	1386	Bacillus	349	998	155	12.1839908295395	2212.06685639313
ERR365993	G	1301	Streptococcus	72	275	207	2.51360269262706	456.357632264485
ERR365993	S	1313	Streptococcus pneumoniae	1	6	4	0.0349111485087092	6.33830044811784
ERR365993	S	1747	Cutibacterium acnes	148	569	275	5.16684997928896	938.068466321441
ERR365996	S	562	Escherichia coli	31	95	91	0.187870803938926	3938.0081300813
ERR365996	S	573	Klebsiella pneumoniae	4	14	9	0.0242413940566356	508.130081300813
ERR365996	G	286	Pseudomonas	50	425	111	0.303017425707945	6351.62601626016
ERR365996	S	287	Pseudomonas aeruginosa	4	6	4	0.0242413940566356	508.130081300813
ERR365996	G	13687	Sphingomonas	5	14	12	0.0303017425707945	635.162601626016
ERR365996	G	1279	Staphylococcus	437	1001	60	2.64837230068744	55513.2113821138
ERR365996	S	1280	Staphylococcus aureus	398	891	24	2.41201870863524	50558.9430894309
ERR365996	G	1386	Bacillus	25	110	47	0.151508712853973	3175.81300813008
ERR365996	G	1301	Streptococcus	6	204	27	0.0363620910849534	762.19512195122
ERR365996	S	1747	Cutibacterium acnes	4	5	4	0.0242413940566356	508.130081300813
ERR365997	G	1279	Staphylococcus	33719	95579	48	231.492717134354	602415.450306398
ERR365997	S	1280	Staphylococcus aureus	33676	95508	35	231.197507109241	601647.22276812
ERR365997	G	1386	Bacillus	14	118	27	0.0961148918971782	250.120593857753
ERR365997	G	1301	Streptococcus	5	163	22	0.0343267471061351	89.328783520626
ERR365997	S	1747	Cutibacterium acnes	23	47	4	0.157903036688221	410.91240419488
ERR365997	G	48736	Ralstonia	2	68	4	0.013730698842454	35.7315134082504
ERR365997	S	562	Escherichia coli	41	70	42	0.281479326270308	732.496024869133
ERR365997	S	573	Klebsiella pneumoniae	3	25	3	0.020596048263681	53.5972701123756
ERR365997	G	286	Pseudomonas	108	777	68	0.741457737492518	1929.50172404552
ERR365997	S	287	Pseudomonas aeruginosa	23	30	3	0.157903036688221	410.91240419488
ERR365997	G	13687	Sphingomonas	15	243	23	0.102980241318405	267.986350561878
ERR365999	S	562	Escherichia coli	5159	8137	377	32.3219517501864	11447.0195369271
ERR365999	S	573	Klebsiella pneumoniae	1917	3920	120	12.0103084910074	4253.52518943386
ERR365999	G	286	Pseudomonas	7724	20094	574	48.3920828297034	17138.3560580006
ERR365999	S	287	Pseudomonas aeruginosa	900	1217	41	5.63864248404104	1996.9601828328
ERR365999	G	13687	Sphingomonas	1046	4516	177	6.55335559811881	2320.91150138123
ERR365999	G	48736	Ralstonia	111	244	23	0.695432573031729	246.291755882712
ERR365999	G	1279	Staphylococcus	19011	51093	122	119.106924737894	42182.4555953715
ERR365999	S	1280	Staphylococcus aureus	18197	49430	63	114.007085868994	40376.3160522316
ERR365999	S	29388	Staphylococcus capitis	44	91	2	0.275666965886451	97.629164494048
ERR365999	S	1282	Staphylococcus epidermidis	1	10	3	0.00626515831560116	2.218844647592
ERR365999	G	1386	Bacillus	4154	15364	346	26.0254676430072	9217.08066609716
ERR365999	G	1301	Streptococcus	1286	10563	147	8.05699359386309	2853.43421680331
ERR365999	S	1313	Streptococcus pneumoniae	4	5	3	0.0250606332624046	8.87537859036799
ERR365999	S	1747	Cutibacterium acnes	495	1487	61	3.10125336622257	1098.32810055804
ERR366000	S	562	Escherichia coli	37	99	99	0.228915080486233	5346.04825892212
ERR366000	S	573	Klebsiella pneumoniae	1	4	3	0.00618689406719549	144.487790781679
ERR366000	G	286	Pseudomonas	26	375	65	0.160859245747083	3756.68256032365
ERR366000	S	287	Pseudomonas aeruginosa	2	5	3	0.012373788134391	288.975581563358
ERR366000	G	13687	Sphingomonas	3	11	11	0.0185606822015865	433.463372345037
ERR366000	G	1279	Staphylococcus	148	378	29	0.915660321944932	21384.1930356885
ERR366000	S	1280	Staphylococcus aureus	101	279	18	0.624876300786744	14593.2668689496
ERR366000	G	1386	Bacillus	4	34	14	0.0247475762687819	577.951163126716
ERR366000	G	1301	Streptococcus	3	31	13	0.0185606822015865	433.463372345037
ERR366000	S	1747	Cutibacterium acnes	1	8	8	0.00618689406719549	144.487790781679
ERR380522	G	286	Pseudomonas	1082	4246	841	258.703136954858	68277.9074903767
ERR380522	S	287	Pseudomonas aeruginosa	12	17	15	2.86916602907422	757.241118192718
ERR380522	S	573	Klebsiella pneumoniae	9	13	13	2.15187452180566	567.930838644538
ERR380522	S	562	Escherichia coli	10	19	15	2.39097169089518	631.034265160598
ERR380522	G	13687	Sphingomonas	20	70	59	4.78194338179036	1262.0685303212
ERR380522	G	48736	Ralstonia	5	20	20	1.19548584544759	315.517132580299
ERR380522	G	1279	Staphylococcus	3279	12985	101	783.999617444529	206916.13554616
ERR380522	S	1280	Staphylococcus aureus	3253	12889	18	777.783091048202	205275.446456743
ERR380522	G	1386	Bacillus	22	51	35	5.2601377199694	1388.27538335332
ERR380522	G	1301	Streptococcus	96	375	297	22.9533282325937	6057.92894554174
ERR380522	S	1747	Cutibacterium acnes	107	389	242	25.5833970925784	6752.0666372184
ERR380523	G	1279	Staphylococcus	15713	61771	176	1227.83980835916	328558.882569421
ERR380523	S	1280	Staphylococcus aureus	15667	61604	42	1224.24529227792	327597.022415524
ERR380523	S	1282	Staphylococcus epidermidis	4	24	24	0.312566615759984	83.6400133824021
ERR380523	G	1386	Bacillus	61	136	52	4.76664089033975	1275.51020408163
ERR380523	G	1301	Streptococcus	3609	17588	2397	282.013229069445	75464.2020742723
ERR380523	S	1313	Streptococcus pneumoniae	14	28	27	1.09398315515994	292.740046838407
ERR380523	S	1747	Cutibacterium acnes	168	658	281	13.1277978619193	3512.88056206089
ERR380523	G	286	Pseudomonas	2894	12705	1615	226.141946502348	60513.5496821679
ERR380523	S	287	Pseudomonas aeruginosa	21	57	24	1.64097473273992	439.110070257611
ERR380523	S	573	Klebsiella pneumoniae	9	17	17	0.703274885459964	188.190030110405
ERR380523	S	562	Escherichia coli	7	14	14	0.546991577579972	146.370023419204
ERR380523	G	13687	Sphingomonas	24	87	79	1.8753996945599	501.840080294413
ERR380523	G	48736	Ralstonia	8	30	27	0.625133231519968	167.280026764804
ERR380525	G	1279	Staphylococcus	10602	40222	118	1095.83875852074	314608.742099172
ERR380525	S	1280	Staphylococcus aureus	10568	40105	26	1092.32446708613	313599.810083385
ERR380525	S	1282	Staphylococcus epidermidis	2	8	8	0.206723025565126	59.348942105107
ERR380525	G	1386	Bacillus	55	127	51	5.68488320304098	1632.09590789044
ERR380525	G	1301	Streptococcus	2604	12495	1933	269.153379285795	77272.3226208493
ERR380525	S	1313	Streptococcus pneumoniae	16	37	36	1.65378420452101	474.791536840856
ERR380525	S	1328	Streptococcus anginosus	1	5	5	0.103361512782563	29.6744710525535
ERR380525	S	1747	Cutibacterium acnes	104	360	200	10.7495973293866	3086.14498946556
ERR380525	G	286	Pseudomonas	2061	9226	1324	213.028077844863	61159.0848393127
ERR380525	S	287	Pseudomonas aeruginosa	15	42	20	1.55042269173845	445.117065788302
ERR380525	S	562	Escherichia coli	13	23	22	1.34369966617332	385.768123683195
ERR380525	S	573	Klebsiella pneumoniae	5	6	6	0.516807563912816	148.372355262767
ERR380525	G	13687	Sphingomonas	12	30	29	1.24033815339076	356.093652630642
ERR380525	G	48736	Ralstonia	6	17	14	0.620169076695379	178.046826315321
ERR3836986	S	562	Escherichia coli	625	2340	869	11.77989879201	8736.98189697351
ERR3836986	S	573	Klebsiella pneumoniae	120	467	232	2.26174056806592	1677.50052421891
ERR3836986	G	286	Pseudomonas	137	9258	1400	2.5821538152086	1915.14643181659
ERR3836986	S	287	Pseudomonas aeruginosa	12	110	61	0.226174056806592	167.750052421891
ERR3836986	G	48736	Ralstonia	4803	45925	144	90.5261662368386	67141.958481862
ERR3836986	G	13687	Sphingomonas	5	521	159	0.0942391903360801	69.8958551757881
ERR3836986	G	1386	Bacillus	15444	107682	662	291.086011110084	215894.317466974
ERR3836986	G	1279	Staphylococcus	5164	89214	1467	97.3302357791036	72188.4392255539
ERR3836986	S	1280	Staphylococcus aureus	1500	13251	575	28.271757100824	20968.7565527364
ERR3836986	S	1282	Staphylococcus epidermidis	7	171	152	0.131934866470512	97.8541972461033
ERR3836986	S	29388	Staphylococcus capitis	1	32	32	0.018847838067216	13.9791710351576
ERR3836986	G	1301	Streptococcus	14	1253	412	0.263869732941024	195.708394492207
ERR3836986	S	1747	Cutibacterium acnes	106	1444	847	1.9978708351249	1481.79212972671
ERR3836987	S	562	Escherichia coli	1066	3643	1015	17.8791242724425	6924.46101580414
ERR3836987	S	573	Klebsiella pneumoniae	195	759	308	3.27057151325168	1266.66969801295
ERR3836987	G	286	Pseudomonas	146	9550	1174	2.44873559453715	948.378337999441
ERR3836987	S	287	Pseudomonas aeruginosa	10	115	49	0.167721616064189	64.9574204109206
ERR3836987	G	48736	Ralstonia	8721	78053	104	146.270021369579	56649.3663403639
ERR3836987	G	13687	Sphingomonas	17	596	181	0.285126747309121	110.427614698565
ERR3836987	G	1386	Bacillus	22789	158795	644	382.220790848679	148031.465374447
ERR3836987	G	1279	Staphylococcus	8832	162819	1193	148.131731307891	57370.3937069251
ERR3836987	S	1280	Staphylococcus aureus	2749	28911	551	46.1066722560454	17856.7948709621
ERR3836987	S	1282	Staphylococcus epidermidis	4	122	91	0.0670886464256754	25.9829681643683
ERR3836987	G	1301	Streptococcus	167	3135	1050	2.80095098827195	1084.78892086237
ERR3836987	S	1313	Streptococcus pneumoniae	1	18	12	0.0167721616064189	6.49574204109206
ERR3836987	S	1747	Cutibacterium acnes	101	1233	685	1.6939883222483	656.069946150299
ERR3836990	G	1386	Bacillus	17110	119748	739	268.843903180433	246279.183579469
ERR3836990	G	1279	Staphylococcus	5832	103569	1186	91.6363321653001	83945.072976941
ERR3836990	S	1280	Staphylococcus aureus	2217	17622	584	34.8350048714798	31911.2185853701
ERR3836990	S	1282	Staphylococcus epidermidis	2	78	74	0.0314253539661523	28.7877479344791
ERR3836990	G	1301	Streptococcus	20	1373	471	0.314253539661523	287.877479344791
ERR3836990	S	1747	Cutibacterium acnes	57	708	512	0.89562258803534	820.450816132654
ERR3836990	S	573	Klebsiella pneumoniae	249	12669	179	3.91245656878596	3584.07461784265
ERR3836990	S	562	Escherichia coli	427	1815	695	6.70931307177351	6146.18418401129
ERR3836990	G	286	Pseudomonas	179	12051	1728	2.81256917997063	2576.50344013588
ERR3836990	S	287	Pseudomonas aeruginosa	8	135	67	0.125701415864609	115.150991737916
ERR3836990	G	48736	Ralstonia	4635	44068	154	72.8282578165579	66715.6058381553
ERR3836990	G	13687	Sphingomonas	6	667	199	0.0942760618984569	86.3632438034373
ERR3836991	S	562	Escherichia coli	823	2907	997	14.0467635019479	8681.89250487895
ERR3836991	S	573	Klebsiella pneumoniae	149	552	283	2.54309570083869	1571.81285932802
ERR3836991	G	286	Pseudomonas	191	10211	1379	3.25994146886033	2014.87420222586
ERR3836991	S	287	Pseudomonas aeruginosa	9	103	55	0.153609807433209	94.9417163352498
ERR3836991	G	48736	Ralstonia	8447	77813	168	144.171338154258	89108.0753204283
ERR3836991	G	13687	Sphingomonas	6	621	166	0.102406538288806	63.2944775568332
ERR3836991	G	1386	Bacillus	18431	126844	669	314.575817866831	194430.085974999
ERR3836991	G	1279	Staphylococcus	8914	145491	1408	152.141980384403	94034.4954902685
ERR3836991	S	1280	Staphylococcus aureus	2907	20037	593	49.6159678009266	30666.1743762857
ERR3836991	S	1282	Staphylococcus epidermidis	9	190	174	0.153609807433209	94.9417163352498
ERR3836991	S	29388	Staphylococcus capitis	1	34	33	0.0170677563814677	10.5490795928055
ERR3836991	G	1301	Streptococcus	92	2533	1606	1.57023358709503	970.515322538109
ERR3836991	S	1313	Streptococcus pneumoniae	6	75	58	0.102406538288806	63.2944775568332
ERR3836991	S	1328	Streptococcus anginosus	1	2	2	0.0170677563814677	10.5490795928055
ERR3836991	S	1747	Cutibacterium acnes	100	1684	1269	1.70677563814677	1054.90795928055
ERR3836992	S	573	Klebsiella pneumoniae	141	596	245	2.3440968998454	1446.2873496015
ERR3836992	S	562	Escherichia coli	636	2522	874	10.5733732503665	6523.67910884082
ERR3836992	G	286	Pseudomonas	161	10536	1441	2.67659291400787	1651.43449138895
ERR3836992	S	287	Pseudomonas aeruginosa	15	127	55	0.249372010621851	153.860356340585
ERR3836992	G	48736	Ralstonia	7802	69831	135	129.706695124779	80027.9000112831
ERR3836992	G	13687	Sphingomonas	6	536	138	0.0997488042487405	61.5441425362341
ERR3836992	G	1386	Bacillus	20171	141360	754	335.338855083557	206901.14984973
ERR3836992	G	1279	Staphylococcus	8305	119406	1281	138.068969880965	85187.3506272374
ERR3836992	S	1280	Staphylococcus aureus	3665	22900	575	60.9298945952723	37593.2137325497
ERR3836992	S	1282	Staphylococcus epidermidis	8	145	139	0.132998405664987	82.0588567149788
ERR3836992	S	29388	Staphylococcus capitis	3	20	17	0.0498744021243702	30.7720712681171
ERR3836992	G	1301	Streptococcus	15	1268	402	0.249372010621851	153.860356340585
ERR3836992	S	1313	Streptococcus pneumoniae	1	20	17	0.0166248007081234	10.2573570893724
ERR3836992	S	1747	Cutibacterium acnes	65	756	510	1.08061204602802	666.728210809203
ERR3931365	G	1386	Bacillus	9720	93025	781	383.804053341972	172172.52679125
ERR3931365	G	1279	Staphylococcus	87	8155	884	3.43528319349296	1541.05039411921
ERR3931365	S	1280	Staphylococcus aureus	79	7388	549	3.11939508374648	1399.34461075193
ERR3931365	S	29388	Staphylococcus capitis	1	13	12	0.0394860137183099	17.7132229209105
ERR3931365	G	1301	Streptococcus	11	765	335	0.434346150901408	194.845452130015
ERR3931365	S	1313	Streptococcus pneumoniae	1	19	12	0.0394860137183099	17.7132229209105
ERR3931365	S	1747	Cutibacterium acnes	1	8	6	0.0394860137183099	17.7132229209105
ERR3931365	G	286	Pseudomonas	80	6220	1103	3.15888109746479	1417.05783367284
ERR3931365	S	287	Pseudomonas aeruginosa	1	55	41	0.0394860137183099	17.7132229209105
ERR3931365	S	573	Klebsiella pneumoniae	4	126	45	0.157944054873239	70.8528916836418
ERR3931365	S	562	Escherichia coli	3	197	63	0.11845804115493	53.1396687627314
ERR3931365	G	13687	Sphingomonas	1	260	139	0.0394860137183099	17.7132229209105
ERR3931365	G	48736	Ralstonia	2	216	81	0.0789720274366197	35.4264458418209
ERR3931371	G	1386	Bacillus	10459	99668	834	391.453989391107	138752.172355696
ERR3931371	G	1279	Staphylococcus	207	8637	891	7.7474878864097	2746.12292548323
ERR3931371	S	1280	Staphylococcus aureus	191	7662	496	7.14864824301571	2533.86221626713
ERR3931371	S	1282	Staphylococcus epidermidis	2	33	28	0.0748549554242483	26.5325886520118
ERR3931371	G	1301	Streptococcus	13	904	409	0.486557210257614	172.461826238077
ERR3931371	S	1313	Streptococcus pneumoniae	2	22	14	0.0748549554242483	26.5325886520118
ERR3931371	S	1747	Cutibacterium acnes	2	28	19	0.0748549554242483	26.5325886520118
ERR3931371	G	286	Pseudomonas	93	6260	1066	3.48075542722755	1233.76537231855
ERR3931371	S	287	Pseudomonas aeruginosa	1	49	33	0.0374274777121242	13.2662943260059
ERR3931371	S	573	Klebsiella pneumoniae	1	116	38	0.0374274777121242	13.2662943260059
ERR3931371	S	562	Escherichia coli	3	199	68	0.112282433136372	39.7988829780178
ERR3931371	G	13687	Sphingomonas	4	239	122	0.149709910848497	53.0651773040237
ERR3931371	G	48736	Ralstonia	4	198	77	0.149709910848497	53.0651773040237
ERR4804114	G	1386	Bacillus	2698	14440	925	485.008334844865	1280.8376621342
ERR4804114	G	1279	Staphylococcus	3473	13190	588	624.326889146114	1648.75804321427
ERR4804114	S	1280	Staphylococcus aureus	3368	11826	253	605.451472111751	1598.91076577761
ERR4804114	S	1282	Staphylococcus epidermidis	13	151	37	2.33695639473063	6.1715676826333
ERR4804114	G	1301	Streptococcus	720	3106	308	129.431431092773	341.809902422768
ERR4804114	S	1313	Streptococcus pneumoniae	12	58	13	2.15719051821289	5.69683170704613
ERR4804114	S	1747	Cutibacterium acnes	13	82	72	2.33695639473063	6.1715676826333
ERR4804114	S	573	Klebsiella pneumoniae	236	1120	68	42.4247468581868	112.037690238574
ERR4804114	S	562	Escherichia coli	135	1636	102	24.268393329895	64.0893567042689
ERR4804114	G	286	Pseudomonas	518	2156	618	93.1187240361897	245.913235354158
ERR4804114	S	287	Pseudomonas aeruginosa	12	138	38	2.15719051821289	5.69683170704613
ERR4804114	G	13687	Sphingomonas	70	203	99	12.5836113562419	33.2315182911024
ERR4804114	G	48736	Ralstonia	5	62	39	0.898829382588704	2.37367987793589
ERR4804118	G	1279	Staphylococcus	17827	52846	690	2063.97094254943	12863.1121559188
ERR4804118	S	1280	Staphylococcus aureus	17762	51841	262	2056.44538517771	12816.2112589572
ERR4804118	S	1282	Staphylococcus epidermidis	5	33	31	0.578889028594108	3.60776130473966
ERR4804118	S	29388	Staphylococcus capitis	2	43	39	0.231555611437643	1.44310452189586
ERR4804118	G	1386	Bacillus	1794	8864	1006	207.705383459566	1294.46475614059
ERR4804118	G	1301	Streptococcus	482	2572	440	55.804902356472	347.788189776903
ERR4804118	S	1328	Streptococcus anginosus	1	5	5	0.115777805718822	0.721552260947932
ERR4804118	S	1313	Streptococcus pneumoniae	4	24	16	0.463111222875286	2.88620904379173
ERR4804118	S	1747	Cutibacterium acnes	12	127	92	1.38933366862586	8.65862713137519
ERR4804118	S	562	Escherichia coli	151	911	222	17.4824486635421	108.954391403138
ERR4804118	S	573	Klebsiella pneumoniae	89	1142	63	10.3042247089751	64.218151224366
ERR4804118	G	286	Pseudomonas	1071	3302	1065	123.998029924858	772.782471475235
ERR4804118	S	287	Pseudomonas aeruginosa	11	82	49	1.27355586290704	7.93707487042725
ERR4804118	G	13687	Sphingomonas	320	1580	224	37.0488978300229	230.896723503338
ERR4804118	G	48736	Ralstonia	29	125	89	3.35755636584583	20.92501556749
ERR4804127	G	1386	Bacillus	2643	13291	936	396.925695599892	1337.90878226003
ERR4804127	G	1279	Staphylococcus	1963	8017	899	294.803307023302	993.687075132968
ERR4804127	S	1280	Staphylococcus aureus	1876	7028	294	281.737648484827	949.646944956418
ERR4804127	S	1282	Staphylococcus epidermidis	7	58	53	1.05125988240607	3.54345874983738
ERR4804127	S	29388	Staphylococcus capitis	2	20	18	0.300359966401734	1.01241678566782
ERR4804127	G	1301	Streptococcus	644	3426	418	96.7159091813584	325.998204985039
ERR4804127	S	1313	Streptococcus pneumoniae	1	22	14	0.150179983200867	0.506208392833912
ERR4804127	S	1747	Cutibacterium acnes	93	883	535	13.9667384376806	47.0773805335538
ERR4804127	S	562	Escherichia coli	87	879	97	13.0656585384754	44.0401301765503
ERR4804127	S	573	Klebsiella pneumoniae	71	505	69	10.6627788072616	35.9407958912077
ERR4804127	G	286	Pseudomonas	780	2779	897	117.140386896676	394.842546410451
ERR4804127	S	287	Pseudomonas aeruginosa	3	37	29	0.450539949602601	1.51862517850173
ERR4804127	G	13687	Sphingomonas	44	321	124	6.60791926083815	22.2731692846921
ERR4804127	G	48736	Ralstonia	11	115	91	1.65197981520954	5.56829232117303
ERR4804135	G	1386	Bacillus	7584	32925	1271	615.305630192554	1385.51396192138
ERR4804135	G	1279	Staphylococcus	7047	26452	911	571.737707801546	1287.40992743407
ERR4804135	S	1280	Staphylococcus aureus	6857	24483	352	556.322614218136	1252.69900275513
ERR4804135	S	1282	Staphylococcus epidermidis	6	79	42	0.486792428949805	1.0961344635454
ERR4804135	S	29388	Staphylococcus capitis	4	29	20	0.324528285966537	0.730756309030266
ERR4804135	G	1301	Streptococcus	2739	10929	561	222.220743815586	500.385382608475
ERR4804135	S	1328	Streptococcus anginosus	1	8	5	0.0811320714916342	0.182689077257567
ERR4804135	S	1313	Streptococcus pneumoniae	12	65	26	0.973584857899611	2.1922689270908
ERR4804135	S	1747	Cutibacterium acnes	11	117	78	0.892452786407977	2.00957984983323
ERR4804135	S	573	Klebsiella pneumoniae	375	3323	118	30.4245268093628	68.5084039715875
ERR4804135	S	562	Escherichia coli	245	2942	184	19.8773575154504	44.7588239281038
ERR4804135	G	286	Pseudomonas	2015	6347	1123	163.481124055643	368.118490673997
ERR4804135	S	287	Pseudomonas aeruginosa	32	195	66	2.5962262877323	5.84605047224213
ERR4804135	G	13687	Sphingomonas	74	361	154	6.00377329038093	13.5189917170599
ERR4804135	G	48736	Ralstonia	11	109	65	0.892452786407977	2.00957984983323
ERR4804136	G	1386	Bacillus	7680	32625	1315	620.63239046505	1383.31968626021
ERR4804136	G	1279	Staphylococcus	5969	23062	886	482.363898266391	1075.13479261552
ERR4804136	S	1280	Staphylococcus aureus	5767	21119	338	466.039973413013	1038.75060295087
ERR4804136	S	1282	Staphylococcus epidermidis	10	75	43	0.808115091751367	1.80119750815132
ERR4804136	S	29388	Staphylococcus capitis	2	30	23	0.161623018350273	0.360239501630264
ERR4804136	G	1301	Streptococcus	2623	10633	527	211.968588566384	472.454106388091
ERR4804136	S	1328	Streptococcus anginosus	2	8	5	0.161623018350273	0.360239501630264
ERR4804136	S	1313	Streptococcus pneumoniae	6	58	20	0.48486905505082	1.08071850489079
ERR4804136	S	1747	Cutibacterium acnes	17	175	151	1.37379565597732	3.06203576385724
ERR4804136	S	573	Klebsiella pneumoniae	343	3065	90	27.7183476470719	61.7810745295902
ERR4804136	S	562	Escherichia coli	282	2993	180	22.7888455873886	50.7937697298672
ERR4804136	G	286	Pseudomonas	1982	6196	1068	160.168411185121	356.997346115591
ERR4804136	S	287	Pseudomonas aeruginosa	19	168	44	1.5354186743276	3.42227526548751
ERR4804136	G	13687	Sphingomonas	80	355	176	6.46492073401094	14.4095800652106
ERR4804136	G	48736	Ralstonia	13	122	80	1.05054961927678	2.34155676059672
ERR493677	S	1747	Cutibacterium acnes	50	593	535	1.47269110825337	788.258107234633
ERR493677	G	1386	Bacillus	2478	18608	728	72.986571325037	39066.0717945484
ERR493677	G	1279	Staphylococcus	4080	39057	599	120.171594433475	64321.861550346
ERR493677	S	1280	Staphylococcus aureus	3714	36926	421	109.39149552106	58551.8122053885
ERR493677	S	1282	Staphylococcus epidermidis	1	10	10	0.0294538221650674	15.7651621446927
ERR493677	G	1301	Streptococcus	102	1822	867	3.00428986083688	1608.04653875865
ERR493677	S	573	Klebsiella pneumoniae	1123	1592	111	33.0766422913707	17704.2770884899
ERR493677	S	562	Escherichia coli	48	340	252	1.41378346392324	756.727782945248
ERR493677	G	286	Pseudomonas	1625	33212	9814	47.8624610182345	25618.3884851256
ERR493677	S	287	Pseudomonas aeruginosa	31	496	332	0.91306848711709	488.720026485472
ERR493677	G	13687	Sphingomonas	422	3929	1348	12.4295129536584	6652.8984250603
ERR493677	G	48736	Ralstonia	141	5312	689	4.1529889252745	2222.88786240166
ERR493678	G	1279	Staphylococcus	46207	79598	1033	2365.55410828102	460508.874914041
ERR493678	S	1280	Staphylococcus aureus	1971	13093	370	100.904779523057	19643.4088440188
ERR493678	S	1282	Staphylococcus epidermidis	14	333	316	0.716725983421002	139.527003458276
ERR493678	S	29388	Staphylococcus capitis	6	116	93	0.307168278609001	59.7972871964042
ERR493678	G	1386	Bacillus	6398	44953	417	327.543774423398	63763.8405804323
ERR493678	G	1301	Streptococcus	96	1954	1390	4.91469245774401	956.756595142467
ERR493678	S	1313	Streptococcus pneumoniae	3	17	15	0.1535841393045	29.8986435982021
ERR493678	S	1328	Streptococcus anginosus	2	2	1	0.102389426203	19.9324290654681
ERR493678	S	1747	Cutibacterium acnes	165	3041	2566	8.44712766174752	1644.42539790112
ERR493678	S	562	Escherichia coli	2603	13254	10734	133.259838203205	25942.0564287067
ERR493678	S	573	Klebsiella pneumoniae	70	262	28	3.58362991710501	697.635017291382
ERR493678	G	286	Pseudomonas	298	10670	1575	15.256024504247	2969.93193075474
ERR493678	S	287	Pseudomonas aeruginosa	1	78	36	0.0511947131015001	9.96621453273403
ERR493678	G	13687	Sphingomonas	130	1199	317	6.65531270319502	1295.60788925542
ERR493678	G	48736	Ralstonia	19	807	208	0.972699548928502	189.358076121947
ERR493679	G	1279	Staphylococcus	47432	80080	742	2121.14742663299	495927.563961816
ERR493679	S	1280	Staphylococcus aureus	1620	12055	381	72.4460033552338	16937.9881434083
ERR493679	S	1282	Staphylococcus epidermidis	3	30	25	0.134159265472655	31.3666447100154
ERR493679	S	29388	Staphylococcus capitis	1	23	16	0.0447197551575517	10.4555482366718
ERR493679	G	1386	Bacillus	7211	56304	435	322.474154441105	75394.9583346403
ERR493679	G	1301	Streptococcus	117	1889	962	5.23221135343355	1223.2991436906
ERR493679	S	1747	Cutibacterium acnes	99	1537	1054	4.42725576059762	1035.09927543051
ERR493679	S	562	Escherichia coli	1567	7960	6661	70.0758563318835	16383.8440868647
ERR493679	S	573	Klebsiella pneumoniae	59	224	26	2.63846555429555	616.877345963636
ERR493679	G	286	Pseudomonas	303	10794	1276	13.5500858127382	3168.03111571155
ERR493679	S	287	Pseudomonas aeruginosa	1	109	51	0.0447197551575517	10.4555482366718
ERR493679	G	13687	Sphingomonas	103	1253	362	4.60613478122783	1076.92146837719
ERR493679	G	48736	Ralstonia	22	792	184	0.983834613466138	230.022061206779
ERR493764	G	1279	Staphylococcus	86382	171006	913	2520.05605142382	540722.239957935
ERR493764	S	1280	Staphylococcus aureus	8396	42924	522	244.939809309282	52556.1335311387
ERR493764	S	1282	Staphylococcus epidermidis	4	126	123	0.116693572800992	25.038653421219
ERR493764	S	29388	Staphylococcus capitis	1	42	35	0.029173393200248	6.25966335530475
ERR493764	G	1386	Bacillus	13150	89805	503	383.630120583261	82314.5731222575
ERR493764	G	1301	Streptococcus	55	1089	538	1.60453662601364	344.281484541761
ERR493764	S	1747	Cutibacterium acnes	36	602	553	1.05024215520893	225.347880790971
ERR493764	S	562	Escherichia coli	1046	5102	4215	30.5153692874594	6547.60786964877
ERR493764	S	573	Klebsiella pneumoniae	357	853	55	10.4149013724885	2234.6998178438
ERR493764	G	286	Pseudomonas	1382	38222	2401	40.3176294027427	8650.85475703117
ERR493764	S	287	Pseudomonas aeruginosa	4	161	57	0.116693572800992	25.038653421219
ERR493764	G	13687	Sphingomonas	145	1744	458	4.23014201403596	907.651186519189
ERR493764	G	48736	Ralstonia	15	888	131	0.43760089800372	93.8949503295713
ERR493765	G	1279	Staphylococcus	74572	159262	1823	2100.22316068039	397921.068920621
ERR493765	S	1280	Staphylococcus aureus	7883	42767	548	222.014417953703	42064.2035388786
ERR493765	S	1282	Staphylococcus epidermidis	21	361	256	0.591437622355418	112.057373375168
ERR493765	S	29388	Staphylococcus capitis	12	296	196	0.337964355631668	64.0327847858103
ERR493765	G	1386	Bacillus	21040	138010	555	592.564170207524	112270.815991121
ERR493765	G	1301	Streptococcus	257	4114	2051	7.23806994977822	1371.3688074961
ERR493765	S	1313	Streptococcus pneumoniae	2	19	17	0.0563273926052779	10.6721307976351
ERR493765	S	1747	Cutibacterium acnes	442	7190	4214	12.4483537657664	2358.54090627735
ERR493765	S	562	Escherichia coli	3438	18116	11501	96.8267878884728	18345.3928411347
ERR493765	S	573	Klebsiella pneumoniae	524	1101	68	14.7577768625828	2796.09826898038
ERR493765	G	286	Pseudomonas	1531	39686	4107	43.1186190393403	8169.51612558964
ERR493765	S	287	Pseudomonas aeruginosa	12	155	67	0.337964355631668	64.0327847858103
ERR493765	G	48736	Ralstonia	32	1176	394	0.901238281684447	170.754092762161
ERR493765	G	13687	Sphingomonas	207	2454	755	5.82988513464627	1104.56553755523
ERR493767	G	1279	Staphylococcus	105765	210855	928	3009.10875271539	497373.581569456
ERR493767	S	1280	Staphylococcus aureus	12115	62083	523	344.682574945842	56972.353242698
ERR493767	S	1282	Staphylococcus epidermidis	1	39	26	0.0284508935159589	4.70262924000809
ERR493767	S	29388	Staphylococcus capitis	1	34	31	0.0284508935159589	4.70262924000809
ERR493767	G	1386	Bacillus	13829	93370	550	393.447406432195	65032.6597600719
ERR493767	G	1301	Streptococcus	70	1204	616	1.99156254611712	329.184046800566
ERR493767	S	1313	Streptococcus pneumoniae	1	11	10	0.0284508935159589	4.70262924000809
ERR493767	S	1747	Cutibacterium acnes	47	818	749	1.33719199525007	221.02357428038
ERR493767	S	562	Escherichia coli	1103	4974	3941	31.3813355481026	5187.00005172892
ERR493767	S	573	Klebsiella pneumoniae	608	1325	66	17.298143257703	2859.19857792492
ERR493767	G	286	Pseudomonas	1303	33518	2892	37.0715142512944	6127.52589973054
ERR493767	S	287	Pseudomonas aeruginosa	9	179	69	0.25605804164363	42.3236631600728
ERR493767	G	48736	Ralstonia	29	1015	182	0.825075911962807	136.376247960235
ERR493767	G	13687	Sphingomonas	499	2797	506	14.1969958644635	2346.61199076404
ERR494023	G	1279	Staphylococcus	7112	34089	1041	273.189336074241	128475.170258504
ERR494023	S	1280	Staphylococcus aureus	4568	29056	446	175.468066252409	82518.9226294778
ERR494023	S	1282	Staphylococcus epidermidis	5	122	105	0.192062244146682	90.3228137362935
ERR494023	S	29388	Staphylococcus capitis	3	83	80	0.115237346488009	54.1936882417761
ERR494023	G	1386	Bacillus	5721	39958	451	219.757619752634	103347.363477067
ERR494023	G	1301	Streptococcus	62	1205	729	2.38157182741886	1120.00289033004
ERR494023	S	1313	Streptococcus pneumoniae	1	4	4	0.0384124488293364	18.0645627472587
ERR494023	S	1747	Cutibacterium acnes	75	1421	1296	2.88093366220023	1354.8422060444
ERR494023	S	562	Escherichia coli	1020	5386	4830	39.1806978059232	18425.8540022039
ERR494023	S	573	Klebsiella pneumoniae	53	344	52	2.03585978795483	957.421825604711
ERR494023	G	286	Pseudomonas	2174	60212	3849	83.5086637549774	39272.3594125404
ERR494023	S	287	Pseudomonas aeruginosa	9	238	119	0.345712039464028	162.581064725328
ERR494023	G	48736	Ralstonia	29	1307	230	1.11396101605076	523.872319670502
ERR494023	G	13687	Sphingomonas	223	2240	550	8.56597608894203	4028.39749263869
ERR494027	G	1386	Bacillus	8719	61969	640	265.547487102719	133002.822057814
ERR494027	G	1279	Staphylococcus	7590	33938	775	231.162452931487	115780.642208832
ERR494027	S	1280	Staphylococcus aureus	5226	28929	456	159.164028856384	79719.3196552513
ERR494027	G	1301	Streptococcus	40	851	275	1.21824744627925	610.17466249714
ERR494027	S	1313	Streptococcus pneumoniae	2	20	13	0.0609123723139623	30.508733124857
ERR494027	S	1747	Cutibacterium acnes	2	39	34	0.0609123723139623	30.508733124857
ERR494027	G	286	Pseudomonas	2869	84279	2228	87.378798084379	43764.7776676074
ERR494027	S	287	Pseudomonas aeruginosa	4	194	75	0.121824744627925	61.017466249714
ERR494027	S	562	Escherichia coli	132	749	554	4.02021657272152	2013.57638624056
ERR494027	S	573	Klebsiella pneumoniae	50	328	45	1.52280930784906	762.718328121425
ERR494027	G	48736	Ralstonia	24	944	148	0.730948467767548	366.104797498284
ERR494027	G	13687	Sphingomonas	143	1537	316	4.35523462044831	2181.37441842728
ERR5000300	S	1747	Cutibacterium acnes	10	105	68	0.180974993002149	326.840109818277
ERR5000300	G	1386	Bacillus	6612	50729	797	119.660665373021	216106.680611845
ERR5000300	G	1279	Staphylococcus	521	13136	846	9.42879713541199	17028.3697215322
ERR5000300	S	1280	Staphylococcus aureus	504	10052	521	9.12113964730833	16472.7415348412
ERR5000300	G	1301	Streptococcus	9	1108	339	0.162877493701934	294.156098836449
ERR5000300	G	286	Pseudomonas	560	16144	2571	10.1345996081204	18303.0461498235
ERR5000300	S	287	Pseudomonas aeruginosa	3	202	85	0.0542924979006448	98.0520329454831
ERR5000300	S	573	Klebsiella pneumoniae	6	250	71	0.10858499580129	196.104065890966
ERR5000300	S	562	Escherichia coli	3	192	75	0.0542924979006448	98.0520329454831
ERR5000300	G	13687	Sphingomonas	81	2397	360	1.46589744331741	2647.40488952804
ERR5000300	G	48736	Ralstonia	3	749	154	0.0542924979006448	98.0520329454831
ERR5000303	S	1747	Cutibacterium acnes	6	76	65	0.0967716993358784	185.076652580277
ERR5000303	G	1386	Bacillus	7957	59385	847	128.335401935931	245442.487430211
ERR5000303	G	1279	Staphylococcus	662	12982	885	10.6771441600586	20420.1240013572
ERR5000303	S	1280	Staphylococcus aureus	629	12138	525	10.1448998137113	19402.2024121657
ERR5000303	S	1282	Staphylococcus epidermidis	1	38	23	0.0161286165559797	30.8461087633795
ERR5000303	G	1301	Streptococcus	11	1256	453	0.177414782115777	339.307196397174
ERR5000303	G	286	Pseudomonas	793	17338	2830	12.7899929288919	24460.9642493599
ERR5000303	S	287	Pseudomonas aeruginosa	6	192	88	0.0967716993358784	185.076652580277
ERR5000303	S	573	Klebsiella pneumoniae	16	326	92	0.258057864895676	493.537740214072
ERR5000303	S	562	Escherichia coli	8	228	98	0.129028932447838	246.768870107036
ERR5000303	G	13687	Sphingomonas	41	1963	362	0.661273278795169	1264.69045929856
ERR5000303	G	48736	Ralstonia	1	829	186	0.0161286165559797	30.8461087633795
ERR5000304	S	1747	Cutibacterium acnes	20	224	162	0.385642803790553	556.730876294399
ERR5000304	G	1386	Bacillus	6277	46505	825	121.033993969665	174729.985524997
ERR5000304	G	1279	Staphylococcus	1490	15955	908	28.7303888823962	41476.4502839327
ERR5000304	S	1280	Staphylococcus aureus	1475	15228	592	28.4411567795532	41058.9021267119
ERR5000304	G	1301	Streptococcus	6	1036	341	0.115692841137166	167.01926288832
ERR5000304	S	1313	Streptococcus pneumoniae	1	16	13	0.0192821401895276	27.83654381472
ERR5000304	G	286	Pseudomonas	587	16685	3496	11.3186162912527	16340.0512192406
ERR5000304	S	287	Pseudomonas aeruginosa	5	244	110	0.0964107009476381	139.1827190736
ERR5000304	S	573	Klebsiella pneumoniae	1	151	68	0.0192821401895276	27.83654381472
ERR5000304	S	562	Escherichia coli	4	183	69	0.0771285607581105	111.34617525888
ERR5000304	G	13687	Sphingomonas	47	2391	484	0.906260588907798	1308.31755929184
ERR5000304	G	48736	Ralstonia	6	779	199	0.115692841137166	167.01926288832
ERR5000305	G	1386	Bacillus	4334	33022	592	123.03157289933	317462.642836214
ERR5000305	G	1279	Staphylococcus	161	6333	689	4.57039299418368	11793.1438617052
ERR5000305	S	1280	Staphylococcus aureus	154	5790	444	4.37168025530613	11280.3984764137
ERR5000305	G	1301	Streptococcus	8	742	284	0.227100273002916	585.994726047466
ERR5000305	S	1747	Cutibacterium acnes	7	58	49	0.198712738877551	512.745385291532
ERR5000305	G	286	Pseudomonas	248	9008	1882	7.04010846309039	18165.8365074714
ERR5000305	S	287	Pseudomonas aeruginosa	6	131	67	0.170325204752187	439.496044535599
ERR5000305	S	573	Klebsiella pneumoniae	5	152	56	0.141937670626822	366.246703779666
ERR5000305	G	13687	Sphingomonas	21	1071	242	0.596138216632654	1538.2361558746
ERR5000305	G	48736	Ralstonia	4	531	113	0.113550136501458	292.997363023733
ERR5011066	G	1279	Staphylococcus	20711	236681	4496	797.825827352818	27961.7276300104
ERR5011066	S	1280	Staphylococcus aureus	20602	203941	3358	793.626946797487	27814.5677482243
ERR5011066	S	29388	Staphylococcus capitis	39	478	448	1.50235175832938	52.6535356849212
ERR5011066	S	1282	Staphylococcus epidermidis	4	30	25	0.154087359828655	5.4003626343509
ERR5011066	G	1386	Bacillus	7664	33065	342	295.231381431703	10347.0948074163
ERR5011066	G	1301	Streptococcus	56	587	150	2.15722303760117	75.6050768809126
ERR5011066	S	1747	Cutibacterium acnes	51	445	423	1.96461383781535	68.8546235879739
ERR5011066	S	562	Escherichia coli	127	513	49	4.89227367455979	171.461513640641
ERR5011066	S	573	Klebsiella pneumoniae	33	296	36	1.2712207185864	44.5529917333949
ERR5011066	G	286	Pseudomonas	181	2676	1344	6.97245303224663	244.366409204378
ERR5011066	S	287	Pseudomonas aeruginosa	3	22	11	0.115565519871491	4.05027197576317
ERR5011066	G	48736	Ralstonia	224	1418	745	8.62889215040467	302.42030752365
ERR5011066	G	13687	Sphingomonas	17	144	88	0.654871279271783	22.9515411959913
ERR5011068	G	1386	Bacillus	19870	86579	456	618.820784829193	9732.2814436691
ERR5011068	G	1279	Staphylococcus	17071	170709	3273	531.650207238004	8361.33752012457
ERR5011068	S	1280	Staphylococcus aureus	17034	170074	2969	530.497898781101	8343.21500309307
ERR5011068	S	1282	Staphylococcus epidermidis	5	56	42	0.155717359041065	2.44898878803953
ERR5011068	G	1301	Streptococcus	55	694	380	1.71289094945172	26.9388766684348
ERR5011068	S	1313	Streptococcus pneumoniae	1	30	14	0.031143471808213	0.489797757607906
ERR5011068	S	1747	Cutibacterium acnes	116	1361	1344	3.61264272975271	56.8165398825171
ERR5011068	S	573	Klebsiella pneumoniae	25	145	43	0.778586795205325	12.2449439401977
ERR5011068	S	562	Escherichia coli	8	68	49	0.249147774465704	3.91838206086325
ERR5011068	G	286	Pseudomonas	193	3069	1398	6.01069005898511	94.5309672183259
ERR5011068	S	287	Pseudomonas aeruginosa	6	41	19	0.186860830849278	2.93878654564744
ERR5011068	G	13687	Sphingomonas	57	363	228	1.77517789306814	27.9184721836506
ERR5011068	G	48736	Ralstonia	215	1518	1216	6.6958464387658	105.3065178857
ERR5011083	G	1279	Staphylococcus	4659	46040	2501	551.178503399526	7230.09357687115
ERR5011083	S	1280	Staphylococcus aureus	4656	45956	2435	550.823591291734	7225.43801114232
ERR5011083	G	1386	Bacillus	2409	10821	163	284.994422556226	3738.41928024954
ERR5011083	G	1301	Streptococcus	23	167	81	2.72099282639817	35.6926705876876
ERR5011083	S	1747	Cutibacterium acnes	31	321	317	3.66742511384102	48.1075125312311
ERR5011083	S	573	Klebsiella pneumoniae	6	34	11	0.709824215582132	9.31113145765763
ERR5011083	S	562	Escherichia coli	5	40	10	0.591520179651777	7.75927621471469
ERR5011083	G	286	Pseudomonas	32	707	247	3.78572914977137	49.659367774174
ERR5011083	S	287	Pseudomonas aeruginosa	2	13	7	0.236608071860711	3.10371048588588
ERR5011083	G	48736	Ralstonia	27	262	191	3.19420897011959	41.9000915594593
ERR5011083	G	13687	Sphingomonas	3	43	32	0.354912107791066	4.65556572882882
ERR5011088	G	1279	Staphylococcus	27846	259461	3444	510.972157283858	6083.80736314164
ERR5011088	S	1280	Staphylococcus aureus	27818	258698	3220	510.458359237318	6077.68990978504
ERR5011088	S	1282	Staphylococcus epidermidis	3	44	40	0.0550497907006958	0.655441431064603
ERR5011088	G	1386	Bacillus	17878	77831	474	328.06005271568	3905.99396819099
ERR5011088	G	1301	Streptococcus	61	604	204	1.11934574424748	13.3273090983136
ERR5011088	S	1313	Streptococcus pneumoniae	4	20	11	0.073399720934261	0.873921908086137
ERR5011088	S	1747	Cutibacterium acnes	40	391	386	0.73399720934261	8.73921908086137
ERR5011088	S	573	Klebsiella pneumoniae	9	113	27	0.165149372102087	1.96632429319381
ERR5011088	S	562	Escherichia coli	19	141	58	0.34864867443774	4.15112906340915
ERR5011088	G	286	Pseudomonas	246	4082	835	4.51408283745705	53.7461973472974
ERR5011088	S	287	Pseudomonas aeruginosa	9	75	24	0.165149372102087	1.96632429319381
ERR5011088	G	13687	Sphingomonas	23	254	85	0.422048395372001	5.02505097149529
ERR5011088	G	48736	Ralstonia	96	899	671	1.76159330242226	20.9741257940673
ERR5011092	G	1386	Bacillus	5135	23221	162	499.737868753751	7231.43696468355
ERR5011092	G	1279	Staphylococcus	4303	41325	2802	418.767682424029	6059.76110205128
ERR5011092	S	1280	Staphylococcus aureus	4296	41214	2736	418.086442875582	6049.90325224548
ERR5011092	S	1282	Staphylococcus epidermidis	2	6	6	0.194639870984908	2.81652851594296
ERR5011092	G	1301	Streptococcus	21	212	131	2.04371864534153	29.5735494174011
ERR5011092	S	1313	Streptococcus pneumoniae	1	5	2	0.097319935492454	1.40826425797148
ERR5011092	S	1747	Cutibacterium acnes	62	547	451	6.03383600053215	87.3123839942318
ERR5011092	G	286	Pseudomonas	1126	4808	396	109.582247364503	1585.70555447589
ERR5011092	S	287	Pseudomonas aeruginosa	1	12	11	0.097319935492454	1.40826425797148
ERR5011092	S	573	Klebsiella pneumoniae	7	39	7	0.681239548447178	9.85784980580036
ERR5011092	S	562	Escherichia coli	6	23	13	0.583919612954724	8.44958554782888
ERR5011092	G	48736	Ralstonia	41	314	266	3.99011735519061	57.7388345768307
ERR5011092	G	13687	Sphingomonas	5	65	51	0.48659967746227	7.0413212898574
ERR5023212	G	1386	Bacillus	3505	14204	119	210.479096663351	29973.6608059109
ERR5023212	G	1279	Staphylococcus	69	667	159	4.14352572604029	590.066361086406
ERR5023212	S	1280	Staphylococcus aureus	56	570	114	3.36286145881531	478.89443798317
ERR5023212	G	1301	Streptococcus	10	113	45	0.600510974788448	85.5168639255661
ERR5023212	S	1747	Cutibacterium acnes	6	48	48	0.360306584873068	51.3101183553397
ERR5023212	S	562	Escherichia coli	1	41	12	0.0600510974788448	8.55168639255661
ERR5023212	G	286	Pseudomonas	91	1236	147	5.46464987057487	778.203461722652
ERR5023212	S	287	Pseudomonas aeruginosa	5	23	8	0.300255487394224	42.7584319627831
ERR5023212	G	13687	Sphingomonas	2	32	13	0.12010219495769	17.1033727851132
ERR5023212	G	48736	Ralstonia	3	67	15	0.180153292436534	25.6550591776698
ERR5023213	G	1386	Bacillus	3776	15215	135	206.45367856879	31827.1086723814
ERR5023213	G	1279	Staphylococcus	64	654	192	3.49921489099645	539.442519870871
ERR5023213	S	1280	Staphylococcus aureus	46	514	100	2.5150607029037	387.724311157188
ERR5023213	S	1282	Staphylococcus epidermidis	1	12	12	0.0546752326718195	8.42878937298236
ERR5023213	G	1301	Streptococcus	14	136	76	0.765453257405473	118.003051221753
ERR5023213	S	1747	Cutibacterium acnes	14	101	98	0.765453257405473	118.003051221753
ERR5023213	S	562	Escherichia coli	1	45	12	0.0546752326718195	8.42878937298236
ERR5023213	G	286	Pseudomonas	79	1180	167	4.31934338107374	665.874360465606
ERR5023213	S	287	Pseudomonas aeruginosa	3	15	5	0.164025698015459	25.2863681189471
ERR5023213	G	13687	Sphingomonas	1	33	12	0.0546752326718195	8.42878937298236
ERR5023213	G	48736	Ralstonia	2	49	11	0.109350465343639	16.8575787459647
ERR5023214	G	1386	Bacillus	3667	15628	101	220.153408562521	24729.2394426986
ERR5023214	G	1279	Staphylococcus	49	698	157	2.94178266145719	330.442523232132
ERR5023214	S	1280	Staphylococcus aureus	39	584	101	2.34141885299654	263.005273592922
ERR5023214	S	1282	Staphylococcus epidermidis	2	17	16	0.12007276169213	13.4874499278421
ERR5023214	G	1301	Streptococcus	13	103	40	0.780472950998846	87.6684245309739
ERR5023214	S	1747	Cutibacterium acnes	10	97	97	0.600363808460651	67.4372496392107
ERR5023214	G	286	Pseudomonas	76	1070	121	4.56276494430095	512.523097258001
ERR5023214	S	287	Pseudomonas aeruginosa	1	5	3	0.0600363808460651	6.74372496392107
ERR5023214	G	13687	Sphingomonas	1	30	13	0.0600363808460651	6.74372496392107
ERR5023214	G	48736	Ralstonia	7	49	11	0.420254665922456	47.2060747474475
ERR5102676	G	1386	Bacillus	17940	59409	292	638.938697892083	445614.645172508
ERR5102676	G	1279	Staphylococcus	128	3249	240	4.55875994036715	3179.41329888969
ERR5102676	S	1280	Staphylococcus aureus	117	3098	128	4.16699150799184	2906.18246851636
ERR5102676	G	1301	Streptococcus	20	147	101	0.712306240682367	496.783327951514
ERR5102676	G	286	Pseudomonas	106	2252	362	3.77522307561654	2632.95163814302
ERR5102676	S	287	Pseudomonas aeruginosa	6	27	12	0.21369187220471	149.034998385454
ERR5102676	S	573	Klebsiella pneumoniae	9	195	29	0.320537808307065	223.552497578181
ERR5102676	S	562	Escherichia coli	3	29	25	0.106845936102355	74.5174991927271
ERR5102676	G	13687	Sphingomonas	12	88	52	0.42738374440942	298.069996770908
ERR5102676	G	48736	Ralstonia	45	166	26	1.60268904153532	1117.76248789091
ERR5102695	G	1386	Bacillus	30111	145561	753	896.963523334442	395754.747979234
ERR5102695	G	1279	Staphylococcus	359	7256	515	10.6940953431326	4718.40704475258
ERR5102695	S	1280	Staphylococcus aureus	327	6555	160	9.74086121783941	4297.82480120917
ERR5102695	S	1282	Staphylococcus epidermidis	6	65	39	0.178731398492466	78.8591706643885
ERR5102695	G	1301	Streptococcus	24	491	268	0.714925593969865	315.436682657554
ERR5102695	S	1313	Streptococcus pneumoniae	1	21	19	0.029788566415411	13.1431951107314
ERR5102695	S	573	Klebsiella pneumoniae	83	246	71	2.47245101247912	1090.88519419071
ERR5102695	S	562	Escherichia coli	8	129	61	0.238308531323288	105.145560885851
ERR5102695	G	286	Pseudomonas	212	4533	640	6.31517608006714	2786.35736347506
ERR5102695	S	287	Pseudomonas aeruginosa	8	78	20	0.238308531323288	105.145560885851
ERR5102695	G	13687	Sphingomonas	16	266	94	0.476617062646576	210.291121771703
ERR5102695	G	48736	Ralstonia	7	409	41	0.208519964907877	92.0023657751199
ERR5102698	G	286	Pseudomonas	1921	7386	634	158.227144331984	343772.369362921
ERR5102698	S	573	Klebsiella pneumoniae	77	166	57	6.34226450471774	13779.5275590551
ERR5102698	S	562	Escherichia coli	1	129	118	0.0823670714898408	178.954903364352
ERR5102698	G	1386	Bacillus	80	2103	1765	6.58936571918726	14316.3922691482
ERR5102698	G	1279	Staphylococcus	43	1104	986	3.54178407406315	7695.06084466714
ERR5102698	S	1282	Staphylococcus epidermidis	6	86	77	0.494202428939045	1073.72942018611
ERR5102698	S	1280	Staphylococcus aureus	5	128	122	0.411835357449204	894.774516821761
ERR5102698	S	29388	Staphylococcus capitis	3	28	23	0.247101214469522	536.864710093057
ERR5102698	G	1301	Streptococcus	20	662	607	1.64734142979682	3579.09806728704
ERR5102713	G	1386	Bacillus	42865	208295	2797	561.165325091196	357145.832812591
ERR5102713	G	1279	Staphylococcus	5687	42807	1828	74.4511187167533	47383.3745761158
ERR5102713	S	1280	Staphylococcus aureus	5578	40415	631	73.0241498508968	46475.200173303
ERR5102713	S	1282	Staphylococcus epidermidis	22	247	99	0.288012064668291	183.301255613601
ERR5102713	G	1301	Streptococcus	81	1915	1097	1.06040805627871	674.881895668258
ERR5102713	S	1313	Streptococcus pneumoniae	6	76	50	0.078548744909534	49.9912515309821
ERR5102713	S	1328	Streptococcus anginosus	2	27	24	0.0261829149698447	16.6637505103274
ERR5102713	S	1747	Cutibacterium acnes	1	16	14	0.0130914574849223	8.33187525516368
ERR5102713	S	573	Klebsiella pneumoniae	133	779	172	1.74116384549467	1108.13940893677
ERR5102713	S	562	Escherichia coli	38	496	247	0.497475384427049	316.61125969622
ERR5102713	G	286	Pseudomonas	1205	9748	2855	15.7752062693314	10039.9096824722
ERR5102713	S	287	Pseudomonas aeruginosa	12	174	112	0.157097489819068	99.9825030619642
ERR5102713	G	13687	Sphingomonas	95	925	342	1.24368846106762	791.52814924055
ERR5102713	G	48736	Ralstonia	23	665	209	0.301103522153214	191.633130868765
ERR5102729	G	286	Pseudomonas	2512	9805	1012	134.104985091231	329875.246224557
ERR5102729	S	573	Klebsiella pneumoniae	152	371	79	8.1146328558388	19960.6040709127
ERR5102729	S	562	Escherichia coli	6	246	226	0.320314454835742	787.918581746553
ERR5102729	G	13687	Sphingomonas	3	101	87	0.160157227417871	393.959290873276
ERR5102729	G	1386	Bacillus	118	3053	2692	6.29951761176959	15495.7321076822
ERR5102729	G	1279	Staphylococcus	45	1581	1413	2.40235841126806	5909.38936309915
ERR5102729	S	1280	Staphylococcus aureus	8	204	168	0.427085939780989	1050.5581089954
ERR5102729	S	29388	Staphylococcus capitis	2	45	40	0.106771484945247	262.639527248851
ERR5102729	S	1282	Staphylococcus epidermidis	1	100	87	0.0533857424726237	131.319763624425
ERR5102729	G	1301	Streptococcus	32	1033	948	1.70834375912396	4202.23243598162
ERR537795	G	1386	Bacillus	2025	13122	277	218.992926690685	163874.726875455
ERR537795	G	1279	Staphylococcus	802	10122	525	86.7320134350268	64902.4844217852
ERR537795	S	1280	Staphylococcus aureus	531	3416	296	57.4248118877796	42971.5950473416
ERR537795	G	1301	Streptococcus	7	282	200	0.757012586091256	566.480537347253
ERR537795	S	1747	Cutibacterium acnes	7	112	112	0.757012586091256	566.480537347253
ERR537795	G	286	Pseudomonas	122	2289	882	13.193647929019	9872.94650805212
ERR537795	S	287	Pseudomonas aeruginosa	1	34	25	0.108144655155894	80.9257910496075
ERR537795	S	573	Klebsiella pneumoniae	8	92	25	0.86515724124715	647.40632839686
ERR537795	S	562	Escherichia coli	23	145	33	2.48732706858556	1861.29319414097
ERR537795	G	48736	Ralstonia	329	2343	159	35.5795915462891	26624.5852553209
ERR537795	G	13687	Sphingomonas	6	178	115	0.648867930935363	485.554746297645
ERR537796	G	1279	Staphylococcus	3749	27096	726	295.069296815786	79748.9895766858
ERR537796	S	1280	Staphylococcus aureus	3021	11214	400	237.771231176444	64262.9227823867
ERR537796	S	29388	Staphylococcus capitis	2	18	18	0.15741226823995	42.5441395447777
ERR537796	G	1386	Bacillus	3035	18843	420	238.873117054124	64560.7317592002
ERR537796	G	1301	Streptococcus	17	375	269	1.33800428003957	361.625186130611
ERR537796	S	1313	Streptococcus pneumoniae	1	13	10	0.0787061341199749	21.2720697723889
ERR537796	S	1747	Cutibacterium acnes	4	57	57	0.3148245364799	85.0882790895554
ERR537796	G	286	Pseudomonas	311	3123	1313	24.4776077113122	6615.61369921293
ERR537796	S	287	Pseudomonas aeruginosa	12	82	47	0.944473609439699	255.264837268666
ERR537796	S	573	Klebsiella pneumoniae	43	213	50	3.38436376715892	914.699000212721
ERR537796	S	562	Escherichia coli	34	296	45	2.67600856007915	723.250372261221
ERR537796	G	48736	Ralstonia	724	5028	248	56.9832411028618	15400.9785152095
ERR537796	G	13687	Sphingomonas	24	297	192	1.8889472188794	510.529674537332
ERR5384692	G	1279	Staphylococcus	216117	2917412	1084	6203.96231204205	392086.676814279
ERR5384692	S	1280	Staphylococcus aureus	97	2004	310	2.78453034360128	175.980638501298
ERR5384692	S	1282	Staphylococcus epidermidis	17	190	73	0.488010472589916	30.8419675723924
ERR5384692	S	29388	Staphylococcus capitis	3	58	41	0.0861194951629263	5.44270015983396
ERR5384692	G	1386	Bacillus	13040	73123	270	374.332738974853	23657.6033614116
ERR5384692	G	1301	Streptococcus	419	6098	2279	12.028022824422	760.163788990143
ERR5384692	S	1328	Streptococcus anginosus	8	31	8	0.229651987101137	14.5138670928906
ERR5384692	S	1313	Streptococcus pneumoniae	7	56	31	0.200945488713495	12.6996337062792
ERR5384692	S	1747	Cutibacterium acnes	2603	41243	16333	74.7230153030324	4722.44950534927
ERR5384692	G	48736	Ralstonia	125686	1324634	154	3608.00495634919	228023.73742963
ERR5384692	G	286	Pseudomonas	2464	36451	15761	70.7328120271501	4470.27106461029
ERR5384692	S	287	Pseudomonas aeruginosa	4	97	20	0.114825993550568	7.25693354644528
ERR5384692	S	562	Escherichia coli	180	1328	603	5.16716970977558	326.562009590038
ERR5384692	S	573	Klebsiella pneumoniae	3	87	13	0.0861194951629263	5.44270015983396
ERR5384692	G	13687	Sphingomonas	51	446	133	1.46403141776975	92.5259027171773
ERR5384707	G	1386	Bacillus	15549	86047	497	282.535121192467	131715.374841169
ERR5384707	G	1279	Staphylococcus	5652	64584	1295	102.700399059735	47878.0177890724
ERR5384707	S	1280	Staphylococcus aureus	1427	7920	397	25.9294885807223	12088.0982634477
ERR5384707	S	29388	Staphylococcus capitis	5	62	59	0.0908531484958734	42.3549343498518
ERR5384707	S	1282	Staphylococcus epidermidis	1	30	19	0.0181706296991747	8.47098686997035
ERR5384707	G	1301	Streptococcus	181	2643	1557	3.28888397555062	1533.24862346463
ERR5384707	S	1313	Streptococcus pneumoniae	2	49	28	0.0363412593983494	16.9419737399407
ERR5384707	S	1328	Streptococcus anginosus	1	9	9	0.0181706296991747	8.47098686997035
ERR5384707	S	1747	Cutibacterium acnes	1821	19646	5215	33.0887166821971	15425.667090216
ERR5384707	G	48736	Ralstonia	2945	25692	64	53.5125044640695	24947.0563320627
ERR5384707	G	286	Pseudomonas	476	9444	2214	8.64921973680715	4032.18975010589
ERR5384707	S	287	Pseudomonas aeruginosa	11	131	22	0.199876926690922	93.1808555696739
ERR5384707	S	573	Klebsiella pneumoniae	31	138	31	0.563289520674415	262.600592969081
ERR5384707	S	562	Escherichia coli	25	331	66	0.454265742479367	211.774671749259
ERR5384707	G	13687	Sphingomonas	32	339	177	0.58146015037359	271.071579839051
ERR5384708	G	1386	Bacillus	11561	63092	406	258.444542989638	122051.899241992
ERR5384708	G	1279	Staphylococcus	5485	55418	1150	122.616410197921	57906.2942083149
ERR5384708	S	1280	Staphylococcus aureus	1964	9225	404	43.9049461492646	20734.3594940985
ERR5384708	S	29388	Staphylococcus capitis	7	70	66	0.156484023953591	73.9004666286607
ERR5384708	S	1282	Staphylococcus epidermidis	2	37	21	0.0447097211295974	21.1144190367602
ERR5384708	G	1301	Streptococcus	155	2435	1792	3.4650033875438	1636.36747534892
ERR5384708	S	1313	Streptococcus pneumoniae	6	38	25	0.134129163388792	63.3432571102806
ERR5384708	S	1328	Streptococcus anginosus	2	5	4	0.0447097211295974	21.1144190367602
ERR5384708	S	1747	Cutibacterium acnes	1367	14791	3988	30.5590943920798	14431.7054116256
ERR5384708	G	286	Pseudomonas	424	7568	1600	9.47846087947464	4476.25683579316
ERR5384708	S	287	Pseudomonas aeruginosa	11	101	22	0.245903466212785	116.129304702181
ERR5384708	S	573	Klebsiella pneumoniae	15	105	34	0.33532290847198	158.358142775702
ERR5384708	S	562	Escherichia coli	8	274	56	0.178838884518389	84.4576761470408
ERR5384708	G	48736	Ralstonia	3045	28121	78	68.070550419812	32146.7029834674
ERR5384708	G	13687	Sphingomonas	19	191	95	0.424742350731175	200.586980849222
ERR5384736	G	1386	Bacillus	13164	70271	392	295.441356035427	184882.447122272
ERR5384736	G	1279	Staphylococcus	5135	72410	817	115.245469708441	72118.7607089688
ERR5384736	S	1280	Staphylococcus aureus	55	2831	365	1.23437211956461	772.450212072695
ERR5384736	S	29388	Staphylococcus capitis	2	12	12	0.0448862588932584	28.0890986208253
ERR5384736	G	1301	Streptococcus	55	1038	433	1.23437211956461	772.450212072695
ERR5384736	S	1313	Streptococcus pneumoniae	2	9	5	0.0448862588932584	28.0890986208253
ERR5384736	S	1747	Cutibacterium acnes	366	4123	1248	8.21418537746628	5140.30504761102
ERR5384736	G	48736	Ralstonia	3766	33958	70	84.5208254960055	52891.772703014
ERR5384736	G	13687	Sphingomonas	16	203	95	0.359090071146067	224.712788966602
ERR5384736	G	286	Pseudomonas	365	7949	1438	8.19174224801965	5126.26049830061
ERR5384736	S	287	Pseudomonas aeruginosa	9	123	24	0.201988165019663	126.400943793714
ERR5384736	S	573	Klebsiella pneumoniae	3	134	29	0.0673293883398876	42.1336479312379
ERR5384736	S	562	Escherichia coli	23	290	55	0.516191977272471	323.024634139491
ERR5384737	G	1386	Bacillus	12856	69933	309	343.375554780153	145234.356465843
ERR5384737	G	1279	Staphylococcus	13004	174087	810	347.328540320559	146906.313898711
ERR5384737	S	1280	Staphylococcus aureus	113	2779	298	3.01815787882369	1276.56209401371
ERR5384737	S	29388	Staphylococcus capitis	5	20	12	0.133546808797508	56.4850484076865
ERR5384737	S	1282	Staphylococcus epidermidis	1	35	28	0.0267093617595016	11.2970096815373
ERR5384737	G	1301	Streptococcus	90	1339	601	2.40384255835515	1016.73087133836
ERR5384737	S	1313	Streptococcus pneumoniae	2	14	10	0.0534187235190033	22.5940193630746
ERR5384737	S	1747	Cutibacterium acnes	764	9129	2741	20.4059523842593	8630.91539669449
ERR5384737	G	48736	Ralstonia	11494	106516	77	306.997404063712	129847.82927959
ERR5384737	G	13687	Sphingomonas	26	249	97	0.694443405747043	293.72225171997
ERR5384737	G	286	Pseudomonas	640	10031	2554	17.0939915260811	7230.08619618387
ERR5384737	S	287	Pseudomonas aeruginosa	4	94	29	0.106837447038007	45.1880387261492
ERR5384737	S	573	Klebsiella pneumoniae	7	129	19	0.186965532316512	79.0790677707611
ERR5384737	S	562	Escherichia coli	30	233	100	0.801280852785049	338.910290446119
ERR5520087	S	562	Escherichia coli	2180	3252	911	83.2643601420383	8081.25741399763
ERR5520087	S	573	Klebsiella pneumoniae	768	937	240	29.3334993527915	2846.97508896797
ERR5520087	G	286	Pseudomonas	458	2056	783	17.4931545619512	1697.80545670225
ERR5520087	S	287	Pseudomonas aeruginosa	25	58	24	0.954866515390347	92.6749703440095
ERR5520087	G	48736	Ralstonia	31	64	18	1.18403447908403	114.916963226572
ERR5520087	G	13687	Sphingomonas	41	186	131	1.56598108524017	151.986951364176
ERR5520087	G	1386	Bacillus	3768	11049	105	143.917481199633	13967.9715302491
ERR5520087	G	1279	Staphylococcus	1354	6059	1576	51.7155704735412	5019.27639383155
ERR5520087	S	1280	Staphylococcus aureus	1324	5931	1476	50.5697306550728	4908.06642941874
ERR5520087	S	1282	Staphylococcus epidermidis	7	21	21	0.267362624309297	25.9489916963227
ERR5520087	S	29388	Staphylococcus capitis	1	2	2	0.0381946606156139	3.70699881376038
ERR5520087	G	1301	Streptococcus	171	786	420	6.53128696526998	633.896797153025
ERR5520087	S	1747	Cutibacterium acnes	74	280	196	2.82640488555543	274.317912218268
ERR5520090	S	562	Escherichia coli	3209	4874	1278	66.1089466788804	7695.03767187343
ERR5520090	S	573	Klebsiella pneumoniae	1131	1434	338	23.2998500136534	2712.08713209375
ERR5520090	G	286	Pseudomonas	613	3057	989	12.6284775051897	1469.94642968476
ERR5520090	S	287	Pseudomonas aeruginosa	42	85	29	0.865246419605165	100.714111006134
ERR5520090	G	48736	Ralstonia	47	117	36	0.968251945748637	112.703886125912
ERR5520090	G	13687	Sphingomonas	67	265	149	1.38027405032253	160.662986605023
ERR5520090	G	1386	Bacillus	4938	14040	177	101.728257619293	11841.1019082926
ERR5520090	G	1279	Staphylococcus	1285	4756	305	26.4724202188723	3081.37220578291
ERR5520090	S	1280	Staphylococcus aureus	1248	4621	222	25.7101793254106	2992.64786989655
ERR5520090	S	1282	Staphylococcus epidermidis	2	15	14	0.0412022104573888	4.79591004791114
ERR5520090	G	1301	Streptococcus	57	301	188	1.17426299803558	136.683436365468
ERR5520090	S	1313	Streptococcus pneumoniae	1	4	3	0.0206011052286944	2.39795502395557
ERR5520090	S	1747	Cutibacterium acnes	109	469	415	2.24552046992769	261.377097611157
ERR5520091	S	562	Escherichia coli	3813	5745	1381	88.7682032435664	8475.19787686624
ERR5520091	S	573	Klebsiella pneumoniae	1273	1571	323	29.6359619011435	2829.5113813928
ERR5520091	G	286	Pseudomonas	700	2858	956	16.2962869841323	1555.89785308323
ERR5520091	S	287	Pseudomonas aeruginosa	51	83	24	1.18730090884393	113.358272153207
ERR5520091	G	48736	Ralstonia	40	96	20	0.931216399093275	88.9084487476134
ERR5520091	G	13687	Sphingomonas	54	255	149	1.25714213877592	120.026405809278
ERR5520091	G	1386	Bacillus	4232	11757	150	98.5226950240685	9406.51387749749
ERR5520091	G	1279	Staphylococcus	1499	5623	309	34.8973345560205	3331.84411681681
ERR5520091	S	1280	Staphylococcus aureus	1470	5480	220	34.2222026666778	3267.38549147479
ERR5520091	S	1282	Staphylococcus epidermidis	2	13	12	0.0465608199546637	4.44542243738067
ERR5520091	G	1301	Streptococcus	77	375	214	1.79259156825455	171.148763839156
ERR5520091	S	1747	Cutibacterium acnes	79	351	261	1.83915238820922	175.594186276536
ERR5684199	G	1386	Bacillus	4684	14617	97	187.6101518721	140496.115660338
ERR5684199	G	1279	Staphylococcus	1017	3960	1052	40.734313504254	30504.8141815891
ERR5684199	S	1280	Staphylococcus aureus	998	3858	997	39.9732987976849	29934.9110651189
ERR5684199	S	29388	Staphylococcus capitis	5	24	14	0.200267028044513	149.974504334263
ERR5684199	S	1282	Staphylococcus epidermidis	1	7	7	0.0400534056089027	29.9949008668526
ERR5684199	G	1301	Streptococcus	24	91	33	0.961281734613664	719.877620804463
ERR5684199	S	1747	Cutibacterium acnes	28	160	118	1.12149535704928	839.857224271874
ERR5684199	S	562	Escherichia coli	1	73	5	0.0400534056089027	29.9949008668526
ERR5684199	G	286	Pseudomonas	248	2204	388	9.93324459100787	7438.73541497945
ERR5684199	G	13687	Sphingomonas	24	230	46	0.961281734613664	719.877620804463
ERR5684199	G	48736	Ralstonia	9	64	13	0.360480650480124	269.954107801674
ERR5684201	G	1386	Bacillus	5189	15998	119	258.970076653945	170388.126354502
ERR5684201	G	1279	Staphylococcus	1093	4382	947	54.548909960062	35890.1950482695
ERR5684201	S	1280	Staphylococcus aureus	1067	4226	852	53.2513146636653	35036.4484140014
ERR5684201	S	1282	Staphylococcus epidermidis	5	30	29	0.249537556999369	164.182045051553
ERR5684201	S	29388	Staphylococcus capitis	3	12	4	0.149722534199621	98.5092270309319
ERR5684201	G	1301	Streptococcus	60	282	203	2.99445068399242	1970.18454061864
ERR5684201	S	1747	Cutibacterium acnes	128	580	374	6.38816145918384	4203.06035331976
ERR5684201	S	573	Klebsiella pneumoniae	3	25	7	0.149722534199621	98.5092270309319
ERR5684201	S	562	Escherichia coli	2	52	13	0.0998150227997475	65.6728180206213
ERR5684201	G	286	Pseudomonas	171	1452	326	8.53418444937841	5615.02594076312
ERR5684201	S	287	Pseudomonas aeruginosa	2	12	7	0.0998150227997475	65.6728180206213
ERR5684201	G	13687	Sphingomonas	17	197	53	0.848427693797854	558.218953175281
ERR5684201	G	48736	Ralstonia	7	68	15	0.349352579799116	229.854863072174
ERR5684202	G	1386	Bacillus	5522	17005	108	207.142717543649	193299.961494032
ERR5684202	G	1279	Staphylococcus	1189	4784	1098	44.6020809777977	41621.4513249554
ERR5684202	S	1280	Staphylococcus aureus	1187	4733	1075	44.5270564513422	41551.4404732734
ERR5684202	G	1301	Streptococcus	18	117	39	0.675220738099544	630.097665138096
ERR5684202	S	1747	Cutibacterium acnes	42	182	136	1.5755150555656	1470.22788532222
ERR5684202	S	573	Klebsiella pneumoniae	2	50	9	0.0750245264555049	70.0108516820107
ERR5684202	S	562	Escherichia coli	4	85	8	0.15004905291101	140.021703364021
ERR5684202	G	286	Pseudomonas	207	1998	289	7.76503848814476	7246.12314908811
ERR5684202	S	287	Pseudomonas aeruginosa	3	21	8	0.112536789683257	105.016277523016
ERR5684202	G	13687	Sphingomonas	23	229	35	0.862782054238306	805.124794343123
ERR5684202	G	48736	Ralstonia	18	118	20	0.675220738099544	630.097665138096
ERR5696154	G	1279	Staphylococcus	16672	151028	2956	613.869021441526	35622.2570733854
ERR5696154	S	1280	Staphylococcus aureus	15339	135580	1027	564.78748319887	32774.1003628035
ERR5696154	S	1282	Staphylococcus epidermidis	16	1104	720	0.589125740346954	34.1864271337672
ERR5696154	S	29388	Staphylococcus capitis	2	43	33	0.0736407175433692	4.2733033917209
ERR5696154	G	1386	Bacillus	14854	198865	1457	546.929609194603	31737.8242903111
ERR5696154	G	1301	Streptococcus	1420	3059	645	52.2849094557922	3034.04540812184
ERR5696154	S	1313	Streptococcus pneumoniae	3	42	18	0.110461076315054	6.40995508758135
ERR5696154	S	1747	Cutibacterium acnes	10	628	414	0.368203587716846	21.3665169586045
ERR5696154	G	286	Pseudomonas	8365	562917	4114	308.002301125142	17873.0914358727
ERR5696154	S	287	Pseudomonas aeruginosa	7	269	142	0.257742511401792	14.9565618710232
ERR5696154	S	573	Klebsiella pneumoniae	1287	22971	135	47.3878017391581	2749.8707325724
ERR5696154	S	562	Escherichia coli	105	1292	140	3.86613767102688	224.348428065347
ERR5696154	G	13687	Sphingomonas	478	9333	4909	17.6001314928652	1021.3195106213
ERR5696154	G	48736	Ralstonia	75	4271	1698	2.76152690787635	160.248877189534
ERR5696155	G	1386	Bacillus	14620	201254	1648	417.053232509145	74840.0307141029
ERR5696155	G	1279	Staphylococcus	3898	46780	3599	111.19517786051	19953.9288456616
ERR5696155	S	1280	Staphylococcus aureus	3869	43459	2762	110.367917686586	19805.4773483491
ERR5696155	S	1282	Staphylococcus epidermidis	1	138	77	0.0285262128939224	5.11901714870745
ERR5696155	G	1301	Streptococcus	43	2029	670	1.22662715443866	220.11773739442
ERR5696155	S	1747	Cutibacterium acnes	22	1279	821	0.627576683666293	112.618377271564
ERR5696155	G	13687	Sphingomonas	5893	298569	161455	168.104972583885	30166.368057333
ERR5696155	G	286	Pseudomonas	3294	1008118	2971	93.9653452725804	16862.0424878423
ERR5696155	S	287	Pseudomonas aeruginosa	15	365	111	0.427893193408836	76.7852572306117
ERR5696155	S	573	Klebsiella pneumoniae	38	9198	125	1.08399608996905	194.522651650883
ERR5696155	S	562	Escherichia coli	3	388	128	0.0855786386817672	15.3570514461223
ERR5696155	G	48736	Ralstonia	70	4888	1643	1.99683490257457	358.331200409521
ERR5696156	G	1386	Bacillus	11446	160489	1622	369.263280718746	40717.7363699103
ERR5696156	G	1279	Staphylococcus	6618	63032	1911	213.505538336245	23542.7205395829
ERR5696156	S	1280	Staphylococcus aureus	5780	52465	929	186.470536655107	20561.6386701102
ERR5696156	S	1282	Staphylococcus epidermidis	4	284	179	0.129045354086579	14.2295077301801
ERR5696156	S	29388	Staphylococcus capitis	2	70	41	0.0645226770432896	7.11475386509004
ERR5696156	G	1301	Streptococcus	144	2262	780	4.64563274711685	512.262278286483
ERR5696156	S	1313	Streptococcus pneumoniae	1	51	27	0.0322613385216448	3.55737693254502
ERR5696156	S	1747	Cutibacterium acnes	5	361	322	0.161306692608224	17.7868846627251
ERR5696156	G	286	Pseudomonas	4470	480330	3925	144.208183191752	15901.4748884762
ERR5696156	S	287	Pseudomonas aeruginosa	3	296	101	0.0967840155649344	10.6721307976351
ERR5696156	S	573	Klebsiella pneumoniae	999	18145	140	32.2290771831232	3553.81955561247
ERR5696156	S	562	Escherichia coli	80	1147	155	2.58090708173158	284.590154603601
ERR5696156	G	13687	Sphingomonas	199	4702	1960	6.42000636580732	707.918009576459
ERR5696156	G	48736	Ralstonia	32	3080	904	1.03236283269263	113.836061841441
ERR5696158	G	1386	Bacillus	13548	185719	1516	464.582096265196	37635.7378388064
ERR5696158	G	1279	Staphylococcus	7404	80704	2430	253.894732857065	20567.9807321023
ERR5696158	S	1280	Staphylococcus aureus	7278	68479	876	249.573995912171	20217.9583695625
ERR5696158	S	1282	Staphylococcus epidermidis	10	568	398	0.342915630547089	27.7795525825261
ERR5696158	G	1301	Streptococcus	434	2357	589	14.8825383657437	1205.63258208163
ERR5696158	S	1313	Streptococcus pneumoniae	1	47	29	0.0342915630547089	2.77795525825261
ERR5696158	S	1747	Cutibacterium acnes	7	357	288	0.240040941382962	19.4456868077683
ERR5696158	G	286	Pseudomonas	3188	626582	4256	109.321503018412	8856.12136330932
ERR5696158	S	287	Pseudomonas aeruginosa	9	336	155	0.30862406749238	25.0015973242735
ERR5696158	S	573	Klebsiella pneumoniae	295	22898	133	10.1160111011391	819.49680118452
ERR5696158	S	562	Escherichia coli	8	1208	132	0.274332504437671	22.2236420660209
ERR5696158	G	13687	Sphingomonas	309	9039	5023	10.596092983905	858.388174800057
ERR5696158	G	48736	Ralstonia	51	3831	1424	1.74886971579015	141.675718170883
ERR6053343	G	1386	Bacillus	5670	25791	174	422.128214111769	204693.140794224
ERR6053343	G	1279	Staphylococcus	470	3285	356	34.991227624785	16967.5090252708
ERR6053343	S	1280	Staphylococcus aureus	456	2204	164	33.9489357380893	16462.0938628159
ERR6053343	S	1282	Staphylococcus epidermidis	4	54	54	0.297797681913064	144.404332129964
ERR6053343	S	29388	Staphylococcus capitis	4	40	40	0.297797681913064	144.404332129964
ERR6053343	G	1301	Streptococcus	20	230	172	1.48898840956532	722.021660649819
ERR6053343	S	1313	Streptococcus pneumoniae	1	5	5	0.0744494204782661	36.101083032491
ERR6053343	S	1747	Cutibacterium acnes	75	801	762	5.58370653586995	2707.58122743682
ERR6053343	G	48736	Ralstonia	452	3463	2835	33.6511380561763	16317.6895306859
ERR6053343	S	573	Klebsiella pneumoniae	4	34	13	0.297797681913064	144.404332129964
ERR6053343	S	562	Escherichia coli	5	55	22	0.37224710239133	180.505415162455
ERR6053343	G	286	Pseudomonas	173	2814	875	12.87974974274	6245.48736462094
ERR6053343	S	287	Pseudomonas aeruginosa	3	21	15	0.223348261434798	108.303249097473
ERR6053343	G	13687	Sphingomonas	24	191	158	1.78678609147839	866.425992779783
ERR6053344	G	1386	Bacillus	5974	27244	168	430.754237402403	206548.421671334
ERR6053344	G	1279	Staphylococcus	558	3596	341	40.2344935504756	19292.6045016077
ERR6053344	S	1280	Staphylococcus aureus	541	2405	149	39.008711488902	18704.8369809494
ERR6053344	S	29388	Staphylococcus capitis	3	31	31	0.21631448145417	103.723680116171
ERR6053344	S	1282	Staphylococcus epidermidis	2	24	22	0.14420965430278	69.149120077447
ERR6053344	G	1301	Streptococcus	12	163	124	0.865257925816679	414.894720464682
ERR6053344	S	1313	Streptococcus pneumoniae	2	6	5	0.14420965430278	69.149120077447
ERR6053344	S	1747	Cutibacterium acnes	65	805	788	4.68681376484034	2247.34640251703
ERR6053344	G	48736	Ralstonia	452	3558	3055	32.5913818724282	15627.701137503
ERR6053344	S	573	Klebsiella pneumoniae	1	19	9	0.0721048271513899	34.5745600387235
ERR6053344	S	562	Escherichia coli	6	61	24	0.43262896290834	207.447360232341
ERR6053344	G	286	Pseudomonas	192	2866	860	13.8441268130669	6638.31552743491
ERR6053344	S	287	Pseudomonas aeruginosa	3	14	14	0.21631448145417	103.723680116171
ERR6053344	G	13687	Sphingomonas	27	203	148	1.94683033308753	933.513121045535
ERR6053347	G	1386	Bacillus	5289	24128	158	406.011706095119	195137.249114522
ERR6053347	G	1279	Staphylococcus	362	3046	249	27.7890409541375	13355.9622195986
ERR6053347	S	1280	Staphylococcus aureus	353	1832	149	27.0981531956092	13023.9079102715
ERR6053347	S	1282	Staphylococcus epidermidis	1	16	11	0.0767653065031422	36.8949232585596
ERR6053347	S	29388	Staphylococcus capitis	1	16	16	0.0767653065031422	36.8949232585596
ERR6053347	G	1301	Streptococcus	13	112	71	0.997948984540849	479.634002361275
ERR6053347	S	1313	Streptococcus pneumoniae	3	5	4	0.230295919509427	110.684769775679
ERR6053347	S	1328	Streptococcus anginosus	1	3	3	0.0767653065031422	36.8949232585596
ERR6053347	S	1747	Cutibacterium acnes	72	883	827	5.52710206822624	2656.43447461629
ERR6053347	G	48736	Ralstonia	400	2968	2386	30.7061226012569	14757.9693034238
ERR6053347	G	13687	Sphingomonas	21	163	133	1.61207143656599	774.793388429752
ERR6053347	S	573	Klebsiella pneumoniae	3	23	9	0.230295919509427	110.684769775679
ERR6053347	S	562	Escherichia coli	1	70	15	0.0767653065031422	36.8949232585596
ERR6053347	G	286	Pseudomonas	138	2586	740	10.5936122974336	5091.49940968123
ERR6053347	S	287	Pseudomonas aeruginosa	3	23	15	0.230295919509427	110.684769775679
ERR6053349	G	1386	Bacillus	5404	24543	185	407.926300912377	197876.235811058
ERR6053349	G	1279	Staphylococcus	391	3177	321	29.5150228824462	14317.0999633834
ERR6053349	S	1280	Staphylococcus aureus	378	1905	170	28.5337049860989	13841.0838520688
ERR6053349	S	29388	Staphylococcus capitis	3	25	25	0.22645797608015	109.849871841816
ERR6053349	S	1282	Staphylococcus epidermidis	1	26	24	0.0754859920267166	36.6166239472721
ERR6053349	G	1301	Streptococcus	11	160	119	0.830345912293883	402.782863419993
ERR6053349	S	1747	Cutibacterium acnes	58	725	697	4.37818753754956	2123.76418894178
ERR6053349	G	48736	Ralstonia	386	2867	2446	29.1375929223126	14134.016843647
ERR6053349	S	562	Escherichia coli	7	64	22	0.528401944187016	256.316367630904
ERR6053349	G	286	Pseudomonas	163	2683	875	12.3042167003548	5968.50970340535
ERR6053349	S	287	Pseudomonas aeruginosa	4	36	30	0.301943968106866	146.466495789088
ERR6053349	G	13687	Sphingomonas	26	185	151	1.96263579269463	952.032222629074
ERR6318269	G	1386	Bacillus	8415	108152	1938	337.317068624482	48505.0753082364
ERR6318269	G	1279	Staphylococcus	1148	65514	1726	46.0178246917297	6617.21051145043
ERR6318269	S	1280	Staphylococcus aureus	1108	18308	871	44.4144161658854	6386.64568526748
ERR6318269	S	1282	Staphylococcus epidermidis	1	150	81	0.040085213146106	5.76412065457354
ERR6318269	G	1301	Streptococcus	36	1987	857	1.44306767325982	207.508343564648
ERR6318269	S	1313	Streptococcus pneumoniae	2	65	40	0.080170426292212	11.5282413091471
ERR6318269	S	1747	Cutibacterium acnes	60	2002	1775	2.40511278876636	345.847239274413
ERR6318269	G	286	Pseudomonas	2312	602595	5357	92.677012793797	13326.646953374
ERR6318269	S	287	Pseudomonas aeruginosa	6	370	184	0.240511278876636	34.5847239274412
ERR6318269	S	573	Klebsiella pneumoniae	146	191856	147	5.85244111933148	841.561615567737
ERR6318269	S	562	Escherichia coli	17	3266	206	0.681448623483802	97.9900511277502
ERR6318269	G	13687	Sphingomonas	89	3826	2071	3.56758397000343	513.006738257045
ERR6318269	G	48736	Ralstonia	15	1041	320	0.60127819719159	86.4618098186031
ERR6318270	S	1747	Cutibacterium acnes	38	1235	684	1.16440090592842	23.8075696794311
ERR6318270	G	1386	Bacillus	10717	138906	1733	328.391697600917	6714.36116459113
ERR6318270	G	1279	Staphylococcus	4722	67755	2464	144.692133626158	2958.40379016509
ERR6318270	S	1280	Staphylococcus aureus	4641	64703	1569	142.210121168784	2907.65607584841
ERR6318270	G	1301	Streptococcus	264	3350	751	8.08952208329217	165.39995777289
ERR6318270	S	1313	Streptococcus pneumoniae	4	93	39	0.122568516413518	2.5060599662559
ERR6318270	S	1328	Streptococcus anginosus	1	11	10	0.0306421291033794	0.626514991563976
ERR6318270	G	286	Pseudomonas	13725	1104042	3192	420.563221943883	8598.91825921557
ERR6318270	S	287	Pseudomonas aeruginosa	95	704	169	2.91100226482105	59.5189241985777
ERR6318270	S	573	Klebsiella pneumoniae	123	9611	174	3.76898187971567	77.061343962369
ERR6318270	S	562	Escherichia coli	167	1339	310	5.11723556026437	104.628003591184
ERR6318270	G	48736	Ralstonia	82	3683	1566	2.51265458647711	51.374229308246
ERR6318270	G	13687	Sphingomonas	57	2234	650	1.74660135889263	35.7113545191466
ERR6318271	G	1386	Bacillus	7934	103092	1945	311.269819224972	40863.2056036259
ERR6318271	G	1279	Staphylococcus	1664	55188	1674	65.2827047126737	8570.25133910177
ERR6318271	S	1280	Staphylococcus aureus	1592	25055	850	62.4579722972215	8199.42315615987
ERR6318271	S	1282	Staphylococcus epidermidis	4	184	112	0.156929578636235	20.6015657189946
ERR6318271	G	1301	Streptococcus	37	2097	857	1.45159860238517	190.5644829007
ERR6318271	S	1313	Streptococcus pneumoniae	8	88	36	0.31385915727247	41.2031314379893
ERR6318271	S	1747	Cutibacterium acnes	87	2597	2305	3.41321833533811	448.084054388133
ERR6318271	G	286	Pseudomonas	3777	883771	5871	148.180754627265	19453.0284301607
ERR6318271	S	287	Pseudomonas aeruginosa	19	556	344	0.745415498522116	97.8574371652246
ERR6318271	S	573	Klebsiella pneumoniae	371	144934	176	14.5552184185108	1910.79522043675
ERR6318271	S	562	Escherichia coli	27	2335	299	1.05927465579459	139.060568603214
ERR6318271	G	13687	Sphingomonas	100	3727	1938	3.92323946590587	515.039142974866
ERR6318271	G	48736	Ralstonia	11	1139	304	0.431556341249646	56.6543057272353
ERR6318273	G	1386	Bacillus	11862	160779	2044	423.317688683992	32589.2550517192
ERR6318273	G	1279	Staphylococcus	3136	81698	1924	111.914034034143	8615.73965960136
ERR6318273	S	1280	Staphylococcus aureus	3089	34324	944	110.236750998554	8486.61345934585
ERR6318273	S	29388	Staphylococcus capitis	1	46	41	0.035686873097622	2.74736596288309
ERR6318273	S	1282	Staphylococcus epidermidis	1	134	98	0.035686873097622	2.74736596288309
ERR6318273	G	1301	Streptococcus	69	2870	908	2.46239424373592	189.568251438933
ERR6318273	S	1328	Streptococcus anginosus	1	14	12	0.035686873097622	2.74736596288309
ERR6318273	S	1747	Cutibacterium acnes	99	3527	2919	3.53300043666458	271.989230325425
ERR6318273	G	286	Pseudomonas	8147	1367360	6426	290.740955126327	22382.7904996085
ERR6318273	S	287	Pseudomonas aeruginosa	11	355	221	0.392555604073842	30.2210255917139
ERR6318273	S	573	Klebsiella pneumoniae	265	189152	159	9.45702137086983	728.051980164018
ERR6318273	S	562	Escherichia coli	25	3226	298	0.89217182744055	68.6841490720771
ERR6318273	G	13687	Sphingomonas	223	3546	1413	7.95817270076971	612.662609722928
ERR6318273	G	48736	Ralstonia	20	1747	355	0.71373746195244	54.9473192576617
ERR6318275	G	1386	Bacillus	8664	121350	1831	319.997931684652	73739.9356562888
ERR6318275	G	1279	Staphylococcus	1444	64956	1623	53.3329886141087	12289.9892760481
ERR6318275	S	1280	Staphylococcus aureus	1412	23584	752	52.1510941295855	12017.6349430609
ERR6318275	S	1282	Staphylococcus epidermidis	5	179	144	0.184671013206748	42.5553645292526
ERR6318275	S	29388	Staphylococcus capitis	1	98	58	0.0369342026413495	8.51107290585051
ERR6318275	G	1301	Streptococcus	16	2591	847	0.590947242261592	136.177166493608
ERR6318275	S	1313	Streptococcus pneumoniae	2	51	31	0.073868405282699	17.022145811701
ERR6318275	S	1747	Cutibacterium acnes	65	2193	1886	2.40072317168772	553.219738880283
ERR6318275	G	286	Pseudomonas	2040	811373	5707	75.345773388353	17362.588727935
ERR6318275	S	287	Pseudomonas aeruginosa	6	387	181	0.221605215848097	51.0664374351031
ERR6318275	S	573	Klebsiella pneumoniae	98	159104	125	3.61955185885225	834.08514477335
ERR6318275	S	562	Escherichia coli	12	2921	338	0.443210431696194	102.132874870206
ERR6318275	G	13687	Sphingomonas	146	3299	1252	5.39239358563703	1242.61664425417
ERR6318275	G	48736	Ralstonia	6	1521	366	0.221605215848097	51.0664374351031
ERR6349275	G	1386	Bacillus	9364	132822	1417	322.207294767648	133102.115078463
ERR6349275	G	1279	Staphylococcus	4521	186800	1547	155.563773990232	64262.5653854901
ERR6349275	S	1280	Staphylococcus aureus	4308	41065	706	148.234624717965	61234.9329088015
ERR6349275	S	1282	Staphylococcus epidermidis	2	196	100	0.0688183030259821	28.4284739595179
ERR6349275	G	1301	Streptococcus	1	1805	516	0.034409151512991	14.2142369797589
ERR6349275	S	1747	Cutibacterium acnes	6	403	241	0.206454909077946	85.2854218785535
ERR6349275	G	286	Pseudomonas	1733	529148	3834	59.6310595720135	24633.2726859222
ERR6349275	S	287	Pseudomonas aeruginosa	5	263	119	0.172045757564955	71.0711848987946
ERR6349275	S	573	Klebsiella pneumoniae	91	17309	93	3.13123278768218	1293.49556515806
ERR6349275	S	562	Escherichia coli	2	926	108	0.0688183030259821	28.4284739595179
ERR6349275	G	13687	Sphingomonas	165	4905	1968	5.67750999964352	2345.34910166022
ERR6349275	G	48736	Ralstonia	25	2576	728	0.860228787824776	355.355924493973
ERR6349279	G	1386	Bacillus	12383	176433	1551	328.437615658021	122336.274093321
ERR6349279	G	1279	Staphylococcus	7049	298594	1654	186.962509309004	69639.6992718902
ERR6349279	S	1280	Staphylococcus aureus	5943	53811	806	157.627775971543	58713.1128915936
ERR6349279	S	1282	Staphylococcus epidermidis	4	312	160	0.106093068128247	39.517491429644
ERR6349279	G	1301	Streptococcus	14	2096	640	0.371325738448865	138.311220003754
ERR6349279	S	1747	Cutibacterium acnes	10	413	327	0.265232670320618	98.7937285741101
ERR6349279	G	286	Pseudomonas	2927	660029	4854	77.6336026028449	28916.924353642
ERR6349279	S	287	Pseudomonas aeruginosa	6	383	132	0.159139602192371	59.2762371444661
ERR6349279	S	573	Klebsiella pneumoniae	223	22697	108	5.91468854814978	2203.10014720266
ERR6349279	S	562	Escherichia coli	6	1447	176	0.159139602192371	59.2762371444661
ERR6349279	G	13687	Sphingomonas	150	4525	1692	3.97849005480927	1481.90592861165
ERR6349279	G	48736	Ralstonia	41	3871	1183	1.08745394831453	405.054287153851
ERR6683647	G	1386	Bacillus	9405	34110	484	193.495326948982	344581.226643218
ERR6683647	G	1279	Staphylococcus	2422	7313	440	49.8294185933476	88737.4514545321
ERR6683647	S	1280	Staphylococcus aureus	2408	7115	304	49.5413872719988	88224.5182091302
ERR6683647	G	1301	Streptococcus	20	326	135	0.411473316212614	732.7617791456
ERR6683647	S	1747	Cutibacterium acnes	10	39	37	0.205736658106307	366.3808895728
ERR6683647	S	573	Klebsiella pneumoniae	23	78	32	0.473194313644507	842.67604601744
ERR6683647	S	562	Escherichia coli	40	152	46	0.822946632425229	1465.5235582912
ERR6683647	G	286	Pseudomonas	137	2683	678	2.81859221605641	5019.41818714736
ERR6683647	S	287	Pseudomonas aeruginosa	5	35	24	0.102868329053154	183.1904447864
ERR6683647	G	13687	Sphingomonas	13	250	81	0.267457655538199	476.29515644464
ERR6683647	G	48736	Ralstonia	16	177	39	0.329178652970092	586.20942331648
ERR6683648	G	1386	Bacillus	10010	37596	326	184.474582295917	312880.942706217
ERR6683648	G	1279	Staphylococcus	3209	9388	431	59.1387547040558	100303.191323102
ERR6683648	S	1280	Staphylococcus aureus	3203	9211	334	59.0281805288534	100115.650298503
ERR6683648	S	1282	Staphylococcus epidermidis	1	14	14	0.0184290292003913	31.2568374331885
ERR6683648	G	1301	Streptococcus	28	400	147	0.516012817610957	875.191448129278
ERR6683648	S	1747	Cutibacterium acnes	4	23	22	0.0737161168015653	125.027349732754
ERR6683648	S	573	Klebsiella pneumoniae	31	77	25	0.571299905212131	968.961960428844
ERR6683648	S	562	Escherichia coli	37	166	60	0.681874080414479	1156.50298502797
ERR6683648	G	286	Pseudomonas	184	3115	674	3.390941372872	5751.25808770669
ERR6683648	S	287	Pseudomonas aeruginosa	5	35	23	0.0921451460019566	156.284187165943
ERR6683648	G	13687	Sphingomonas	14	304	96	0.258006408805479	437.595724064639
ERR6683648	G	48736	Ralstonia	16	192	44	0.294864467206261	500.109398931016
ERR6683651	G	1386	Bacillus	6120	25844	340	122.436297464746	179873.030801787
ERR6683651	G	1279	Staphylococcus	3860	10513	384	77.2228934990067	113449.329884787
ERR6683651	S	1280	Staphylococcus aureus	3848	10308	258	76.9828223275072	113096.637667529
ERR6683651	S	29388	Staphylococcus capitis	1	3	3	0.0200059309582919	29.3910181048672
ERR6683651	G	1301	Streptococcus	25	348	156	0.500148273957297	734.775452621679
ERR6683651	S	1747	Cutibacterium acnes	25	124	120	0.500148273957297	734.775452621679
ERR6683651	S	573	Klebsiella pneumoniae	17	71	25	0.340100826290962	499.647307782742
ERR6683651	S	562	Escherichia coli	24	121	54	0.480142342999005	705.384434516812
ERR6683651	G	286	Pseudomonas	190	3159	631	3.80112688207546	5584.29343992476
ERR6683651	S	287	Pseudomonas aeruginosa	3	27	16	0.0600177928748757	88.1730543146015
ERR6683651	G	13687	Sphingomonas	12	236	80	0.240071171499503	352.692217258406
ERR6683651	G	48736	Ralstonia	15	190	43	0.300088964374378	440.865271573007
ERR7342677	S	573	Klebsiella pneumoniae	43588	44246	109	1767.77973629957	500769.743342295
ERR7342677	S	562	Escherichia coli	63	683	124	2.5550638567237	723.788515888881
ERR7342677	G	286	Pseudomonas	161	4135	950	6.52960763384945	1849.68176282714
ERR7342677	S	287	Pseudomonas aeruginosa	36	294	25	1.4600364895564	413.593437650789
ERR7342677	G	48736	Ralstonia	12	268	49	0.486678829852133	137.86447921693
ERR7342677	G	13687	Sphingomonas	323	3487	251	13.0997718368533	3710.85223225569
ERR7342677	G	1279	Staphylococcus	9020	98107	1366	365.820253772187	103628.133544726
ERR7342677	S	1280	Staphylococcus aureus	8977	96127	438	364.07632129855	103134.119160865
ERR7342677	S	29388	Staphylococcus capitis	14	484	225	0.567791968160822	160.841892419751
ERR7342677	S	1282	Staphylococcus epidermidis	3	108	66	0.121669707463033	34.4661198042324
ERR7342677	G	1386	Bacillus	2871	30627	1149	116.437910042123	32984.0766526504
ERR7342677	G	1301	Streptococcus	145	2295	565	5.88070252737994	1665.86245720457
ERR7342677	S	1313	Streptococcus pneumoniae	3	56	22	0.121669707463033	34.4661198042324
ERR7342677	S	1747	Cutibacterium acnes	83	2065	511	3.36619523981059	953.562647917097
ERR7342679	S	573	Klebsiella pneumoniae	39062	39834	108	1921.42171237032	482795.273644139
ERR7342679	S	562	Escherichia coli	34	463	110	1.67242686551101	420.230385128788
ERR7342679	G	286	Pseudomonas	106	3276	792	5.21403669835784	1310.13002422505
ERR7342679	S	287	Pseudomonas aeruginosa	13	142	23	0.639457330930679	160.676323725713
ERR7342679	G	48736	Ralstonia	91	486	34	4.47620131651475	1124.73426607999
ERR7342679	G	13687	Sphingomonas	17	305	103	0.836213432755503	210.115192564394
ERR7342679	G	1279	Staphylococcus	9593	96408	1049	471.870321201385	118566.767192367
ERR7342679	S	1280	Staphylococcus aureus	9580	95295	504	471.230863870454	118406.090868641
ERR7342679	S	29388	Staphylococcus capitis	3	80	64	0.147567076368618	37.0791516290107
ERR7342679	S	1282	Staphylococcus epidermidis	1	99	45	0.0491890254562061	12.3597172096702
ERR7342679	G	1386	Bacillus	1735	18714	987	85.3429591665175	21444.1093587779
ERR7342679	G	1301	Streptococcus	297	2188	401	14.6091405604932	3670.83601127206
ERR7342679	S	1313	Streptococcus pneumoniae	9	58	19	0.442701229105855	111.237454887032
ERR7342679	S	1747	Cutibacterium acnes	11	385	161	0.541079280018267	135.956889306373
ERR7342683	G	1279	Staphylococcus	29411	192912	1384	1282.63376420978	15033.9850564918
ERR7342683	S	1280	Staphylococcus aureus	29353	190826	509	1280.10434466185	15004.3372671179
ERR7342683	S	1282	Staphylococcus epidermidis	10	292	199	0.436106818608608	5.11168782309062
ERR7342683	G	1386	Bacillus	2805	29594	1154	122.327962619715	1433.82843437692
ERR7342683	G	1301	Streptococcus	455	4058	523	19.8428602466917	232.581795950623
ERR7342683	S	1313	Streptococcus pneumoniae	2	61	24	0.0872213637217216	1.02233756461812
ERR7342683	S	1747	Cutibacterium acnes	12	291	171	0.52332818233033	6.13402538770874
ERR7342683	S	573	Klebsiella pneumoniae	374	9242	120	16.3103950159619	191.177124583589
ERR7342683	S	562	Escherichia coli	58	683	127	2.52941954792993	29.6477893739256
ERR7342683	G	286	Pseudomonas	67	3330	788	2.92191568467767	34.2483084147071
ERR7342683	S	287	Pseudomonas aeruginosa	9	160	34	0.392496136747747	4.60051904078156
ERR7342683	G	48736	Ralstonia	3	244	57	0.130832045582582	1.53350634692719
ERR7342683	G	13687	Sphingomonas	22	1389	89	0.959435000938938	11.2457132107994
ERR7384866	S	573	Klebsiella pneumoniae	6244	89579	113	178.891450593069	42999.7934026582
ERR7384866	S	562	Escherichia coli	484	4867	375	13.8666659332232	3333.10378073135
ERR7384866	G	286	Pseudomonas	1842	41809	4658	52.7735509276799	12685.0767853454
ERR7384866	S	287	Pseudomonas aeruginosa	6	260	87	0.171900817354006	41.3194683561738
ERR7384866	G	13687	Sphingomonas	179	2524	1168	5.12837438439452	1232.69747262585
ERR7384866	G	48736	Ralstonia	59	2085	765	1.6903580373144	406.308105502376
ERR7384866	G	1386	Bacillus	12937	123882	1839	370.646812351463	89091.6603539701
ERR7384866	G	1279	Staphylococcus	13429	273288	7457	384.742679374492	92479.8567591764
ERR7384866	S	1280	Staphylococcus aureus	12986	264157	2958	372.050669026521	89429.1026788789
ERR7384866	S	29388	Staphylococcus capitis	144	3671	2142	4.12561961649615	991.667240548172
ERR7384866	S	1282	Staphylococcus epidermidis	23	627	443	0.658953133190358	158.391295365333
ERR7384866	G	1301	Streptococcus	128	4479	1479	3.66721743688547	881.481991598375
ERR7384866	S	1313	Streptococcus pneumoniae	4	65	36	0.114600544902671	27.5463122374492
ERR7384866	S	1747	Cutibacterium acnes	1093	19940	4673	31.3145988946548	7527.029818883
ERR7384869	S	573	Klebsiella pneumoniae	25902	846598	157	560.22740967647	133993.419827426
ERR7384869	S	562	Escherichia coli	984	16509	496	21.282672037744	5090.32218014774
ERR7384869	G	286	Pseudomonas	8975	793211	4982	194.117867417432	46428.4975272622
ERR7384869	S	287	Pseudomonas aeruginosa	8	440	108	0.173029853965399	41.3847331719329
ERR7384869	G	13687	Sphingomonas	1807	18510	6820	39.0831182644344	9347.77660521034
ERR7384869	G	48736	Ralstonia	27	1758	447	0.583975757133221	139.673474455273
ERR7384869	G	1386	Bacillus	31185	429634	3023	674.49199948887	161322.862995841
ERR7384869	G	1279	Staphylococcus	3802	63695	5919	82.2324380970557	19668.0944399611
ERR7384869	S	1280	Staphylococcus aureus	3235	44974	870	69.9689471972581	16734.9514764004
ERR7384869	S	29388	Staphylococcus capitis	50	2120	944	1.08143658728374	258.65458232458
ERR7384869	S	1282	Staphylococcus epidermidis	22	1047	422	0.475832098404846	113.808016222815
ERR7384869	G	1301	Streptococcus	42	5923	1402	0.908406733318343	217.269849152648
ERR7384869	S	1313	Streptococcus pneumoniae	1	97	45	0.0216287317456748	5.17309164649161
ERR7384869	S	1747	Cutibacterium acnes	49	2100	848	1.05980785553807	253.481490678089
ERR7431137	G	1386	Bacillus	6	28	22	140.765765765766	68965.5172413793
ERR7431137	G	1279	Staphylococcus	2	21	18	46.9219219219219	22988.5057471264
ERR7431137	S	573	Klebsiella pneumoniae	10	10	1	234.60960960961	114942.528735632
ERR7431137	G	286	Pseudomonas	1	5	5	23.460960960961	11494.2528735632
ERR7431138	G	1386	Bacillus	7	19	17	117.176383936792	48951.0489510489
ERR7431138	G	1279	Staphylococcus	7	33	29	117.176383936792	48951.0489510489
ERR7431138	S	1280	Staphylococcus aureus	3	13	9	50.218450258625	20979.020979021
ERR7431138	G	1301	Streptococcus	1	7	7	16.7394834195417	6993.00699300699
ERR7431138	S	573	Klebsiella pneumoniae	12	13	2	200.8738010345	83916.0839160839
ERR7739008	S	573	Klebsiella pneumoniae	2070	2147	19	65.0118645082393	11367.6926878827
ERR7739008	S	562	Escherichia coli	2	120	41	0.0628133956601346	10.983277959307
ERR7739008	G	286	Pseudomonas	367	3116	1034	11.5262581036347	2015.43150553283
ERR7739008	S	287	Pseudomonas aeruginosa	6	30	21	0.188440186980404	32.9498338779209
ERR7739008	G	48736	Ralstonia	11	79	27	0.34547367613074	60.4080287761883
ERR7739008	G	13687	Sphingomonas	63	386	231	1.97862196329424	345.973255718169
ERR7739008	G	1386	Bacillus	6303	30573	466	197.956416422914	34613.8004887559
ERR7739008	G	1279	Staphylococcus	703	5438	532	22.0789085745373	3860.62220269639
ERR7739008	S	1280	Staphylococcus aureus	668	4951	225	20.9796741504849	3668.41483840852
ERR7739008	S	1282	Staphylococcus epidermidis	5	38	34	0.157033489150336	27.4581948982674
ERR7739008	S	29388	Staphylococcus capitis	4	22	20	0.125626791320269	21.9665559186139
ERR7739008	G	1301	Streptococcus	113	1222	945	3.5489568547976	620.555204700843
ERR7739008	S	1313	Streptococcus pneumoniae	9	42	41	0.282660280470605	49.4247508168813
ERR7739008	S	1328	Streptococcus anginosus	2	13	13	0.0628133956601346	10.983277959307
ERR7739008	S	1747	Cutibacterium acnes	68	785	743	2.13565545244457	373.431450616437
ERR7739009	G	1386	Bacillus	5772	29372	448	170.066238324851	122923.588039867
ERR7739009	G	1279	Staphylococcus	587	3935	469	17.2953710839722	12501.0648266462
ERR7739009	S	1280	Staphylococcus aureus	557	3500	220	16.4114509263586	11862.168838913
ERR7739009	S	1282	Staphylococcus epidermidis	7	93	75	0.2062480367765	149.075730471079
ERR7739009	S	29388	Staphylococcus capitis	1	19	19	0.0294640052537857	21.2965329244399
ERR7739009	G	1301	Streptococcus	153	1686	1285	4.50799280382921	3258.36953743931
ERR7739009	S	1313	Streptococcus pneumoniae	8	38	37	0.235712042030286	170.372263395519
ERR7739009	S	1747	Cutibacterium acnes	62	663	619	1.82676832573471	1320.38504131527
ERR7739009	G	286	Pseudomonas	343	3278	897	10.1061538020485	7304.71079308289
ERR7739009	S	287	Pseudomonas aeruginosa	1	32	16	0.0294640052537857	21.2965329244399
ERR7739009	S	573	Klebsiella pneumoniae	2	63	17	0.0589280105075714	42.5930658488798
ERR7739009	S	562	Escherichia coli	2	63	32	0.0589280105075714	42.5930658488798
ERR7739009	G	13687	Sphingomonas	50	267	153	1.47320026268929	1064.826646222
ERR7739009	G	48736	Ralstonia	4	62	31	0.117856021015143	85.1861316977596
ERR7739010	G	1386	Bacillus	4569	22595	398	159.019545830571	68373.6382138154
ERR7739010	G	1279	Staphylococcus	577	3699	488	20.0819168186123	8634.62229139231
ERR7739010	S	1280	Staphylococcus aureus	548	3285	216	19.0726003753891	8200.6464743206
ERR7739010	S	1282	Staphylococcus epidermidis	5	58	50	0.174020076417784	74.8234167365019
ERR7739010	S	29388	Staphylococcus capitis	1	21	21	0.0348040152835568	14.9646833473004
ERR7739010	G	1301	Streptococcus	93	1066	784	3.23677342137079	1391.71555129893
ERR7739010	S	1313	Streptococcus pneumoniae	3	11	10	0.104412045850671	44.8940500419011
ERR7739010	S	1747	Cutibacterium acnes	72	794	750	2.50588910041609	1077.45720100563
ERR7739010	G	286	Pseudomonas	475	3320	1041	16.5319072596895	7108.22458996768
ERR7739010	S	287	Pseudomonas aeruginosa	3	16	11	0.104412045850671	44.8940500419011
ERR7739010	S	573	Klebsiella pneumoniae	5	82	17	0.174020076417784	74.8234167365019
ERR7739010	S	562	Escherichia coli	3	89	37	0.104412045850671	44.8940500419011
ERR7739010	G	13687	Sphingomonas	83	573	319	2.88873326853522	1242.06871782593
ERR7739010	G	48736	Ralstonia	5	57	19	0.174020076417784	74.8234167365019
ERR7739011	G	1386	Bacillus	6055	30045	343	195.907300741973	101593.959731544
ERR7739011	G	1279	Staphylococcus	857	5018	662	27.7279201875922	14379.1946308725
ERR7739011	S	1280	Staphylococcus aureus	816	4490	252	26.4013802486292	13691.2751677852
ERR7739011	S	1282	Staphylococcus epidermidis	7	72	65	0.226482428603437	117.44966442953
ERR7739011	S	29388	Staphylococcus capitis	2	31	31	0.0647092653152676	33.5570469798658
ERR7739011	G	1301	Streptococcus	133	1323	959	4.30316614346529	2231.54362416107
ERR7739011	S	1313	Streptococcus pneumoniae	2	8	7	0.0647092653152676	33.5570469798658
ERR7739011	S	1747	Cutibacterium acnes	120	1311	1116	3.88255591891606	2013.42281879195
ERR7739011	G	286	Pseudomonas	1011	5251	1026	32.7105336168678	16963.0872483222
ERR7739011	S	287	Pseudomonas aeruginosa	3	18	13	0.0970638979729014	50.3355704697987
ERR7739011	S	573	Klebsiella pneumoniae	6	58	21	0.194127795945803	100.671140939597
ERR7739011	S	562	Escherichia coli	3	61	33	0.0970638979729014	50.3355704697987
ERR7739011	G	13687	Sphingomonas	71	372	244	2.297178918692	1191.27516778523
ERR7739011	G	48736	Ralstonia	6	76	21	0.194127795945803	100.671140939597
ERR950219	S	562	Escherichia coli	20610	28144	2088	958.627212342765	12375.2789841823
ERR950219	S	573	Klebsiella pneumoniae	11005	12941	486	511.872511976328	6607.95464439237
ERR950219	G	286	Pseudomonas	32857	181913	4743	1528.26852576158	19728.9927988005
ERR950219	S	287	Pseudomonas aeruginosa	505	2293	94	23.4889249021396	303.227359874434
ERR950219	G	48736	Ralstonia	444	2212	96	20.6516488248514	266.599896602472
ERR950219	G	13687	Sphingomonas	5834	35076	864	271.355223522935	3503.02656932168
ERR950219	G	1279	Staphylococcus	30863	137749	251	1435.52215694007	18531.6950649597
ERR950219	S	1280	Staphylococcus aureus	30224	133464	108	1405.80052721241	18148.0073759305
ERR950219	S	1282	Staphylococcus epidermidis	66	188	8	3.06983969018062	39.629714359827
ERR950219	S	29388	Staphylococcus capitis	12	108	9	0.55815267094193	7.20540261087764
ERR950219	G	1386	Bacillus	4493	12321	363	208.981662545174	2697.8228275561
ERR950219	G	1301	Streptococcus	511	2152	117	23.7680012376105	306.830061179873
ERR950219	S	1313	Streptococcus pneumoniae	19	19	1	0.883741728991389	11.4085541338896
ERR950219	S	1328	Streptococcus anginosus	2	3	1	0.0930254451569884	1.20090043514627
ERR950219	S	1747	Cutibacterium acnes	1870	16067	527	86.9787912217841	1122.84190686176
ERR950220	G	48736	Ralstonia	481	2241	243	16.9939005322624	482.014640818924
ERR950220	S	562	Escherichia coli	5900	9200	1195	208.449091767875	5912.4456981947
ERR950220	S	573	Klebsiella pneumoniae	2953	3932	357	104.330536947549	2959.22917741847
ERR950220	G	286	Pseudomonas	35434	196904	16573	1251.89578266151	35508.7459101408
ERR950220	S	287	Pseudomonas aeruginosa	622	1983	216	21.9754805219692	623.312071911373
ERR950220	G	13687	Sphingomonas	5185	27507	2158	183.187888273972	5195.93744832873
ERR950220	S	1747	Cutibacterium acnes	1377	13188	1763	48.6498981973499	1379.90469939222
ERR950220	G	1279	Staphylococcus	17228	76363	398	608.671347962196	17264.3414387285
ERR950220	S	1280	Staphylococcus aureus	16808	73622	176	593.832599056687	16843.4554737723
ERR950220	S	1282	Staphylococcus epidermidis	24	72	7	0.847928508886273	24.0506265689276
ERR950220	S	29388	Staphylococcus capitis	1	10	10	0.035330354536928	1.00210944037198
ERR950220	G	1386	Bacillus	3256	11503	457	115.035634372238	3262.86833785118
ERR950220	G	1301	Streptococcus	404	2440	315	14.2734632329189	404.852213910281
ERR950220	S	1328	Streptococcus anginosus	3	20	2	0.105991063610784	3.00632832111595
ERR950220	S	1313	Streptococcus pneumoniae	1	15	3	0.035330354536928	1.00210944037198
ERR950222	S	562	Escherichia coli	26848	36901	2405	1139.21386011847	20097.613558104
ERR950222	S	573	Klebsiella pneumoniae	13525	16050	548	573.892560269009	10124.4123723688
ERR950222	G	286	Pseudomonas	34675	161508	5476	1471.32898538469	25956.6727550379
ERR950222	S	287	Pseudomonas aeruginosa	929	2777	130	39.4193115334498	695.421744468066
ERR950222	G	48736	Ralstonia	638	2744	103	27.0716046914327	477.58780728808
ERR950222	G	13687	Sphingomonas	4216	36494	823	178.893237271286	3155.97209330179
ERR950222	G	1279	Staphylococcus	41613	187431	283	1765.72207840845	31150.253016738
ERR950222	S	1280	Staphylococcus aureus	41200	184136	134	1748.19766972888	30841.0935113932
ERR950222	S	1282	Staphylococcus epidermidis	37	469	21	1.569983344174	27.6970985417852
ERR950222	S	29388	Staphylococcus capitis	35	378	12	1.48511937962405	26.1999580800671
ERR950222	G	1386	Bacillus	3350	10526	363	142.147140621159	2507.71027337785
ERR950222	G	1301	Streptococcus	757	5684	262	32.1210105821545	566.667664760308
ERR950222	S	1313	Streptococcus pneumoniae	29	159	9	1.23052748597421	21.7085366949127
ERR950222	S	1747	Cutibacterium acnes	4096	39192	1404	173.801399398289	3066.14366559871
ERR9627488	G	1386	Bacillus	32346	433924	944	1114.11574941385	376330.700050029
ERR9627488	G	1279	Staphylococcus	5534	75532	4493	190.611406580606	64385.5219834557
ERR9627488	S	1280	Staphylococcus aureus	4913	65327	637	169.221872159472	57160.4751544485
ERR9627488	S	1282	Staphylococcus epidermidis	72	1518	1116	2.47994601984163	837.686588870403
ERR9627488	S	29388	Staphylococcus capitis	2	33	23	0.0688873894400454	23.2690719130667
ERR9627488	G	1301	Streptococcus	940	34808	8169	32.3770730368213	10936.4637991414
ERR9627488	S	1328	Streptococcus anginosus	40	391	297	1.37774778880091	465.381438261335
ERR9627488	S	1313	Streptococcus pneumoniae	6	46	41	0.206662168320136	69.8072157392002
ERR9627488	S	1747	Cutibacterium acnes	84	5127	3963	2.89327035648191	977.301020348803
ERR9627488	S	562	Escherichia coli	649	3269	2289	22.3539578732947	7550.81383579016
ERR9627488	S	573	Klebsiella pneumoniae	9	891	103	0.309993252480204	104.7108236088
ERR9627488	G	286	Pseudomonas	402	47557	11930	13.8463652774491	4677.08345452642
ERR9627488	S	287	Pseudomonas aeruginosa	6	248	156	0.206662168320136	69.8072157392002
ERR9627488	G	48736	Ralstonia	1180	36308	25162	40.6435597696268	13728.7524287094
ERR9627488	G	13687	Sphingomonas	241	2803	747	8.30093042752547	2803.92316552454
ERR9627491	G	1301	Streptococcus	44018	1406224	178454	1684.88565548647	163720.286690892
ERR9627491	S	1328	Streptococcus anginosus	1736	12271	7249	66.4492139107755	6456.86804705777
ERR9627491	S	1313	Streptococcus pneumoniae	86	593	452	3.2918389379762	319.86788712383
ERR9627491	G	1386	Bacillus	11623	157955	1640	444.895860187179	43230.5168841892
ERR9627491	G	1279	Staphylococcus	3643	67617	11340	139.44382850055	13549.7524743269
ERR9627491	S	1280	Staphylococcus aureus	2938	48621	792	112.458404648536	10927.5796787187
ERR9627491	S	1282	Staphylococcus epidermidis	129	5342	3764	4.93775840696431	479.801830685745
ERR9627491	S	29388	Staphylococcus capitis	1	68	38	0.0382771969532117	3.7193940363236
ERR9627491	S	1747	Cutibacterium acnes	263	13999	9258	10.0669027986947	978.200631553107
ERR9627491	S	562	Escherichia coli	498	2830	1838	19.0620440826994	1852.25823008915
ERR9627491	S	573	Klebsiella pneumoniae	27	1029	155	1.03348431773672	100.423638980737
ERR9627491	G	286	Pseudomonas	1379	94820	45251	52.7842545984789	5129.04437609025
ERR9627491	S	287	Pseudomonas aeruginosa	6	299	106	0.22966318171927	22.3163642179416
ERR9627491	G	48736	Ralstonia	469	14799	9218	17.9520053710563	1744.39580303577
ERR9627491	G	13687	Sphingomonas	183	2893	768	7.00472704243774	680.649108647219
ERR9627501	G	1386	Bacillus	27778	382842	1155	965.86767988312	224548.526344721
ERR9627501	G	1279	Staphylococcus	9390	102154	2734	326.499298513302	75905.7765993565
ERR9627501	S	1280	Staphylococcus aureus	9237	97673	592	321.179341892158	74668.9732106769
ERR9627501	S	1282	Staphylococcus epidermidis	24	724	622	0.83450299939502	194.008374694841
ERR9627501	S	29388	Staphylococcus capitis	5	385	282	0.173854791540629	40.4184113947585
ERR9627501	G	1301	Streptococcus	9514	310283	46289	330.810897343509	76908.1532019466
ERR9627501	S	1328	Streptococcus anginosus	308	2279	1482	10.7094551589028	2489.77414191713
ERR9627501	S	1313	Streptococcus pneumoniae	14	186	168	0.486793416313762	113.171551905324
ERR9627501	S	1747	Cutibacterium acnes	89	5443	3806	3.0946152894232	719.447722826702
ERR9627501	S	562	Escherichia coli	714	3602	2449	24.8264642320018	5771.74914717152
ERR9627501	S	573	Klebsiella pneumoniae	6	532	90	0.208625749848755	48.5020936737102
ERR9627501	G	286	Pseudomonas	528	45375	11591	18.3590659866904	4268.1842432865
ERR9627501	S	287	Pseudomonas aeruginosa	4	233	131	0.139083833232503	32.3347291158068
ERR9627501	G	48736	Ralstonia	484	14355	7582	16.8291438211329	3912.50222301263
ERR9627501	G	13687	Sphingomonas	381	3161	713	13.2477351153959	3079.8829482806
ERR973031	G	1279	Staphylococcus	8471	12205	424	159.185454549828	67598.7327731361
ERR973031	S	1280	Staphylococcus aureus	8396	11867	244	157.776068516156	67000.231420523
ERR973031	S	1282	Staphylococcus epidermidis	2	12	6	0.0375836275645916	15.9600360696815
ERR973031	S	29388	Staphylococcus capitis	1	8	8	0.0187918137822958	7.98001803484076
ERR973031	G	1386	Bacillus	2936	9526	460	55.1727652648205	23429.3329502925
ERR973031	G	1301	Streptococcus	68	371	158	1.27784333719612	542.641226369172
ERR973031	S	1747	Cutibacterium acnes	27	111	93	0.507378972121987	215.4604869407
ERR973031	S	562	Escherichia coli	112	257	117	2.10468314361713	893.762019902165
ERR973031	S	573	Klebsiella pneumoniae	20	37	19	0.375836275645916	159.600360696815
ERR973031	G	286	Pseudomonas	743	4342	2231	13.9623176402458	5929.15339988668
ERR973031	S	287	Pseudomonas aeruginosa	15	89	20	0.281877206734437	119.700270522611
ERR973031	G	48736	Ralstonia	55	338	147	1.03354975802627	438.900991916242
ERR973031	G	13687	Sphingomonas	36	195	111	0.67650529616265	287.280649254267
ERR973032	G	1279	Staphylococcus	52733	123167	979	385.322526931292	212490.832749047
ERR973032	S	1280	Staphylococcus aureus	52542	122070	415	383.926880890978	211721.186625082
ERR973032	S	1282	Staphylococcus epidermidis	21	154	107	0.153447993961222	84.6207780276105
ERR973032	S	29388	Staphylococcus capitis	5	33	33	0.0365352366574339	20.1478042922882
ERR973032	G	1386	Bacillus	11106	38217	704	81.1520676634921	44752.3028940306
ERR973032	G	1301	Streptococcus	271	1549	664	1.98020982683292	1092.01099264202
ERR973032	S	1313	Streptococcus pneumoniae	1	12	9	0.00730704733148677	4.02956085845765
ERR973032	S	1747	Cutibacterium acnes	81	399	349	0.591870833850429	326.394429535069
ERR973032	S	573	Klebsiella pneumoniae	1301	1460	58	9.50646857826429	5242.4586768534
ERR973032	S	562	Escherichia coli	47	217	115	0.343431224579878	189.389360347509
ERR973032	G	286	Pseudomonas	719	5062	1435	5.25376703133899	2897.25425723105
ERR973032	S	287	Pseudomonas aeruginosa	6	117	36	0.0438422839889206	24.1773651507459
ERR973032	G	48736	Ralstonia	83	517	306	0.606484928513402	334.453551251985
ERR973032	G	13687	Sphingomonas	68	354	194	0.496879218541101	274.01013837512
ERR973729	G	1386	Bacillus	22101	291254	2098	667.152387977504	73964.3782253368
ERR973729	G	1279	Staphylococcus	1999	33538	1494	60.3428633802557	6689.95937163243
ERR973729	S	1280	Staphylococcus aureus	834	24411	678	25.1755618104719	2791.10861227686
ERR973729	S	1282	Staphylococcus epidermidis	1	192	78	0.0301865249526041	3.34665301232238
ERR973729	G	1301	Streptococcus	11	2235	885	0.332051774478645	36.8131831355461
ERR973729	S	1747	Cutibacterium acnes	6	218	194	0.181119149715625	20.0799180739343
ERR973729	S	562	Escherichia coli	807	2457	184	24.3605256367515	2700.74898094416
ERR973729	S	573	Klebsiella pneumoniae	29	569	122	0.87540922362552	97.0529373573489
ERR973729	G	286	Pseudomonas	438	22619	2915	13.2216979292406	1465.8340193972
ERR973729	S	287	Pseudomonas aeruginosa	3	153	88	0.0905595748578124	10.0399590369671
ERR973729	G	13687	Sphingomonas	5	549	332	0.150932624763021	16.7332650616119
ERR973729	G	48736	Ralstonia	1	606	165	0.0301865249526041	3.34665301232238
ERR974046	G	1279	Staphylococcus	158204	514454	305	2393.85398522654	94589.011569821
ERR974046	S	1280	Staphylococcus aureus	158091	505059	223	2392.14413275549	94521.449698393
ERR974046	S	29388	Staphylococcus capitis	1	7	7	0.0151314377969365	0.597892667504115
ERR974046	G	1386	Bacillus	572	3216	254	8.65518241984768	341.994605812354
ERR974046	G	1301	Streptococcus	66	241	66	0.998674894597809	39.4609160552716
ERR974046	S	1747	Cutibacterium acnes	13	124	104	0.196708691360174	7.77260467755349
ERR974046	S	562	Escherichia coli	63	440	69	0.953280581206999	37.6672380527592
ERR974046	S	573	Klebsiella pneumoniae	19	204	34	0.287497318141793	11.3599606825782
ERR974046	G	286	Pseudomonas	658	4297	660	9.95648607038422	393.413375217708
ERR974046	S	287	Pseudomonas aeruginosa	17	243	38	0.25723444254792	10.16417534757
ERR974046	G	13687	Sphingomonas	213	2897	197	3.22299625074747	127.351138178377
ERR974046	G	48736	Ralstonia	68	451	204	1.02893777019168	40.6567013902798
ERR974047	S	1747	Cutibacterium acnes	55	587	423	1.47997288582039	101.226869660283
ERR974047	G	1279	Staphylococcus	9438	57010	457	253.963347206779	17370.5308337045
ERR974047	S	1280	Staphylococcus aureus	9363	56012	235	251.945202362478	17232.4941932587
ERR974047	S	1282	Staphylococcus epidermidis	3	43	41	0.0807257937720212	5.5214656178336
ERR974047	G	1386	Bacillus	413	2368	299	11.1132509426149	760.121766721759
ERR974047	G	1301	Streptococcus	96	689	501	2.58322540070468	176.686899770675
ERR974047	S	1328	Streptococcus anginosus	2	8	4	0.0538171958480141	3.68097707855573
ERR974047	S	562	Escherichia coli	49	208	65	1.31852129827635	90.1839384246154
ERR974047	S	573	Klebsiella pneumoniae	9	138	31	0.242177381316063	16.5643968535008
ERR974047	G	286	Pseudomonas	723	8460	1343	19.4549162990571	1330.6732138979
ERR974047	S	287	Pseudomonas aeruginosa	9	122	30	0.242177381316063	16.5643968535008
ERR974047	G	13687	Sphingomonas	165	2293	797	4.43991865746116	303.680608980848
ERR974047	G	48736	Ralstonia	167	1416	618	4.49373585330918	307.361586059404
ERR974048	S	1747	Cutibacterium acnes	76	672	417	1.31110608290427	114.62199626272
ERR974048	G	1279	Staphylococcus	11012	73113	602	189.972370854498	16608.1239848035
ERR974048	S	1280	Staphylococcus aureus	10793	70655	292	186.194315168235	16277.8316534675
ERR974048	S	1282	Staphylococcus epidermidis	2	17	17	0.0345027916553756	3.01636832270315
ERR974048	G	1386	Bacillus	669	3673	445	11.5411838087231	1008.9752039442
ERR974048	G	1301	Streptococcus	117	726	542	2.01841331183947	176.457546878134
ERR974048	S	562	Escherichia coli	97	421	118	1.67338539528572	146.293863651103
ERR974048	S	573	Klebsiella pneumoniae	43	334	56	0.741810020590576	64.8519189381177
ERR974048	G	286	Pseudomonas	1159	13028	2380	19.9943677642902	1747.98544300647
ERR974048	S	287	Pseudomonas aeruginosa	20	228	64	0.345027916553756	30.1636832270315
ERR974048	G	13687	Sphingomonas	287	3802	969	4.9511506025464	432.848854307902
ERR974048	G	48736	Ralstonia	183	1676	884	3.15700543646687	275.997701527338
ERR974049	S	1747	Cutibacterium acnes	22	178	174	0.423886742394932	20.3485522005109
ERR974049	G	1279	Staphylococcus	28869	150349	444	556.23574391815	26701.925158025
ERR974049	S	1280	Staphylococcus aureus	27223	126730	185	524.521308555329	25179.4834797504
ERR974049	G	1386	Bacillus	690	4144	496	13.2946296478411	638.204591743297
ERR974049	G	1301	Streptococcus	38	156	73	0.732168009591247	35.147499255428
ERR974049	G	286	Pseudomonas	477	4560	645	9.19063527829012	441.193609074714
ERR974049	S	287	Pseudomonas aeruginosa	7	130	19	0.134873054398388	6.47453933652621
ERR974049	S	562	Escherichia coli	52	158	57	1.00191411838802	48.0965779284804
ERR974049	S	573	Klebsiella pneumoniae	18	95	37	0.346816425595854	16.6488154367817
ERR974049	G	48736	Ralstonia	1139	9126	216	21.9457727085376	1053.50004347191
ERR974049	G	13687	Sphingomonas	159	10431	126	3.06354509276337	147.064536358238
ERR976895	G	1386	Bacillus	9385	80357	1259	323.218282892971	186706.720248279
ERR976895	G	1279	Staphylococcus	245	16201	1235	8.43777083737643	4874.06994787729
ERR976895	S	1280	Staphylococcus aureus	187	12447	635	6.44025774118119	3720.20849082879
ERR976895	S	1282	Staphylococcus epidermidis	3	109	88	0.10331964290665	59.6824891576811
ERR976895	S	29388	Staphylococcus capitis	2	39	33	0.0688797619377668	39.7883261051208
ERR976895	G	1301	Streptococcus	19	1210	691	0.654357738408785	377.989097998647
ERR976895	S	1313	Streptococcus pneumoniae	2	26	24	0.0688797619377668	39.7883261051208
ERR976895	S	1747	Cutibacterium acnes	63	1354	1004	2.16971250103965	1253.3322723113
ERR976895	S	562	Escherichia coli	743	3962	403	25.5888315598804	14781.3631480524
ERR976895	S	573	Klebsiella pneumoniae	163	3772	91	5.61370059792799	3242.74857756734
ERR976895	G	286	Pseudomonas	399	12648	3188	13.7415125065845	7937.77105797159
ERR976895	S	287	Pseudomonas aeruginosa	81	315	158	2.78963035847956	1611.42720725739
ERR976895	G	13687	Sphingomonas	26	637	381	0.895436905190968	517.24823936657
ERR976895	G	48736	Ralstonia	8	415	147	0.275519047751067	159.153304420483
ERR976897	G	1386	Bacillus	8570	73384	1172	305.048622329944	225271.403411929
ERR976897	G	1279	Staphylococcus	241	13128	1144	8.57838016120378	6334.9367820624
ERR976897	S	1280	Staphylococcus aureus	189	11353	604	6.72744336293574	4968.0624556423
ERR976897	S	1282	Staphylococcus epidermidis	3	111	95	0.106784815284694	78.8581342165444
ERR976897	G	1301	Streptococcus	21	1180	650	0.747493706992861	552.006939515811
ERR976897	S	1313	Streptococcus pneumoniae	1	38	26	0.0355949384282315	26.2860447388481
ERR976897	S	1747	Cutibacterium acnes	52	1272	996	1.85093679826804	1366.8743264201
ERR976897	S	562	Escherichia coli	812	4836	397	28.9030900037239	21344.2683279447
ERR976897	S	573	Klebsiella pneumoniae	151	1213	87	5.37483570266295	3969.19275556607
ERR976897	G	286	Pseudomonas	386	12951	3375	13.7396462332973	10146.4132691954
ERR976897	S	287	Pseudomonas aeruginosa	80	346	166	2.84759507425852	2102.88357910785
ERR976897	G	13687	Sphingomonas	12	588	284	0.427139261138777	315.432536866178
ERR976897	G	48736	Ralstonia	3	504	153	0.106784815284694	78.8581342165444
ERR976899	G	1386	Bacillus	10018	87108	1441	313.279739919651	233226.242026354
ERR976899	G	1279	Staphylococcus	176	16151	1391	5.50381655279083	4097.40652791358
ERR976899	S	1280	Staphylococcus aureus	102	13814	621	3.18971186582196	2374.63332867719
ERR976899	S	1282	Staphylococcus epidermidis	1	95	74	0.0312716849590388	23.2807189085999
ERR976899	G	1301	Streptococcus	33	1322	735	1.03196560364828	768.263723983797
ERR976899	S	1313	Streptococcus pneumoniae	2	28	23	0.0625433699180776	46.5614378171998
ERR976899	S	1747	Cutibacterium acnes	46	1008	824	1.43849750811578	1070.9130697956
ERR976899	G	286	Pseudomonas	433	12785	3364	13.5406395872638	10080.5512874238
ERR976899	S	287	Pseudomonas aeruginosa	6	193	146	0.187630109754233	139.684313451599
ERR976899	S	573	Klebsiella pneumoniae	130	1428	98	4.06531904467504	3026.49345811799
ERR976899	S	562	Escherichia coli	64	589	163	2.00138783737848	1489.96601015039
ERR976899	G	13687	Sphingomonas	15	568	323	0.469075274385582	349.210783628998
ERR976899	G	48736	Ralstonia	5	391	160	0.156358424795194	116.403594542999
ERR9882306	G	1386	Bacillus	16853	228587	1608	539.690448955332	267389.09690931
ERR9882306	G	1279	Staphylococcus	329	23003	1168	10.5357003326591	5219.90226565971
ERR9882306	S	1280	Staphylococcus aureus	197	17768	474	6.3086108374889	3125.5949736625
ERR9882306	S	1282	Staphylococcus epidermidis	3	83	53	0.0960702157993234	47.5978929999365
ERR9882306	G	1301	Streptococcus	11	2269	680	0.352257457930853	174.525607666434
ERR9882306	S	1747	Cutibacterium acnes	2	88	57	0.0640468105328823	31.7319286666244
ERR9882306	G	286	Pseudomonas	5389	787483	2735	172.574130980851	85501.6817922193
ERR9882306	S	287	Pseudomonas aeruginosa	3	182	88	0.0960702157993234	47.5978929999365
ERR9882306	S	573	Klebsiella pneumoniae	78	5379	105	2.49782561078241	1237.54521799835
ERR9882306	S	562	Escherichia coli	8	362	174	0.256187242131529	126.927714666497
ERR9882306	G	13687	Sphingomonas	17	1076	384	0.544397889529499	269.721393666307
ERR9882306	G	48736	Ralstonia	3	797	150	0.0960702157993234	47.5978929999365
ERR9882308	G	1386	Bacillus	17986	247186	1710	531.964607465369	322763.57110812
ERR9882308	G	1279	Staphylococcus	84	24679	1242	2.48443383893534	1507.40242261104
ERR9882308	S	1280	Staphylococcus aureus	62	18948	503	1.83374878588084	1112.60655002243
ERR9882308	G	1301	Streptococcus	8	2398	721	0.23661274656527	143.562135486765
ERR9882308	S	1747	Cutibacterium acnes	9	360	112	0.266189339885929	161.507402422611
ERR9882308	G	286	Pseudomonas	2908	838346	2822	86.0087333764757	52184.8362494392
ERR9882308	S	287	Pseudomonas aeruginosa	3	181	88	0.0887297799619763	53.835800807537
ERR9882308	S	573	Klebsiella pneumoniae	188	26067	97	5.56039954428385	3373.71018393899
ERR9882308	S	562	Escherichia coli	5	358	169	0.147882966603294	89.7263346792284
ERR9882308	G	13687	Sphingomonas	9	914	273	0.266189339885929	161.507402422611
ERR9882308	G	48736	Ralstonia	2	717	131	0.0591531866413176	35.8905338716913
ERR9882309	G	1386	Bacillus	15636	210298	1802	662.016939013362	230898.727074042
ERR9882309	G	1279	Staphylococcus	77	20361	1301	3.26012434791691	1137.06843084557
ERR9882309	S	1280	Staphylococcus aureus	71	18621	498	3.00608868444287	1048.46569597448
ERR9882309	G	1301	Streptococcus	19	2069	832	0.80444626766781	280.575327091763
ERR9882309	S	1747	Cutibacterium acnes	3	178	112	0.127017831737023	44.3013674355415
ERR9882309	G	286	Pseudomonas	2881	625968	2542	121.979457744787	42544.0798605984
ERR9882309	S	287	Pseudomonas aeruginosa	2	155	82	0.0846785544913484	29.5342449570277
ERR9882309	S	573	Klebsiella pneumoniae	268	36072	84	11.3469263018407	3957.58882424171
ERR9882309	S	562	Escherichia coli	3	289	159	0.127017831737023	44.3013674355415
ERR9882309	G	13687	Sphingomonas	19	697	319	0.80444626766781	280.575327091763
ERR9882309	G	48736	Ralstonia	1	503	110	0.0423392772456742	14.7671224785138
SRR10121041	G	1386	Bacillus	19680	275851	1239	712.91339739604	12081.8842336936
SRR10121041	G	1279	Staphylococcus	2757	27898	978	99.8730811291099	1692.56884310433
SRR10121041	S	1280	Staphylococcus aureus	2751	26271	456	99.6557294835624	1688.88534181357
SRR10121041	G	1301	Streptococcus	8	1761	513	0.289802194063431	4.91133505434699
SRR10121041	S	1747	Cutibacterium acnes	7	222	167	0.253576919805502	4.29741817255362
SRR10121041	G	286	Pseudomonas	3819	416064	2072	138.34432239103	2344.5485715689
SRR10121041	S	287	Pseudomonas aeruginosa	1	162	66	0.0362252742579289	0.613916881793374
SRR10121041	S	573	Klebsiella pneumoniae	157	17408	75	5.68736805849483	96.3849504415597
SRR10121041	G	13687	Sphingomonas	9	746	214	0.32602746832136	5.52525193614037
SRR10121041	G	48736	Ralstonia	3	1304	112	0.108675822773787	1.84175064538012
SRR10121042	G	1386	Bacillus	14970	211087	1060	700.292298356516	11883.1120894194
SRR10121042	G	1279	Staphylococcus	2067	19828	831	96.6936660456192	1640.77439471142
SRR10121042	S	1280	Staphylococcus aureus	2060	18543	402	96.3662080570757	1635.21782927215
SRR10121042	S	29388	Staphylococcus capitis	1	24	20	0.0467797126490659	0.793795062753469
SRR10121042	G	1301	Streptococcus	4	1268	433	0.187118850596264	3.17518025101387
SRR10121042	S	1313	Streptococcus pneumoniae	1	21	17	0.0467797126490659	0.793795062753469
SRR10121042	S	1747	Cutibacterium acnes	4	33	18	0.187118850596264	3.17518025101387
SRR10121042	G	286	Pseudomonas	3212	338336	1535	150.2564370288	2549.66974156414
SRR10121042	S	287	Pseudomonas aeruginosa	2	103	54	0.0935594252981318	1.58759012550694
SRR10121042	S	573	Klebsiella pneumoniae	71	6683	65	3.32135959808368	56.3594494554963
SRR10121042	S	562	Escherichia coli	3	202	83	0.140339137947198	2.38138518826041
SRR10121042	G	13687	Sphingomonas	9	596	209	0.421017413841593	7.14415556478122
SRR10121042	G	48736	Ralstonia	2	1042	93	0.0935594252981318	1.58759012550694
SRR10121043	G	1386	Bacillus	17503	248605	1153	699.618597343656	11597.5120643147
SRR10121043	G	1279	Staphylococcus	2126	21656	1040	84.9790971806326	1408.69054726236
SRR10121043	S	1280	Staphylococcus aureus	2116	20056	427	84.5793836473276	1402.06453339942
SRR10121043	G	1301	Streptococcus	4	1541	468	0.15988541332198	2.65040554517848
SRR10121043	S	1747	Cutibacterium acnes	9	218	146	0.359742179974456	5.96341247665158
SRR10121043	G	286	Pseudomonas	3799	364905	1735	151.851171302551	2517.22266653326
SRR10121043	S	287	Pseudomonas aeruginosa	1	107	48	0.0399713533304951	0.66260138629462
SRR10121043	S	573	Klebsiella pneumoniae	20	2490	54	0.799427066609902	13.2520277258924
SRR10121043	S	562	Escherichia coli	2	269	112	0.0799427066609902	1.32520277258924
SRR10121043	G	13687	Sphingomonas	8	577	179	0.319770826643961	5.30081109035696
SRR10121043	G	48736	Ralstonia	3	1193	116	0.119914059991485	1.98780415888386
SRR10121044	G	1386	Bacillus	15914	224624	1094	699.655645793284	11203.7205870654
SRR10121044	G	1279	Staphylococcus	1933	19531	864	84.983936365365	1360.86413816749
SRR10121044	S	1280	Staphylococcus aureus	1925	18079	416	84.6322180565585	1355.23200515903
SRR10121044	S	1282	Staphylococcus epidermidis	1	50	29	0.0439647886008096	0.704016626056641
SRR10121044	G	1301	Streptococcus	9	1439	449	0.395683097407286	6.33614963450977
SRR10121044	S	1328	Streptococcus anginosus	1	6	4	0.0439647886008096	0.704016626056641
SRR10121044	S	1747	Cutibacterium acnes	3	105	91	0.131894365802429	2.11204987816992
SRR10121044	G	286	Pseudomonas	4289	443212	1617	188.564978308872	3019.52730915693
SRR10121044	S	287	Pseudomonas aeruginosa	5	140	43	0.219823943004048	3.5200831302832
SRR10121044	S	573	Klebsiella pneumoniae	42	3900	54	1.846521121234	29.5686982943789
SRR10121044	S	562	Escherichia coli	3	218	104	0.131894365802429	2.11204987816992
SRR10121044	G	13687	Sphingomonas	10	549	174	0.439647886008096	7.04016626056641
SRR10121044	G	48736	Ralstonia	3	1012	129	0.131894365802429	2.11204987816992
SRR10121045	G	1386	Bacillus	20389	288406	1311	686.254407356093	11171.9507270343
SRR10121045	G	1279	Staphylococcus	3213	28382	989	108.1433817664	1760.53154573355
SRR10121045	S	1280	Staphylococcus aureus	3209	26695	449	108.008749482844	1758.33978532803
SRR10121045	G	1301	Streptococcus	13	1740	526	0.437554921557173	7.12322131793841
SRR10121045	S	1328	Streptococcus anginosus	2	12	9	0.0673161417780266	1.09588020275975
SRR10121045	S	1313	Streptococcus pneumoniae	1	35	21	0.0336580708890133	0.547940101379877
SRR10121045	S	1747	Cutibacterium acnes	4	132	69	0.134632283556053	2.19176040551951
SRR10121045	G	286	Pseudomonas	4306	498487	2085	144.931653248091	2359.43007654175
SRR10121045	S	287	Pseudomonas aeruginosa	5	202	62	0.168290354445067	2.73970050689939
SRR10121045	S	573	Klebsiella pneumoniae	15	7450	90	0.5048710633352	8.21910152069816
SRR10121045	S	562	Escherichia coli	2	263	105	0.0673161417780266	1.09588020275975
SRR10121045	G	13687	Sphingomonas	18	850	235	0.60584527600224	9.8629218248378
SRR10121046	G	1386	Bacillus	19605	276441	1188	698.999633653597	11594.5886005766
SRR10121046	G	1279	Staphylococcus	2920	26263	990	104.110121411298	1726.91653729578
SRR10121046	S	1280	Staphylococcus aureus	2912	24636	452	103.824888201952	1722.18525911141
SRR10121046	S	29388	Staphylococcus capitis	1	17	13	0.0356541511682528	0.5914097730465
SRR10121046	S	1282	Staphylococcus epidermidis	1	78	61	0.0356541511682528	0.5914097730465
SRR10121046	G	1301	Streptococcus	9	1760	527	0.320887360514275	5.3226879574185
SRR10121046	S	1747	Cutibacterium acnes	5	100	60	0.178270755841264	2.9570488652325
SRR10121046	G	286	Pseudomonas	4446	432705	2030	158.518356094052	2629.40785096474
SRR10121046	S	287	Pseudomonas aeruginosa	2	162	61	0.0713083023365057	1.182819546093
SRR10121046	S	573	Klebsiella pneumoniae	107	8939	69	3.81499417500305	63.2808457159755
SRR10121046	S	562	Escherichia coli	4	274	110	0.142616604673011	2.365639092186
SRR10121046	G	13687	Sphingomonas	15	761	212	0.534812267523792	8.87114659569749
SRR10121046	G	48736	Ralstonia	5	1267	114	0.178270755841264	2.9570488652325
SRR10121047	G	1386	Bacillus	20182	283772	1203	794.552914972208	23010.2863345214
SRR10121047	G	1279	Staphylococcus	3313	28978	892	130.430770354917	3777.28067715139
SRR10121047	S	1280	Staphylococcus aureus	3288	25427	425	129.446535746141	3748.77720086742
SRR10121047	G	1301	Streptococcus	11	1398	477	0.433063227861178	12.5415295649457
SRR10121047	S	1747	Cutibacterium acnes	2	57	39	0.0787387687020323	2.28027810271741
SRR10121047	G	286	Pseudomonas	4349	521311	2059	171.217452542569	4958.464734359
SRR10121047	S	287	Pseudomonas aeruginosa	3	206	73	0.118108153053049	3.42041715407611
SRR10121047	S	573	Klebsiella pneumoniae	136	8509	73	5.3542362717382	155.058910984784
SRR10121047	G	13687	Sphingomonas	12	814	213	0.472432612212194	13.6816686163044
SRR10121047	G	48736	Ralstonia	4	1218	125	0.157477537404065	4.56055620543481
SRR10121048	G	1386	Bacillus	20657	295204	1149	802.452925765821	22042.8329047197
SRR10121048	G	1279	Staphylococcus	2765	26884	952	107.410676271603	2950.49779646367
SRR10121048	S	1280	Staphylococcus aureus	2758	25418	424	107.13875050889	2943.02818178908
SRR10121048	S	1282	Staphylococcus epidermidis	1	142	100	0.0388465375304168	1.06708781065594
SRR10121048	G	1301	Streptococcus	12	1386	456	0.466158450365002	12.8050537278713
SRR10121048	S	1747	Cutibacterium acnes	3	49	32	0.116539612591251	3.20126343196782
SRR10121048	G	286	Pseudomonas	2982	314867	1694	115.840374915703	3182.05585137601
SRR10121048	S	287	Pseudomonas aeruginosa	1	134	58	0.0388465375304168	1.06708781065594
SRR10121048	S	573	Klebsiella pneumoniae	72	6198	75	2.79695070219001	76.8303223672276
SRR10121048	G	13687	Sphingomonas	13	660	188	0.505004987895419	13.8721415385272
SRR10121048	G	48736	Ralstonia	3	1186	97	0.116539612591251	3.20126343196782
SRR10121049	G	1386	Bacillus	23421	332239	1157	792.153483161876	22532.0649726972
SRR10121049	G	1279	Staphylococcus	3588	32078	991	121.354626087051	3451.81884300574
SRR10121049	S	1280	Staphylococcus aureus	3573	28678	468	120.84729069371	3437.38816222394
SRR10121049	G	1301	Streptococcus	9	1663	541	0.304401236004308	8.65840846907794
SRR10121049	S	1747	Cutibacterium acnes	4	95	37	0.135289438224137	3.84818154181242
SRR10121049	G	286	Pseudomonas	4829	609252	2049	163.328174296089	4645.71716635304
SRR10121049	S	287	Pseudomonas aeruginosa	2	204	78	0.0676447191120684	1.92409077090621
SRR10121049	S	573	Klebsiella pneumoniae	267	27581	71	9.03057000146113	256.866117915979
SRR10121049	S	562	Escherichia coli	1	268	114	0.0338223595560342	0.962045385453104
SRR10121049	G	13687	Sphingomonas	17	852	225	0.574980112452581	16.3547715527028
SRR10121050	G	1386	Bacillus	20137	285562	1071	788.156385694936	22262.7596004489
SRR10121050	G	1279	Staphylococcus	3294	30877	856	128.926212170587	3641.73065123298
SRR10121050	S	1280	Staphylococcus aureus	3292	29522	436	128.847932746076	3639.51952151153
SRR10121050	S	1282	Staphylococcus epidermidis	2	54	38	0.0782794245115892	2.21112972145293
SRR10121050	G	1301	Streptococcus	14	1387	438	0.547955971581125	15.4779080501705
SRR10121050	S	1313	Streptococcus pneumoniae	1	23	16	0.0391397122557946	1.10556486072647
SRR10121050	S	1747	Cutibacterium acnes	8	131	62	0.313117698046357	8.84451888581173
SRR10121050	G	286	Pseudomonas	4502	411905	1986	176.206984575587	4977.25300299055
SRR10121050	S	287	Pseudomonas aeruginosa	2	208	53	0.0782794245115892	2.21112972145293
SRR10121050	S	573	Klebsiella pneumoniae	249	20178	69	9.74578835169286	275.28565032089
SRR10121050	S	562	Escherichia coli	2	223	86	0.0782794245115892	2.21112972145293
SRR10121050	G	13687	Sphingomonas	10	757	200	0.391397122557946	11.0556486072647
SRR10121051	G	1386	Bacillus	16912	239089	990	765.324535480092	20859.2347009255
SRR10121051	G	1279	Staphylococcus	2745	22552	879	124.220426318168	3385.67876383873
SRR10121051	S	1280	Staphylococcus aureus	2742	21273	450	124.084666289405	3381.97856846842
SRR10121051	G	1301	Streptococcus	6	1285	441	0.27152005752605	7.4003907406311
SRR10121051	S	1747	Cutibacterium acnes	4	110	63	0.181013371684033	4.9335938270874
SRR10121051	G	286	Pseudomonas	3399	423631	1761	153.816112588507	4192.32135456752
SRR10121051	S	287	Pseudomonas aeruginosa	3	157	62	0.135760028763025	3.70019537031555
SRR10121051	S	573	Klebsiella pneumoniae	95	11198	62	4.29906757749578	117.172853393326
SRR10121051	S	562	Escherichia coli	2	225	105	0.0905066858420165	2.4667969135437
SRR10121051	G	13687	Sphingomonas	8	639	188	0.362026743368066	9.86718765417481
SRR10121051	G	48736	Ralstonia	2	1132	111	0.0905066858420165	2.4667969135437
SRR10121052	G	1386	Bacillus	19383	270467	1391	782.431835929498	21335.6375484325
SRR10121052	G	1279	Staphylococcus	2362	21865	1038	95.3466437840104	2599.94716449454
SRR10121052	S	1280	Staphylococcus aureus	2355	20238	431	95.0640754070044	2592.24198661501
SRR10121052	S	1282	Staphylococcus epidermidis	1	62	43	0.0403669110008511	1.10073969707644
SRR10121052	G	1301	Streptococcus	12	1455	585	0.484402932010214	13.2088763649172
SRR10121052	S	1747	Cutibacterium acnes	3	130	98	0.121100733002553	3.30221909122931
SRR10121052	G	286	Pseudomonas	3138	352688	2218	126.671366720671	3454.12116942585
SRR10121052	S	287	Pseudomonas aeruginosa	8	237	77	0.322935288006809	8.80591757661148
SRR10121052	S	573	Klebsiella pneumoniae	532	17174	68	21.4751966524528	585.593518844664
SRR10121052	S	562	Escherichia coli	2	221	112	0.0807338220017023	2.20147939415287
SRR10121052	G	13687	Sphingomonas	15	756	234	0.605503665012767	16.5110954561465
SRR10121052	G	48736	Ralstonia	5	1059	103	0.201834555004256	5.50369848538218
SRR1019692	G	1386	Bacillus	13270	66062	1431	162.572830821162	11701.8471634705
SRR1019692	G	1279	Staphylococcus	9606	36027	1208	117.684597804679	8470.83224207215
SRR1019692	S	1280	Staphylococcus aureus	9416	34745	666	115.35687829782	8303.28507092977
SRR1019692	S	29388	Staphylococcus capitis	4	22	14	0.0490046211970347	3.52730886615538
SRR1019692	S	1282	Staphylococcus epidermidis	2	66	59	0.0245023105985173	1.76365443307769
SRR1019692	G	1301	Streptococcus	207	1667	677	2.53598914694654	182.538233823541
SRR1019692	S	1328	Streptococcus anginosus	2	4	4	0.0245023105985173	1.76365443307769
SRR1019692	S	1313	Streptococcus pneumoniae	8	48	29	0.0980092423940693	7.05461773231077
SRR1019692	S	1747	Cutibacterium acnes	23	210	209	0.281776571882949	20.2820259803935
SRR1019692	S	562	Escherichia coli	185	1070	777	2.26646373036285	163.138035059686
SRR1019692	S	573	Klebsiella pneumoniae	77	377	162	0.943338958042917	67.9006956734911
SRR1019692	G	286	Pseudomonas	722	11392	4370	8.84533412606475	636.679250341047
SRR1019692	S	287	Pseudomonas aeruginosa	20	212	129	0.245023105985173	17.6365443307769
SRR1019692	G	13687	Sphingomonas	155	1331	679	1.89892907138509	136.683218563521
SRR1019692	G	48736	Ralstonia	63	950	370	0.771822783853296	55.5551146419473
SRR1023793	G	1279	Staphylococcus	39205	1458866	1080	1242.75632035338	438167.08577815
SRR1023793	S	1280	Staphylococcus aureus	601	15703	618	19.0510533996272	6716.96004470523
SRR1023793	S	29388	Staphylococcus capitis	1	47	38	0.0316989241258356	11.1763062307907
SRR1023793	S	1282	Staphylococcus epidermidis	1	30	29	0.0316989241258356	11.1763062307907
SRR1023793	G	1386	Bacillus	14692	130876	1063	465.720593256777	164202.291142777
SRR1023793	G	1301	Streptococcus	11	1003	465	0.348688165384192	122.939368538698
SRR1023793	S	1747	Cutibacterium acnes	8	200	145	0.253591393006685	89.4104498463258
SRR1023793	S	562	Escherichia coli	1643	18847	228	52.0813323387479	18362.6711371892
SRR1023793	S	573	Klebsiella pneumoniae	644	11550	86	20.4141071370381	7197.54121262923
SRR1023793	G	286	Pseudomonas	734	32599	3416	23.2670103083633	8203.40877340039
SRR1023793	S	287	Pseudomonas aeruginosa	5	286	91	0.158494620629178	55.8815311539536
SRR1023793	G	48736	Ralstonia	9	1075	345	0.28529031713252	100.586756077117
SRR1023793	G	13687	Sphingomonas	22	1148	437	0.697376330768383	245.878737077396
SRR1023800	G	1386	Bacillus	13055	115522	780	484.200954931072	94885.4179537311
SRR1023800	G	1279	Staphylococcus	4058	39649	913	150.508423983936	29494.0655730556
SRR1023800	S	1280	Staphylococcus aureus	2113	18590	629	78.3697141148491	15357.5555830129
SRR1023800	G	1301	Streptococcus	83	1596	740	3.07841281189422	603.254667955548
SRR1023800	S	1747	Cutibacterium acnes	11	243	223	0.40798242085345	79.9494138254341
SRR1023800	S	562	Escherichia coli	17092	21019	159	633.930503384288	124226.852827665
SRR1023800	S	573	Klebsiella pneumoniae	563	3290	89	20.8812820854993	4091.95636215631
SRR1023800	G	286	Pseudomonas	844	26318	4071	31.3033784727556	6134.30047896967
SRR1023800	S	287	Pseudomonas aeruginosa	6	282	112	0.222535865920064	43.6087711775095
SRR1023800	G	13687	Sphingomonas	43	1461	479	1.59484037242712	312.529526772151
SRR1023800	G	48736	Ralstonia	30	1557	682	1.11267932960032	218.043855887547
SRR10262454	G	1386	Bacillus	4545	27188	373	247.681750585186	219660.722053067
SRR10262454	G	1279	Staphylococcus	3188	16134	453	173.731445734999	154076.651684307
SRR10262454	S	1280	Staphylococcus aureus	3184	11600	332	173.51346399631	153883.330916824
SRR10262454	G	1301	Streptococcus	7	311	127	0.381468042705456	338.311343096032
SRR10262454	S	1747	Cutibacterium acnes	7	50	44	0.381468042705456	338.311343096032
SRR10262454	S	573	Klebsiella pneumoniae	2	110	22	0.108990869344416	96.6603837417235
SRR10262454	S	562	Escherichia coli	5	738	50	0.27247717336104	241.650959354309
SRR10262454	G	286	Pseudomonas	125	3711	795	6.81192933402601	6041.27398385772
SRR10262454	S	287	Pseudomonas aeruginosa	3	45	24	0.163486304016624	144.990575612585
SRR10262454	G	13687	Sphingomonas	11	214	95	0.599449781394289	531.632110579479
SRR10262454	G	48736	Ralstonia	9	322	50	0.490458912049872	434.971726837756
SRR10262455	G	1386	Bacillus	4696	28434	394	250.407685681618	219172.967422757
SRR10262455	G	1279	Staphylococcus	3158	17894	500	168.395969204121	147391.020255764
SRR10262455	S	1280	Staphylococcus aureus	3148	11482	345	167.862733076178	146924.297582377
SRR10262455	S	1282	Staphylococcus epidermidis	2	12	10	0.106647225588423	93.3445346774946
SRR10262455	S	29388	Staphylococcus capitis	1	9	7	0.0533236127942117	46.6722673387473
SRR10262455	G	1301	Streptococcus	5	353	166	0.266618063971058	233.361336693737
SRR10262455	S	1747	Cutibacterium acnes	2	51	42	0.106647225588423	93.3445346774946
SRR10262455	S	573	Klebsiella pneumoniae	2	327	25	0.106647225588423	93.3445346774946
SRR10262455	S	562	Escherichia coli	11	849	53	0.586559740736329	513.394940726221
SRR10262455	G	286	Pseudomonas	110	3699	857	5.86559740736329	5133.9494072622
SRR10262455	S	287	Pseudomonas aeruginosa	2	60	41	0.106647225588423	93.3445346774946
SRR10262455	G	13687	Sphingomonas	21	252	92	1.11979586867845	980.117614113694
SRR10262455	G	48736	Ralstonia	4	269	53	0.213294451176847	186.689069354989
SRR10262456	G	1386	Bacillus	4603	28108	319	250.542806460445	224788.787420032
SRR10262456	G	1279	Staphylococcus	3070	16471	405	167.101111412897	149924.305318162
SRR10262456	S	1280	Staphylococcus aureus	3066	11309	273	166.883390095095	149728.964203741
SRR10262456	G	1301	Streptococcus	9	314	139	0.489872965054096	439.51750744738
SRR10262456	S	1747	Cutibacterium acnes	3	30	28	0.163290988351365	146.505835815793
SRR10262456	G	13687	Sphingomonas	13	223	57	0.707594282855916	634.858621868438
SRR10262456	S	573	Klebsiella pneumoniae	2	46	15	0.10886065890091	97.6705572105289
SRR10262456	S	562	Escherichia coli	4	794	46	0.21772131780182	195.341114421058
SRR10262456	G	286	Pseudomonas	116	3646	706	6.31391821625279	5664.89231821068
SRR10262456	S	287	Pseudomonas aeruginosa	4	44	18	0.21772131780182	195.341114421058
SRR10262456	G	48736	Ralstonia	7	308	43	0.381012306153185	341.846950236851
SRR10262457	G	1386	Bacillus	4254	25530	356	253.135708171541	220174.939185342
SRR10262457	G	1279	Staphylococcus	2891	15082	440	172.029932375159	149629.936338699
SRR10262457	S	1280	Staphylococcus aureus	2883	10547	301	171.553889670558	149215.879095285
SRR10262457	G	1301	Streptococcus	3	337	148	0.178516014225346	155.271466280213
SRR10262457	G	13687	Sphingomonas	15	195	69	0.892580071126731	776.357331401066
SRR10262457	S	562	Escherichia coli	5	966	40	0.297526690375577	258.785777133689
SRR10262457	G	286	Pseudomonas	100	3340	702	5.95053380751154	5175.71554267377
SRR10262457	S	287	Pseudomonas aeruginosa	1	34	19	0.0595053380751154	51.7571554267377
SRR10262457	G	48736	Ralstonia	6	254	48	0.357032028450692	310.542932560426
SRR10262458	G	1279	Staphylococcus	28	365	28	4.91003758984492	43076.9230769231
SRR10262458	S	1280	Staphylococcus aureus	26	352	21	4.55932061914171	40000
SRR10262458	G	1386	Bacillus	8	26	9	1.40286788281283	12307.6923076923
SRR10262458	G	286	Pseudomonas	5	123	36	0.876792426758021	7692.30769230769
SRR10262458	S	562	Escherichia coli	3	7	5	0.526075456054813	4615.38461538462
SRR10262459	G	1279	Staphylococcus	37	366	26	6.27150107869819	51893.4081346424
SRR10262459	S	1280	Staphylococcus aureus	37	358	23	6.27150107869819	51893.4081346424
SRR10262459	G	1386	Bacillus	11	33	11	1.86450032069406	15427.7699859748
SRR10262459	G	286	Pseudomonas	2	103	34	0.33900005830801	2805.04908835905
SRR10262460	G	1279	Staphylococcus	41	409	31	7.19411332026929	63862.9283489096
SRR10262460	S	1280	Staphylococcus aureus	40	391	24	7.01864714172614	62305.2959501558
SRR10262460	G	1386	Bacillus	8	37	12	1.40372942834523	12461.0591900312
SRR10262460	G	1301	Streptococcus	2	16	12	0.350932357086307	3115.26479750779
SRR10262460	S	562	Escherichia coli	1	2	2	0.175466178543153	1557.63239875389
SRR10262460	G	286	Pseudomonas	1	92	30	0.175466178543153	1557.63239875389
SRR10262461	G	1279	Staphylococcus	46	433	34	7.81910400887162	65527.0655270655
SRR10262461	S	1280	Staphylococcus aureus	46	415	29	7.81910400887162	65527.0655270655
SRR10262461	G	1386	Bacillus	11	33	14	1.86978574125191	15669.5156695157
SRR10262461	G	1301	Streptococcus	1	12	12	0.169980521931992	1424.50142450142
SRR10262461	G	13687	Sphingomonas	1	10	6	0.169980521931992	1424.50142450142
SRR10262462	G	1386	Bacillus	3700	24255	646	222.77261105877	445246.690734055
SRR10262462	G	1279	Staphylococcus	345	7102	466	20.7720407608853	41516.2454873646
SRR10262462	S	1280	Staphylococcus aureus	342	4111	257	20.5914143194863	41155.2346570397
SRR10262462	G	1301	Streptococcus	9	399	218	0.541879324197007	1083.03249097473
SRR10262462	S	1747	Cutibacterium acnes	15	174	164	0.903132206995012	1805.05415162455
SRR10262462	S	562	Escherichia coli	26	475	91	1.56542915879135	3128.76052948255
SRR10262462	S	573	Klebsiella pneumoniae	19	90	24	1.14396746219368	2286.40192539109
SRR10262462	G	286	Pseudomonas	79	2332	730	4.75649629017373	9506.61853188929
SRR10262462	G	13687	Sphingomonas	19	295	96	1.14396746219368	2286.40192539109
SRR10262462	G	48736	Ralstonia	2	163	33	0.120417627599335	240.673886883273
SRR10262463	G	1386	Bacillus	3877	24730	674	225.634670987461	436009.896536212
SRR10262463	G	1279	Staphylococcus	384	7625	514	22.3481335205533	43184.8852901484
SRR10262463	S	1280	Staphylococcus aureus	373	4469	300	21.7079526124124	41947.8182636077
SRR10262463	S	1282	Staphylococcus epidermidis	2	29	19	0.116396528752882	224.921277552857
SRR10262463	G	1301	Streptococcus	8	432	230	0.465586115011526	899.685110211426
SRR10262463	S	1747	Cutibacterium acnes	2	31	29	0.116396528752882	224.921277552857
SRR10262463	S	562	Escherichia coli	38	585	110	2.21153404630475	4273.50427350427
SRR10262463	S	573	Klebsiella pneumoniae	8	123	37	0.465586115011526	899.685110211426
SRR10262463	G	286	Pseudomonas	78	2552	840	4.53946462136238	8771.9298245614
SRR10262463	S	287	Pseudomonas aeruginosa	1	26	23	0.0581982643764408	112.460638776428
SRR10262463	G	13687	Sphingomonas	26	332	122	1.51315487378746	2923.97660818713
SRR10262463	G	48736	Ralstonia	4	152	45	0.232793057505763	449.842555105713
SRR10262464	G	1386	Bacillus	3860	25104	601	220.848536695358	430419.268510259
SRR10262464	G	1279	Staphylococcus	413	8040	429	23.629649133467	46052.6315789474
SRR10262464	S	1280	Staphylococcus aureus	408	4504	241	23.3435758994057	45495.0936663693
SRR10262464	G	1301	Streptococcus	13	422	231	0.743790408559494	1449.59857270294
SRR10262464	S	1747	Cutibacterium acnes	10	133	99	0.572146468122688	1115.07582515611
SRR10262464	S	562	Escherichia coli	29	652	95	1.6592247575558	3233.71989295272
SRR10262464	S	573	Klebsiella pneumoniae	20	151	66	1.14429293624538	2230.15165031222
SRR10262464	G	286	Pseudomonas	90	2505	723	5.14931821310419	10035.682426405
SRR10262464	S	287	Pseudomonas aeruginosa	2	25	19	0.114429293624538	223.015165031222
SRR10262464	G	13687	Sphingomonas	24	398	201	1.37315152349445	2676.18198037467
SRR10262464	G	48736	Ralstonia	2	193	71	0.114429293624538	223.015165031222
SRR10262465	G	1386	Bacillus	3814	24870	695	217.780044781379	428346.810422282
SRR10262465	G	1279	Staphylococcus	366	7472	520	20.8986618746682	41105.1212938005
SRR10262465	S	1280	Staphylococcus aureus	355	4171	292	20.270560015047	39869.7214734951
SRR10262465	S	1282	Staphylococcus epidermidis	2	51	46	0.114200338112941	224.618149146451
SRR10262465	G	1301	Streptococcus	9	442	227	0.513901521508235	1010.78167115903
SRR10262465	S	1747	Cutibacterium acnes	6	53	37	0.342601014338823	673.854447439353
SRR10262465	S	562	Escherichia coli	22	516	89	1.25620371924235	2470.79964061096
SRR10262465	S	573	Klebsiella pneumoniae	18	101	61	1.02780304301647	2021.56334231806
SRR10262465	G	286	Pseudomonas	106	2431	755	6.05261791998588	11904.7619047619
SRR10262465	S	287	Pseudomonas aeruginosa	2	49	35	0.114200338112941	224.618149146451
SRR10262465	G	13687	Sphingomonas	30	389	195	1.71300507169412	3369.27223719677
SRR10262465	G	48736	Ralstonia	3	172	32	0.171300507169412	336.927223719677
SRR10262466	G	1386	Bacillus	3621	23622	566	216.148933957756	427963.597683489
SRR10262466	G	1279	Staphylococcus	369	7538	488	22.0267762028202	43611.8662096679
SRR10262466	S	1280	Staphylococcus aureus	362	4031	252	21.6089240797314	42784.5408344167
SRR10262466	S	1282	Staphylococcus epidermidis	1	49	47	0.0596931604412471	118.189339321593
SRR10262466	G	1301	Streptococcus	4	394	196	0.238772641764988	472.757357286373
SRR10262466	S	1747	Cutibacterium acnes	11	123	86	0.656624764853718	1300.08273253753
SRR10262466	S	573	Klebsiella pneumoniae	14	104	58	0.835704246177459	1654.6507505023
SRR10262466	S	562	Escherichia coli	16	500	58	0.955090567059953	1891.02942914549
SRR10262466	G	286	Pseudomonas	80	2370	807	4.77545283529976	9455.14714572745
SRR10262466	G	13687	Sphingomonas	25	280	108	1.49232901103118	2954.73348303983
SRR10262466	G	48736	Ralstonia	6	171	63	0.358158962647482	709.136035929559
SRR10262467	G	1386	Bacillus	3606	23623	661	214.540899134602	426442.762535478
SRR10262467	G	1279	Staphylococcus	361	7563	451	21.4778881274518	42691.5799432356
SRR10262467	S	1280	Staphylococcus aureus	357	4250	238	21.2399059875354	42218.5430463576
SRR10262467	G	1301	Streptococcus	6	396	208	0.356973209874545	709.555345316935
SRR10262467	S	1747	Cutibacterium acnes	5	46	46	0.297477674895454	591.296121097446
SRR10262467	S	573	Klebsiella pneumoniae	19	130	55	1.13041516460273	2246.92526017029
SRR10262467	S	562	Escherichia coli	18	520	93	1.07091962962364	2128.6660359508
SRR10262467	G	286	Pseudomonas	80	2311	779	4.75964279832727	9460.73793755913
SRR10262467	S	287	Pseudomonas aeruginosa	2	26	18	0.118991069958182	236.518448438978
SRR10262467	G	13687	Sphingomonas	27	440	196	1.60637944443545	3192.99905392621
SRR10262467	G	48736	Ralstonia	2	135	38	0.118991069958182	236.518448438978
SRR10262468	G	1386	Bacillus	3807	24816	661	219.761734869676	422624.3339254
SRR10262468	G	1279	Staphylococcus	372	7886	471	21.4739599084632	41296.6252220249
SRR10262468	S	1280	Staphylococcus aureus	368	4430	267	21.2430571137485	40852.5754884547
SRR10262468	G	1301	Streptococcus	12	441	241	0.692708384143974	1332.14920071048
SRR10262468	S	1313	Streptococcus pneumoniae	3	23	6	0.173177096035994	333.03730017762
SRR10262468	S	1747	Cutibacterium acnes	7	91	71	0.404079890750652	777.08703374778
SRR10262468	S	562	Escherichia coli	29	510	74	1.67404526168127	3219.36056838366
SRR10262468	S	573	Klebsiella pneumoniae	15	114	59	0.865885480179968	1665.1865008881
SRR10262468	G	286	Pseudomonas	113	2539	763	6.52300395068909	12544.404973357
SRR10262468	G	13687	Sphingomonas	31	426	134	1.7894966590386	3441.38543516874
SRR10262468	G	48736	Ralstonia	6	195	70	0.346354192071987	666.07460035524
SRR10262469	G	1386	Bacillus	3474	22947	554	210.757450994798	405746.320953048
SRR10262469	G	1279	Staphylococcus	427	8336	493	25.9048450128896	49871.5253445457
SRR10262469	S	1280	Staphylococcus aureus	423	4606	267	25.6621766755324	49404.3447792572
SRR10262469	G	1301	Streptococcus	12	403	198	0.72800501207184	1401.54169586545
SRR10262469	S	1747	Cutibacterium acnes	12	144	100	0.72800501207184	1401.54169586545
SRR10262469	S	562	Escherichia coli	25	702	89	1.516677108483	2919.87853305302
SRR10262469	S	573	Klebsiella pneumoniae	14	154	70	0.84933918075048	1635.13197850969
SRR10262469	G	286	Pseudomonas	101	2503	786	6.12737551827132	11796.3092735342
SRR10262469	S	287	Pseudomonas aeruginosa	1	21	18	0.06066708433932	116.795141322121
SRR10262469	G	13687	Sphingomonas	23	310	131	1.39534293980436	2686.28825040878
SRR10262469	G	48736	Ralstonia	6	242	101	0.36400250603592	700.770847932726
SRR10262470	G	1386	Bacillus	3222	24846	264	239.230755066316	152984.188784958
SRR10262470	G	1279	Staphylococcus	3578	17165	346	265.663451777554	169887.469730782
SRR10262470	S	1280	Staphylococcus aureus	3568	13401	253	264.920960296902	169412.658468259
SRR10262470	G	1301	Streptococcus	5	842	109	0.371245740326376	237.405631261574
SRR10262470	S	1747	Cutibacterium acnes	6	87	83	0.445494888391651	284.886757513888
SRR10262470	S	562	Escherichia coli	3	586	28	0.222747444195825	142.443378756944
SRR10262470	G	286	Pseudomonas	73	2352	617	5.42018780876508	3466.12221641897
SRR10262470	S	287	Pseudomonas aeruginosa	2	18	12	0.14849829613055	94.9622525046294
SRR10262470	G	13687	Sphingomonas	20	230	72	1.4849829613055	949.622525046294
SRR10262470	G	48736	Ralstonia	4	294	62	0.2969965922611	189.924505009259
SRR10262471	G	1386	Bacillus	3268	24752	292	236.778771174692	149647.403608389
SRR10262471	G	1279	Staphylococcus	3567	17984	408	258.44243475524	163339.133620295
SRR10262471	S	1280	Staphylococcus aureus	3554	13055	310	257.500536338695	162743.841011082
SRR10262471	G	1301	Streptococcus	13	811	90	0.94189841654559	595.292609213298
SRR10262471	S	1747	Cutibacterium acnes	3	66	57	0.217361173048982	137.375217510761
SRR10262471	S	573	Klebsiella pneumoniae	3	284	17	0.217361173048982	137.375217510761
SRR10262471	S	562	Escherichia coli	4	680	41	0.289814897398643	183.166956681015
SRR10262471	G	286	Pseudomonas	103	2738	871	7.46273360801506	4716.54913453613
SRR10262471	G	13687	Sphingomonas	20	300	103	1.44907448699322	915.834783405074
SRR10262471	G	48736	Ralstonia	1	276	42	0.0724537243496608	45.7917391702537
SRR10262472	G	1386	Bacillus	3103	23925	224	229.726013046927	147040.705113017
SRR10262472	G	1279	Staphylococcus	3566	17110	315	264.003532879582	168980.71364261
SRR10262472	S	1280	Staphylococcus aureus	3559	12902	223	263.485298238483	168649.007250154
SRR10262472	G	1301	Streptococcus	12	814	86	0.888402241883057	568.639529924655
SRR10262472	S	1747	Cutibacterium acnes	4	52	52	0.296134080627686	189.546509974885
SRR10262472	S	562	Escherichia coli	2	623	19	0.148067040313843	94.7732549874425
SRR10262472	G	286	Pseudomonas	97	2383	580	7.18125145522138	4596.50286689096
SRR10262472	S	287	Pseudomonas aeruginosa	2	31	19	0.148067040313843	94.7732549874425
SRR10262472	G	13687	Sphingomonas	18	205	54	1.33260336282459	852.959294886983
SRR10262472	G	48736	Ralstonia	4	253	32	0.296134080627686	189.546509974885
SRR10262473	G	1386	Bacillus	2888	22240	265	234.038539210532	147106.764466178
SRR10262473	G	1279	Staphylococcus	3231	15434	353	261.83466765555	164578.239608802
SRR10262473	S	1280	Staphylococcus aureus	3217	11804	255	260.700131800651	163865.118174409
SRR10262473	G	1301	Streptococcus	10	748	101	0.810382753499071	509.372453137734
SRR10262473	S	1747	Cutibacterium acnes	7	79	49	0.56726792744935	356.560717196414
SRR10262473	S	562	Escherichia coli	3	690	18	0.243114826049721	152.81173594132
SRR10262473	G	286	Pseudomonas	82	2321	625	6.64513857869238	4176.85411572942
SRR10262473	S	287	Pseudomonas aeruginosa	5	33	16	0.405191376749535	254.686226568867
SRR10262473	G	13687	Sphingomonas	14	170	60	1.1345358548987	713.121434392828
SRR10262473	G	48736	Ralstonia	2	246	37	0.162076550699814	101.874490627547
SRR10262474	G	1279	Staphylococcus	136	12427	37	15.315858614354	301552.106430155
SRR10262474	S	1280	Staphylococcus aureus	34	386	29	3.8289646535885	75388.0266075388
SRR10262474	S	562	Escherichia coli	5	63	2	0.563083037292426	11086.4745011086
SRR10262474	G	286	Pseudomonas	1	136	26	0.112616607458485	2217.29490022173
SRR10262475	G	1279	Staphylococcus	182	12105	45	19.9125488992573	297385.620915033
SRR10262475	S	1280	Staphylococcus aureus	45	410	34	4.92343242014603	73529.4117647059
SRR10262475	G	1386	Bacillus	1	24	14	0.109409609336578	1633.98692810458
SRR10262475	G	286	Pseudomonas	3	151	32	0.328228828009735	4901.96078431373
SRR10262476	G	1279	Staphylococcus	149	15850	49	16.9660239997504	114615.384615385
SRR10262476	S	1280	Staphylococcus aureus	33	435	34	3.75757578517962	25384.6153846154
SRR10262476	G	1386	Bacillus	1	24	13	0.113865932884231	769.230769230769
SRR10262476	S	573	Klebsiella pneumoniae	1	4	3	0.113865932884231	769.230769230769
SRR10262476	G	286	Pseudomonas	1	146	27	0.113865932884231	769.230769230769
SRR10262477	G	1279	Staphylococcus	247	19375	36	27.4195809777379	380000
SRR10262477	S	1280	Staphylococcus aureus	38	424	29	4.21839707349813	58461.5384615385
SRR10262477	S	1747	Cutibacterium acnes	1	1	1	0.111010449302582	1538.46153846154
SRR10262477	S	562	Escherichia coli	2	111	4	0.222020898605165	3076.92307692308
SRR10262477	G	286	Pseudomonas	1	153	28	0.111010449302582	1538.46153846154
SRR10262478	G	1386	Bacillus	3670	25112	510	237.22581027158	353326.273226148
SRR10262478	G	1279	Staphylococcus	1647	18105	457	106.460738288091	158563.589101762
SRR10262478	S	1280	Staphylococcus aureus	1636	15075	309	105.74970724913	157504.573023972
SRR10262478	S	1282	Staphylococcus epidermidis	1	9	8	0.0646391853601036	96.2741888899586
SRR10262478	G	1301	Streptococcus	13	609	151	0.840309409681347	1251.56445556946
SRR10262478	S	1313	Streptococcus pneumoniae	3	13	7	0.193917556080311	288.822566669876
SRR10262478	S	1747	Cutibacterium acnes	24	393	361	1.55134044864249	2310.58053335901
SRR10262478	S	562	Escherichia coli	30	396	97	1.93917556080311	2888.22566669876
SRR10262478	S	573	Klebsiella pneumoniae	17	69	22	1.09886615112176	1636.6612111293
SRR10262478	G	286	Pseudomonas	124	2697	1011	8.01525898465285	11937.9994223549
SRR10262478	S	287	Pseudomonas aeruginosa	5	115	40	0.323195926800518	481.370944449793
SRR10262478	G	13687	Sphingomonas	32	426	170	2.06845393152332	3080.77404447868
SRR10262478	G	48736	Ralstonia	4	281	69	0.258556741440414	385.096755559834
SRR10262479	G	1386	Bacillus	3817	26028	596	234.74685132025	348425.376540393
SRR10262479	G	1279	Staphylococcus	1813	20096	489	111.500141850567	165495.207667732
SRR10262479	S	1280	Staphylococcus aureus	1801	16779	314	110.762137602245	164399.817434961
SRR10262479	S	1282	Staphylococcus epidermidis	1	44	41	0.061500354026788	91.2825193975354
SRR10262479	G	1301	Streptococcus	13	702	178	0.799504602348243	1186.67275216796
SRR10262479	S	1747	Cutibacterium acnes	32	613	440	1.96801132885721	2921.04062072113
SRR10262479	S	562	Escherichia coli	37	450	73	2.27551309899115	3377.45321770881
SRR10262479	S	573	Klebsiella pneumoniae	20	146	53	1.23000708053576	1825.65038795071
SRR10262479	G	286	Pseudomonas	113	3041	1137	6.94954000502704	10314.9246919215
SRR10262479	S	287	Pseudomonas aeruginosa	1	40	21	0.061500354026788	91.2825193975354
SRR10262479	G	13687	Sphingomonas	38	440	177	2.33701345301794	3468.73573710634
SRR10262479	G	48736	Ralstonia	3	263	83	0.184501062080364	273.847558192606
SRR10262480	G	1386	Bacillus	3860	26536	556	233.742851616768	345754.209960588
SRR10262480	G	1279	Staphylococcus	1836	20534	404	111.179242375229	164457.183805088
SRR10262480	S	1280	Staphylococcus aureus	1825	16796	267	110.513135803265	163471.87388033
SRR10262480	G	1301	Streptococcus	8	649	143	0.484441143247187	716.589036187746
SRR10262480	S	1747	Cutibacterium acnes	29	442	322	1.75609914427105	2597.63525618058
SRR10262480	S	573	Klebsiella pneumoniae	22	108	44	1.33221314392976	1970.6198495163
SRR10262480	S	562	Escherichia coli	22	493	92	1.33221314392976	1970.6198495163
SRR10262480	G	286	Pseudomonas	124	2893	1117	7.5088377203314	11107.1300609101
SRR10262480	G	13687	Sphingomonas	48	505	184	2.90664685948312	4299.53421712648
SRR10262480	G	48736	Ralstonia	4	269	58	0.242220571623594	358.294518093873
SRR10262481	G	1386	Bacillus	3726	25685	591	225.928955469682	334770.889487871
SRR10262481	G	1279	Staphylococcus	1840	20555	434	111.569854552929	165318.957771788
SRR10262481	S	1280	Staphylococcus aureus	1830	17031	281	110.96349664775	164420.485175202
SRR10262481	G	1301	Streptococcus	11	733	177	0.66699369569686	988.319856244384
SRR10262481	S	1747	Cutibacterium acnes	35	653	523	2.12225266812637	3144.65408805031
SRR10262481	S	562	Escherichia coli	27	389	62	1.6371663439832	2425.87601078167
SRR10262481	S	573	Klebsiella pneumoniae	16	95	43	0.970172648286342	1437.55615453729
SRR10262481	G	286	Pseudomonas	124	2921	1119	7.51883802421915	11141.060197664
SRR10262481	G	13687	Sphingomonas	35	464	197	2.12225266812637	3144.65408805031
SRR10262481	G	48736	Ralstonia	1	267	54	0.0606357905178963	89.8472596585804
SRR10262482	G	1386	Bacillus	3494	23956	667	225.476305789495	333396.946564885
SRR10262482	G	1279	Staphylococcus	1739	19319	392	112.221893465349	165935.114503817
SRR10262482	S	1280	Staphylococcus aureus	1726	15787	261	111.382971892578	164694.65648855
SRR10262482	G	1301	Streptococcus	11	694	190	0.709856715421992	1049.61832061069
SRR10262482	S	1747	Cutibacterium acnes	26	506	452	1.67784314554289	2480.91603053435
SRR10262482	S	562	Escherichia coli	43	557	143	2.77489443301324	4103.0534351145
SRR10262482	S	573	Klebsiella pneumoniae	10	65	27	0.645324286747265	954.198473282443
SRR10262482	G	286	Pseudomonas	126	2861	997	8.13108601301555	12022.9007633588
SRR10262482	S	287	Pseudomonas aeruginosa	3	29	25	0.19359728602418	286.259541984733
SRR10262482	G	13687	Sphingomonas	50	496	233	3.22662143373633	4770.99236641221
SRR10262482	G	48736	Ralstonia	3	239	46	0.19359728602418	286.259541984733
SRR10262483	G	1386	Bacillus	3568	24320	466	228.498355938959	348301.444748145
SRR10262483	G	1279	Staphylococcus	1603	18108	415	102.657753523025	156481.843030066
SRR10262483	S	1280	Staphylococcus aureus	1590	14770	267	101.825220275489	155212.807497071
SRR10262483	S	1282	Staphylococcus epidermidis	1	22	18	0.0640410190411881	97.6181179226865
SRR10262483	G	1301	Streptococcus	21	819	283	1.34486139986495	2049.98047637642
SRR10262483	S	1313	Streptococcus pneumoniae	1	7	6	0.0640410190411881	97.6181179226865
SRR10262483	S	1747	Cutibacterium acnes	19	370	337	1.21677936178257	1854.74424053104
SRR10262483	S	573	Klebsiella pneumoniae	24	96	37	1.53698445698851	2342.83483014447
SRR10262483	S	562	Escherichia coli	21	391	88	1.34486139986495	2049.98047637642
SRR10262483	G	286	Pseudomonas	93	2687	1077	5.95581477083049	9078.48496680984
SRR10262483	G	13687	Sphingomonas	25	405	172	1.6010254760297	2440.45294806716
SRR10262483	G	48736	Ralstonia	5	330	84	0.320205095205941	488.090589613432
SRR10262484	G	1386	Bacillus	3726	25651	500	229.166569284201	332055.9664914
SRR10262484	G	1279	Staphylococcus	2000	21746	415	123.00943064101	178237.233758132
SRR10262484	S	1280	Staphylococcus aureus	1994	18178	259	122.640402349087	177702.522056858
SRR10262484	S	1282	Staphylococcus epidermidis	1	31	27	0.0615047153205048	89.118616879066
SRR10262484	G	1301	Streptococcus	14	622	128	0.861066014487067	1247.66063630692
SRR10262484	S	1313	Streptococcus pneumoniae	1	4	3	0.0615047153205048	89.118616879066
SRR10262484	S	1747	Cutibacterium acnes	21	404	327	1.2915990217306	1871.49095446039
SRR10262484	S	562	Escherichia coli	32	420	73	1.96815089025615	2851.79574013011
SRR10262484	S	573	Klebsiella pneumoniae	15	63	20	0.922570729807571	1336.77925318599
SRR10262484	G	286	Pseudomonas	119	2799	1068	7.31906112314007	10605.1154086089
SRR10262484	S	287	Pseudomonas aeruginosa	2	25	22	0.12300943064101	178.237233758132
SRR10262484	G	13687	Sphingomonas	27	428	144	1.66062731365363	2406.20265573478
SRR10262484	G	48736	Ralstonia	9	362	110	0.553542437884543	802.067551911594
SRR10262485	G	1386	Bacillus	3507	24161	522	226.656863611898	327573.323370073
SRR10262485	G	1279	Staphylococcus	1901	20878	443	122.861333825554	177563.982813376
SRR10262485	S	1280	Staphylococcus aureus	1880	17198	284	121.504107097339	175602.465906968
SRR10262485	S	1282	Staphylococcus epidermidis	1	9	9	0.0646298442007124	93.4055669717915
SRR10262485	G	1301	Streptococcus	16	755	212	1.0340775072114	1494.48907154866
SRR10262485	S	1747	Cutibacterium acnes	21	394	334	1.35722672821496	1961.51690640762
SRR10262485	S	573	Klebsiella pneumoniae	19	114	42	1.22796703981354	1774.70577246404
SRR10262485	S	562	Escherichia coli	22	520	60	1.42185657241567	2054.92247337941
SRR10262485	G	286	Pseudomonas	113	2771	1005	7.3031723946805	10554.8290678124
SRR10262485	S	287	Pseudomonas aeruginosa	3	35	24	0.193889532602137	280.216700915375
SRR10262485	G	13687	Sphingomonas	38	405	163	2.45593407962707	3549.41154492808
SRR10262485	G	48736	Ralstonia	3	262	68	0.193889532602137	280.216700915375
SRR10262669	G	1386	Bacillus	5925	35483	301	326.997546607774	217902.982604538
SRR10262669	G	1279	Staphylococcus	5317	24978	412	293.442355327179	195542.642786216
SRR10262669	S	1280	Staphylococcus aureus	5304	19717	293	292.724892355719	195064.543415101
SRR10262669	G	1301	Streptococcus	5	536	113	0.275947296715421	183.884373505939
SRR10262669	G	286	Pseudomonas	152	3608	755	8.38879782014881	5590.08495458056
SRR10262669	S	287	Pseudomonas aeruginosa	2	59	17	0.110378918686169	73.5537494023758
SRR10262669	S	573	Klebsiella pneumoniae	1	75	17	0.0551894593430843	36.7768747011879
SRR10262669	S	562	Escherichia coli	6	1487	40	0.331136756058506	220.661248207127
SRR10262669	G	13687	Sphingomonas	16	320	92	0.883031349489348	588.429995219006
SRR10262669	G	48736	Ralstonia	10	342	76	0.551894593430843	367.768747011879
SRR10262670	G	1386	Bacillus	6099	36606	312	327.523439486943	218813.90593047
SRR10262670	G	1279	Staphylococcus	5444	25615	432	292.349172744207	195314.462024181
SRR10262670	S	1280	Staphylococcus aureus	5429	20652	320	291.543655185213	194776.30682022
SRR10262670	G	1301	Streptococcus	11	583	126	0.590712876595569	394.64714957127
SRR10262670	S	1747	Cutibacterium acnes	3	49	49	0.161103511798792	107.631040792164
SRR10262670	S	573	Klebsiella pneumoniae	4	102	42	0.214804682398389	143.508054389553
SRR10262670	S	562	Escherichia coli	5	1193	38	0.268505852997986	179.385067986941
SRR10262670	G	286	Pseudomonas	138	3748	794	7.41076154274441	4951.02787643957
SRR10262670	S	287	Pseudomonas aeruginosa	2	50	21	0.107402341199194	71.7540271947763
SRR10262670	G	13687	Sphingomonas	21	290	79	1.12772458259154	753.417285545151
SRR10262670	G	48736	Ralstonia	6	338	76	0.322207023597583	215.262081584329
SRR10262671	G	1386	Bacillus	6085	36840	308	326.859737906297	220879.160768086
SRR10262671	G	1279	Staphylococcus	5327	25117	429	286.143274252563	193364.550437402
SRR10262671	S	1280	Staphylococcus aureus	5318	20151	319	285.659833391239	193037.859813423
SRR10262671	G	1301	Streptococcus	5	560	106	0.268578256291123	181.494791099495
SRR10262671	S	1747	Cutibacterium acnes	3	36	34	0.161146953774674	108.896874659697
SRR10262671	S	573	Klebsiella pneumoniae	3	80	20	0.161146953774674	108.896874659697
SRR10262671	S	562	Escherichia coli	9	1270	58	0.483440861324022	326.690623979092
SRR10262671	G	286	Pseudomonas	136	3523	775	7.30532857111856	4936.65831790628
SRR10262671	S	287	Pseudomonas aeruginosa	3	64	35	0.161146953774674	108.896874659697
SRR10262671	G	13687	Sphingomonas	20	316	95	1.07431302516449	725.979164397982
SRR10262671	G	48736	Ralstonia	8	296	52	0.429725210065797	290.391665759193
SRR10262672	G	1386	Bacillus	5470	32794	332	320.558482027247	212418.935186983
SRR10262672	G	1279	Staphylococcus	4830	22720	485	283.052553599927	187565.531435672
SRR10262672	S	1280	Staphylococcus aureus	4818	18549	357	282.349317441915	187099.530115335
SRR10262672	G	1301	Streptococcus	9	565	112	0.527427118509181	349.500990252806
SRR10262672	S	573	Klebsiella pneumoniae	2	147	44	0.117206026335374	77.6668867228457
SRR10262672	S	562	Escherichia coli	9	1476	45	0.527427118509181	349.500990252806
SRR10262672	G	286	Pseudomonas	134	3372	804	7.85280376447004	5203.68141043066
SRR10262672	S	287	Pseudomonas aeruginosa	3	62	23	0.175809039503061	116.500330084269
SRR10262672	G	13687	Sphingomonas	21	301	120	1.23066327652142	815.50231058988
SRR10262672	G	48736	Ralstonia	7	265	52	0.410221092173808	271.83410352996
SRR10262673	S	562	Escherichia coli	1	38	4	0.35453336495771	10752.688172043
SRR10262673	G	1279	Staphylococcus	20	1485	20	7.09066729915419	215053.76344086
SRR10262673	S	1280	Staphylococcus aureus	10	124	14	3.54533364957709	107526.88172043
SRR10262674	S	562	Escherichia coli	2	40	3	0.691101003374992	18181.8181818182
SRR10262674	G	1279	Staphylococcus	25	1861	25	8.6387625421874	227272.727272727
SRR10262674	S	1280	Staphylococcus aureus	15	137	19	5.18325752531244	136363.636363636
SRR10262675	G	1279	Staphylococcus	20	1872	21	7.0724533951843	185185.185185185
SRR10262675	S	1280	Staphylococcus aureus	15	130	19	5.30434004638822	138888.888888889
SRR10262675	G	1386	Bacillus	1	187	12	0.353622669759215	9259.25925925926
SRR10262676	G	1279	Staphylococcus	19	1869	26	6.58535486397776	171171.171171171
SRR10262676	S	1280	Staphylococcus aureus	13	128	19	4.50576911745847	117117.117117117
SRR10262676	G	1386	Bacillus	1	168	12	0.346597624419882	9009.00900900901
SRR10262677	G	1386	Bacillus	6484	40920	632	328.75531584518	488878.835859157
SRR10262677	G	1279	Staphylococcus	592	12118	601	30.0159079241743	44635.4520093493
SRR10262677	S	1280	Staphylococcus aureus	571	7040	382	28.9511544336209	43052.0998265852
SRR10262677	G	1301	Streptococcus	8	465	212	0.405620377353707	603.181783910126
SRR10262677	S	1747	Cutibacterium acnes	24	375	320	1.21686113206112	1809.54535173038
SRR10262677	S	573	Klebsiella pneumoniae	28	124	52	1.41967132073798	2111.13624368544
SRR10262677	S	562	Escherichia coli	36	767	93	1.82529169809168	2714.31802759557
SRR10262677	G	286	Pseudomonas	126	2996	965	6.38852094332089	9500.11309658448
SRR10262677	S	287	Pseudomonas aeruginosa	1	37	18	0.0507025471692134	75.3977229887657
SRR10262677	G	48736	Ralstonia	3	233	63	0.15210764150764	226.193168966297
SRR10262677	G	13687	Sphingomonas	47	378	134	2.38301971695303	3543.69298047199
SRR10262678	G	1386	Bacillus	6604	41740	771	324.971245162461	493793.92851802
SRR10262678	G	1279	Staphylococcus	549	10437	527	27.015326104511	41049.798115747
SRR10262678	S	1280	Staphylococcus aureus	537	6593	302	26.4248271732649	40152.5347689547
SRR10262678	S	29388	Staphylococcus capitis	1	8	5	0.0492082442705119	74.7719455660236
SRR10262678	G	1301	Streptococcus	8	420	174	0.393665954164095	598.175564528189
SRR10262678	S	1747	Cutibacterium acnes	25	391	327	1.2302061067628	1869.29863915059
SRR10262678	S	562	Escherichia coli	59	952	154	2.9032864119602	4411.54478839539
SRR10262678	S	573	Klebsiella pneumoniae	30	166	81	1.47624732811536	2243.15836698071
SRR10262678	G	286	Pseudomonas	133	3210	966	6.54469648797808	9944.66876028114
SRR10262678	S	287	Pseudomonas aeruginosa	1	38	20	0.0492082442705119	74.7719455660236
SRR10262678	G	48736	Ralstonia	11	235	66	0.541290686975631	822.49140122626
SRR10262678	G	13687	Sphingomonas	41	434	148	2.01753801509099	3065.64976820697
SRR10262679	G	1386	Bacillus	6193	39432	584	314.64924154443	492877.039395145
SRR10262679	G	1279	Staphylococcus	495	10009	539	25.1495841376543	39395.1452447274
SRR10262679	S	1280	Staphylococcus aureus	486	6265	352	24.6923189715151	38678.8698766415
SRR10262679	G	1301	Streptococcus	10	484	226	0.508072406821299	795.861520095503
SRR10262679	S	1747	Cutibacterium acnes	16	252	178	0.812915850914078	1273.37843215281
SRR10262679	S	562	Escherichia coli	41	873	102	2.08309686796733	3263.03223239156
SRR10262679	S	573	Klebsiella pneumoniae	27	184	47	1.37179549841751	2148.82610425786
SRR10262679	G	286	Pseudomonas	125	3027	983	6.35090508526623	9948.26900119379
SRR10262679	S	287	Pseudomonas aeruginosa	2	26	17	0.10161448136426	159.172304019101
SRR10262679	G	13687	Sphingomonas	55	538	228	2.79439823751714	4377.23836052527
SRR10262679	G	48736	Ralstonia	4	216	65	0.20322896272852	318.344608038201
SRR10262680	G	1386	Bacillus	6544	41261	813	327.808560201586	486289.663372223
SRR10262680	G	1279	Staphylococcus	615	12162	612	30.80719201161	45701.1220925912
SRR10262680	S	1280	Staphylococcus aureus	592	7050	370	29.6550531233709	43991.9744370959
SRR10262680	S	1282	Staphylococcus epidermidis	2	20	16	0.100185990281658	148.621535260459
SRR10262680	G	1301	Streptococcus	13	604	336	0.65120893683078	966.039979192985
SRR10262680	S	1747	Cutibacterium acnes	29	461	346	1.45269685908405	2155.01226127666
SRR10262680	S	573	Klebsiella pneumoniae	25	186	69	1.25232487852073	1857.76919075574
SRR10262680	S	562	Escherichia coli	29	827	102	1.45269685908405	2155.01226127666
SRR10262680	G	286	Pseudomonas	136	3138	1053	6.81264733915277	10106.2643977112
SRR10262680	S	287	Pseudomonas aeruginosa	1	51	35	0.0500929951408292	74.3107676302296
SRR10262680	G	48736	Ralstonia	9	264	99	0.450836956267463	668.796908672067
SRR10262680	G	13687	Sphingomonas	44	507	225	2.20409178619648	3269.6737757301
SRR10262681	G	1386	Bacillus	6691	42826	613	330.870014072978	484679.463962332
SRR10262681	G	1279	Staphylococcus	653	12689	489	32.2908562531243	47301.702281782
SRR10262681	S	1280	Staphylococcus aureus	637	7208	279	31.4996560999084	46142.7019195944
SRR10262681	G	1301	Streptococcus	4	463	179	0.197800038303977	289.750090546903
SRR10262681	S	1747	Cutibacterium acnes	23	307	260	1.13735022024787	1666.06302064469
SRR10262681	S	562	Escherichia coli	38	804	86	1.87910036388779	2752.62586019558
SRR10262681	S	573	Klebsiella pneumoniae	25	149	64	1.23625023939986	1810.93806591815
SRR10262681	G	286	Pseudomonas	143	2776	826	7.07135136936719	10358.5657370518
SRR10262681	S	287	Pseudomonas aeruginosa	3	39	18	0.148350028727983	217.312567910177
SRR10262681	G	13687	Sphingomonas	37	445	155	1.82965035431179	2680.18833755886
SRR10262681	G	48736	Ralstonia	14	309	109	0.692300134063921	1014.12531691416
SRR10262682	G	1386	Bacillus	6481	41436	704	328.671515919649	488578.967206936
SRR10262682	G	1279	Staphylococcus	591	12640	540	29.9714343324352	44553.3358462118
SRR10262682	S	1280	Staphylococcus aureus	577	6923	337	29.2614511164385	43497.9268752356
SRR10262682	G	1301	Streptococcus	5	420	195	0.253565434284562	376.931775348662
SRR10262682	S	1313	Streptococcus pneumoniae	1	8	5	0.0507130868569124	75.3863550697324
SRR10262682	S	1747	Cutibacterium acnes	27	425	371	1.36925334513664	2035.43158688277
SRR10262682	S	573	Klebsiella pneumoniae	20	104	39	1.01426173713825	1507.72710139465
SRR10262682	S	562	Escherichia coli	24	837	94	1.2171140845659	1809.27252167358
SRR10262682	G	286	Pseudomonas	113	2782	864	5.7305788148311	8518.65812287976
SRR10262682	S	287	Pseudomonas aeruginosa	2	40	24	0.101426173713825	150.772710139465
SRR10262682	G	13687	Sphingomonas	47	437	159	2.38351508227488	3543.15868827742
SRR10262682	G	48736	Ralstonia	7	230	71	0.354991607998387	527.704485488127
SRR10262683	G	1386	Bacillus	6644	41604	672	327.967011770827	505516.244388648
SRR10262683	G	1279	Staphylococcus	557	10180	541	27.4951272661575	42379.974130716
SRR10262683	S	1280	Staphylococcus aureus	532	6514	323	26.2610551267429	40477.8208932512
SRR10262683	G	1301	Streptococcus	9	481	216	0.44426597018926	684.775165487332
SRR10262683	S	1747	Cutibacterium acnes	20	312	275	0.987257711531688	1521.72258997185
SRR10262683	S	562	Escherichia coli	50	852	120	2.46814427882922	3804.30647492962
SRR10262683	S	573	Klebsiella pneumoniae	12	83	35	0.592354626919013	913.033553983109
SRR10262683	G	286	Pseudomonas	96	2843	926	4.7388370153521	7304.26843186487
SRR10262683	S	287	Pseudomonas aeruginosa	1	46	21	0.0493628855765844	76.0861294985924
SRR10262683	G	48736	Ralstonia	7	252	84	0.345540199036091	532.602906490147
SRR10262683	G	13687	Sphingomonas	41	502	202	2.02387830863996	3119.53130944229
SRR10262684	G	1386	Bacillus	6527	40689	857	321.292534218861	497068.007006321
SRR10262684	G	1279	Staphylococcus	540	10140	639	26.5815793593052	41124.0575736806
SRR10262684	S	1280	Staphylococcus aureus	512	6395	416	25.2032752443782	38991.6990328231
SRR10262684	S	29388	Staphylococcus capitis	1	22	13	0.0492251469616763	76.1556621734826
SRR10262684	G	1301	Streptococcus	10	455	180	0.492251469616763	761.556621734826
SRR10262684	S	1313	Streptococcus pneumoniae	1	17	12	0.0492251469616763	76.1556621734826
SRR10262684	S	1747	Cutibacterium acnes	30	534	401	1.47675440885029	2284.66986520448
SRR10262684	S	562	Escherichia coli	52	942	95	2.55970764200717	3960.0944330211
SRR10262684	S	573	Klebsiella pneumoniae	23	165	54	1.13217838011855	1751.5802299901
SRR10262684	G	286	Pseudomonas	124	3184	1037	6.10391822324786	9443.30210951184
SRR10262684	S	287	Pseudomonas aeruginosa	3	45	23	0.147675440885029	228.466986520448
SRR10262684	G	13687	Sphingomonas	43	502	233	2.11668131935208	3274.69347345975
SRR10262684	G	48736	Ralstonia	3	202	62	0.147675440885029	228.466986520448
SRR10262685	G	1386	Bacillus	6609	41475	793	327.585867621505	497440.915249134
SRR10262685	G	1279	Staphylococcus	566	10473	607	28.0547134322548	42601.2343820563
SRR10262685	S	1280	Staphylococcus aureus	548	6834	382	27.1625140651513	41246.4248080686
SRR10262685	G	1301	Streptococcus	11	492	237	0.545232946563255	827.939184103568
SRR10262685	S	1747	Cutibacterium acnes	28	538	438	1.38786568216101	2107.48155953635
SRR10262685	S	562	Escherichia coli	50	961	145	2.47833157528753	3763.35992774349
SRR10262685	S	573	Klebsiella pneumoniae	19	446	72	0.941765998609259	1430.07677254253
SRR10262685	G	286	Pseudomonas	106	3116	999	5.25406293960955	7978.3230468162
SRR10262685	S	287	Pseudomonas aeruginosa	1	46	23	0.0495666315057505	75.2671985548698
SRR10262685	G	13687	Sphingomonas	39	417	163	1.93309862872427	2935.42074363992
SRR10262685	G	48736	Ralstonia	9	360	103	0.446099683551755	677.404786993828
SRR10262686	G	1386	Bacillus	6582	41954	927	324.101160924253	505064.456721915
SRR10262686	G	1279	Staphylococcus	533	10285	529	26.245201879767	40899.3247391037
SRR10262686	S	1280	Staphylococcus aureus	521	6547	313	25.6543155335059	39978.5144260282
SRR10262686	S	1282	Staphylococcus epidermidis	1	27	19	0.0492405288550976	76.7341927562922
SRR10262686	G	1301	Streptococcus	9	489	230	0.443164759695879	690.60773480663
SRR10262686	S	1747	Cutibacterium acnes	15	232	171	0.738607932826464	1151.01289134438
SRR10262686	S	562	Escherichia coli	37	884	103	1.82189956763861	2839.16513198281
SRR10262686	S	573	Klebsiella pneumoniae	24	130	40	1.18177269252234	1841.62062615101
SRR10262686	G	286	Pseudomonas	127	2982	937	6.2535471645974	9745.24248004911
SRR10262686	S	287	Pseudomonas aeruginosa	2	37	18	0.0984810577101953	153.468385512584
SRR10262686	G	13687	Sphingomonas	35	426	162	1.72341850992842	2685.69674647023
SRR10262686	G	48736	Ralstonia	5	242	61	0.246202644275488	383.670963781461
SRR10262687	G	1386	Bacillus	6738	42559	745	330.451973258794	505703.992794956
SRR10262687	G	1279	Staphylococcus	569	10874	615	27.9054872045494	42704.8934253978
SRR10262687	S	1280	Staphylococcus aureus	550	7139	358	26.9736695298808	41278.8952266587
SRR10262687	S	1282	Staphylococcus epidermidis	1	44	39	0.0490430355088742	75.052536775743
SRR10262687	G	1301	Streptococcus	5	497	227	0.245215177544371	375.262683878715
SRR10262687	S	1313	Streptococcus pneumoniae	1	11	9	0.0490430355088742	75.052536775743
SRR10262687	S	1747	Cutibacterium acnes	24	354	250	1.17703285221298	1801.26088261783
SRR10262687	S	562	Escherichia coli	46	913	104	2.25597963340821	3452.41669168418
SRR10262687	S	573	Klebsiella pneumoniae	34	145	64	1.66746320730172	2551.78625037526
SRR10262687	G	286	Pseudomonas	102	3113	1019	5.00238962190517	7655.35875112579
SRR10262687	S	287	Pseudomonas aeruginosa	1	31	17	0.0490430355088742	75.052536775743
SRR10262687	G	13687	Sphingomonas	37	525	251	1.81459231382835	2776.94386070249
SRR10262687	G	48736	Ralstonia	8	290	119	0.392344284070994	600.420294205944
SRR10266797	S	562	Escherichia coli	1	117	4	0.3756740531699	8771.9298245614
SRR10266797	G	1279	Staphylococcus	25	8272	25	9.3918513292475	219298.245614035
SRR10266797	S	1280	Staphylococcus aureus	20	1057	20	7.513481063398	175438.596491228
SRR10266799	G	1279	Staphylococcus	37	8284	27	13.9833341332808	248322.147651007
SRR10266799	S	1280	Staphylococcus aureus	31	1032	19	11.715766435992	208053.691275168
SRR10266799	S	573	Klebsiella pneumoniae	2	14	1	0.755855899096261	13422.8187919463
SRR10266799	S	562	Escherichia coli	1	107	1	0.37792794954813	6711.40939597315
SRR10266799	G	286	Pseudomonas	1	49	17	0.37792794954813	6711.40939597315
SRR1029677	G	1386	Bacillus	12457	37577	252	186.408181453139	193853.096794273
SRR1029677	G	1279	Staphylococcus	1553	7540	484	23.2392956407421	24167.44475568
SRR1029677	S	1280	Staphylococcus aureus	1049	5662	326	15.6973735525682	16324.3075007781
SRR1029677	S	29388	Staphylococcus capitis	3	19	12	0.0448923933819873	46.6853408029879
SRR1029677	S	1282	Staphylococcus epidermidis	2	9	8	0.0299282622546582	31.1235605353252
SRR1029677	G	1301	Streptococcus	36	266	113	0.538708720583848	560.224089635854
SRR1029677	S	1313	Streptococcus pneumoniae	9	61	4	0.134677180145962	140.056022408964
SRR1029677	S	1328	Streptococcus anginosus	1	1	1	0.0149641311273291	15.5617802676626
SRR1029677	S	1747	Cutibacterium acnes	62	322	300	0.927776129894404	964.830376595082
SRR1029677	S	573	Klebsiella pneumoniae	10	139	32	0.149641311273291	155.617802676626
SRR1029677	S	562	Escherichia coli	7	96	18	0.104748917891304	108.932461873638
SRR1029677	G	286	Pseudomonas	391	3429	800	5.85097527078568	6084.65608465609
SRR1029677	S	287	Pseudomonas aeruginosa	8	55	25	0.119713049018633	124.494242141301
SRR1029677	G	13687	Sphingomonas	22	252	118	0.32921088480124	342.359165888578
SRR1029677	G	48736	Ralstonia	53	250	81	0.793098949748443	824.774354186119
SRR1030462	G	1386	Bacillus	10509	43151	453	206.205569116186	168262.456769566
SRR1030462	G	1279	Staphylococcus	3581	11912	658	70.2656906465947	57336.3648008198
SRR1030462	S	1280	Staphylococcus aureus	3445	11351	471	67.5971249029653	55158.8318175996
SRR1030462	S	1282	Staphylococcus epidermidis	3	38	22	0.0588654208153544	48.0338158063277
SRR1030462	G	1301	Streptococcus	42	572	315	0.824115891414961	672.473421288587
SRR1030462	S	1747	Cutibacterium acnes	137	1215	1135	2.68818755056785	2193.54425515563
SRR1030462	S	573	Klebsiella pneumoniae	10	146	35	0.196218069384515	160.112719354426
SRR1030462	S	562	Escherichia coli	13	115	45	0.255083490199869	208.146535160753
SRR1030462	G	286	Pseudomonas	291	5296	1524	5.70994581908937	4659.28013321378
SRR1030462	S	287	Pseudomonas aeruginosa	12	121	58	0.235461683261417	192.135263225311
SRR1030462	G	48736	Ralstonia	67	540	300	1.31466106487625	1072.75521967465
SRR1030462	G	13687	Sphingomonas	92	877	248	1.80520623833753	1473.03701806071
SRR1030463	G	1279	Staphylococcus	15661	43809	752	313.848053894571	266656.450596789
SRR1030463	S	1280	Staphylococcus aureus	15520	43287	592	311.022399364264	264255.674175478
SRR1030463	S	1282	Staphylococcus epidermidis	4	46	38	0.0801604122072845	68.1071325194531
SRR1030463	S	29388	Staphylococcus capitis	2	7	7	0.0400802061036422	34.0535662597266
SRR1030463	G	1386	Bacillus	12225	49616	346	244.990259808513	208152.423762579
SRR1030463	G	1301	Streptococcus	1785	10588	2075	35.7715839475007	30392.8078868059
SRR1030463	S	1313	Streptococcus pneumoniae	12	20	15	0.240481236621853	204.321397558359
SRR1030463	S	1328	Streptococcus anginosus	1	1	1	0.0200401030518211	17.0267831298633
SRR1030463	S	1747	Cutibacterium acnes	122	964	845	2.44489257232218	2077.26754184332
SRR1030463	S	573	Klebsiella pneumoniae	5	83	21	0.100200515259106	85.1339156493164
SRR1030463	S	562	Escherichia coli	18	99	34	0.36072185493278	306.482096337539
SRR1030463	G	286	Pseudomonas	300	5671	1784	6.01203091554634	5108.03493895898
SRR1030463	S	287	Pseudomonas aeruginosa	8	117	63	0.160320824414569	136.214265038906
SRR1030463	G	13687	Sphingomonas	236	1341	251	4.72946432022978	4018.32081864773
SRR1030463	G	48736	Ralstonia	72	672	320	1.44288741973112	1225.92838535016
SRR1035699	G	1386	Bacillus	5687	20450	166	181.149546930235	121785.125382787
SRR1035699	G	1279	Staphylococcus	893	4398	293	28.4449701791278	19123.2841510161
SRR1035699	S	1280	Staphylococcus aureus	869	4276	247	27.68049169727	18609.3325053001
SRR1035699	S	1282	Staphylococcus epidermidis	2	14	14	0.0637065401548216	42.8293038096666
SRR1035699	G	1301	Streptococcus	22	227	77	0.700771941703037	471.122341906332
SRR1035699	S	1747	Cutibacterium acnes	46	256	229	1.4652504235609	985.073987622331
SRR1035699	S	562	Escherichia coli	36	152	133	1.14671772278679	770.927468573998
SRR1035699	S	573	Klebsiella pneumoniae	2	28	19	0.0637065401548216	42.8293038096666
SRR1035699	G	286	Pseudomonas	379	3284	1127	12.0723893593387	8116.15307193182
SRR1035699	S	287	Pseudomonas aeruginosa	7	64	48	0.222972890541875	149.902563333833
SRR1035699	G	13687	Sphingomonas	37	470	205	1.1785709928642	792.342120478832
SRR1035699	G	48736	Ralstonia	34	360	131	1.08301118263197	728.098164764332
SRR1047622	G	48736	Ralstonia	313	1379	1344	6.28872968423866	4052.82921144633
SRR1047622	G	13687	Sphingomonas	56	505	328	1.12514013519925	725.106823773145
SRR1047622	G	286	Pseudomonas	340	1514	1352	6.83120796370973	4402.4342871941
SRR1047622	S	287	Pseudomonas aeruginosa	21	43	22	0.421927550699719	271.915058914929
SRR1047622	S	562	Escherichia coli	15	78	72	0.30137682192837	194.225042082092
SRR1047622	S	573	Klebsiella pneumoniae	4	8	6	0.0803671525142321	51.7933445552247
SRR1047622	G	1279	Staphylococcus	2414	12334	1349	48.5015765423391	31257.2834390781
SRR1047622	S	1280	Staphylococcus aureus	2120	11096	182	42.594590832543	27450.4726142691
SRR1047622	S	1282	Staphylococcus epidermidis	98	403	379	1.96899523659869	1268.936941603
SRR1047622	S	29388	Staphylococcus capitis	26	90	88	0.522386491342509	336.65673960896
SRR1047622	G	1386	Bacillus	1694	4404	121	34.0354890897773	21934.4814191376
SRR1047622	G	1301	Streptococcus	24	157	131	0.482202915085393	310.760067331348
SRR1047622	S	1747	Cutibacterium acnes	300	1108	1069	6.02753643856741	3884.50084164185
SRR1047623	G	48736	Ralstonia	695	2873	2745	14.2117288723582	6123.18617129063
SRR1047623	G	13687	Sphingomonas	187	884	695	3.82387525054818	1647.53354536884
SRR1047623	G	286	Pseudomonas	895	3920	3504	18.3014350226771	7885.25413425196
SRR1047623	S	287	Pseudomonas aeruginosa	19	57	48	0.388522084280296	167.396456481326
SRR1047623	S	562	Escherichia coli	38	125	101	0.777044168560593	334.792912962653
SRR1047623	S	573	Klebsiella pneumoniae	4	13	12	0.0817941230063782	35.2413592592266
SRR1047623	G	1386	Bacillus	2219	5976	162	45.3752897377883	19550.144049056
SRR1047623	G	1279	Staphylococcus	427	2405	538	8.73152263093087	3762.01510092244
SRR1047623	S	1280	Staphylococcus aureus	334	1986	148	6.82980927103258	2942.65349814542
SRR1047623	S	1282	Staphylococcus epidermidis	41	168	158	0.838389760815376	361.223932407073
SRR1047623	S	29388	Staphylococcus capitis	12	53	51	0.245382369019134	105.72407777768
SRR1047623	G	1301	Streptococcus	169	799	744	3.45580169701948	1488.94742870232
SRR1047623	S	1313	Streptococcus pneumoniae	9	41	37	0.184036776764351	79.2930583332599
SRR1047623	S	1747	Cutibacterium acnes	387	1416	1352	7.91358140086709	3409.60150833018
SRR1047624	G	48736	Ralstonia	330	1367	1323	7.93352456493273	3928.3843626494
SRR1047624	G	13687	Sphingomonas	51	545	314	1.22609016003506	607.113946954907
SRR1047624	G	286	Pseudomonas	274	1265	1122	6.58722948724717	3261.74944050283
SRR1047624	S	287	Pseudomonas aeruginosa	12	40	22	0.28849180236119	142.850340459978
SRR1047624	S	562	Escherichia coli	16	55	45	0.384655736481587	190.467120613304
SRR1047624	S	573	Klebsiella pneumoniae	3	14	10	0.0721229505902975	35.7125851149945
SRR1047624	G	1279	Staphylococcus	2728	13001	309	65.5838030701105	32474.6440645684
SRR1047624	S	1280	Staphylococcus aureus	2693	12800	112	64.7423686465571	32057.9972382267
SRR1047624	S	1282	Staphylococcus epidermidis	14	70	68	0.336573769421388	166.658730536641
SRR1047624	S	29388	Staphylococcus capitis	10	47	47	0.240409835300992	119.041950383315
SRR1047624	G	1386	Bacillus	434	1228	138	10.433786852063	5166.42064663587
SRR1047624	G	1301	Streptococcus	63	311	273	1.51458196239625	749.964287414885
SRR1047624	S	1313	Streptococcus pneumoniae	2	14	9	0.0480819670601983	23.808390076663
SRR1047624	S	1747	Cutibacterium acnes	288	1130	1102	6.92380325666856	3428.40817103947
SRR1047625	G	48736	Ralstonia	211	936	919	4.66475582645136	2804.35938330675
SRR1047625	G	13687	Sphingomonas	35	635	213	0.773774663155439	465.178096757044
SRR1047625	G	286	Pseudomonas	160	819	726	3.53725560299629	2126.52844231792
SRR1047625	S	287	Pseudomonas aeruginosa	4	28	15	0.0884313900749074	53.1632110579479
SRR1047625	S	562	Escherichia coli	9	44	36	0.198970627668542	119.617224880383
SRR1047625	S	573	Klebsiella pneumoniae	1	11	10	0.0221078475187268	13.290802764487
SRR1047625	G	1279	Staphylococcus	5379	27108	221	118.918111803232	71491.2280701754
SRR1047625	S	1280	Staphylococcus aureus	5358	26997	119	118.453847005338	71212.1212121212
SRR1047625	S	29388	Staphylococcus capitis	8	37	37	0.176862780149815	106.326422115896
SRR1047625	S	1282	Staphylococcus epidermidis	4	18	18	0.0884313900749074	53.1632110579479
SRR1047625	G	1386	Bacillus	470	1326	117	10.3906883338016	6246.67729930888
SRR1047625	G	1301	Streptococcus	10	95	75	0.221078475187268	132.90802764487
SRR1047625	S	1747	Cutibacterium acnes	104	373	368	2.29921614194759	1382.24348750665
SRR1047630	G	1279	Staphylococcus	645	4177	964	9.30153316522218	6903.49027624664
SRR1047630	S	1280	Staphylococcus aureus	416	3015	240	5.99912836702702	4452.48365103659
SRR1047630	S	1282	Staphylococcus epidermidis	51	331	326	0.73547006422687	545.857370679967
SRR1047630	S	29388	Staphylococcus capitis	33	159	159	0.47589239449974	353.201828087037
SRR1047630	G	1386	Bacillus	438	1827	151	6.31638996336018	4687.95153642795
SRR1047630	G	1301	Streptococcus	38	257	211	0.547997302757276	406.717256585073
SRR1047630	S	1747	Cutibacterium acnes	409	2394	2314	5.89818149546647	4377.56205113934
SRR1047630	G	48736	Ralstonia	29414	178298	152538	424.178754297435	314820.562768246
SRR1047630	S	573	Klebsiella pneumoniae	3	18	15	0.0432629449545218	32.1092570988216
SRR1047630	S	562	Escherichia coli	23	108	103	0.331682577984667	246.170971090966
SRR1047630	G	286	Pseudomonas	241	2443	1636	3.47545657801325	2579.44365360533
SRR1047630	S	287	Pseudomonas aeruginosa	7	36	34	0.100946871560551	74.9215998972504
SRR1047630	G	13687	Sphingomonas	65	891	642	0.937363807347972	695.700570474468
SRR1047631	G	1279	Staphylococcus	913	5027	946	15.3666360708471	9971.27660736324
SRR1047631	S	1280	Staphylococcus aureus	598	3626	186	10.0648941625044	6531.02235619191
SRR1047631	S	1282	Staphylococcus epidermidis	78	360	356	1.3128122820658	851.872481242423
SRR1047631	S	29388	Staphylococcus capitis	41	163	163	0.690067994419201	447.779124755633
SRR1047631	G	1386	Bacillus	404	1606	122	6.79969438403311	4412.26259515306
SRR1047631	G	1301	Streptococcus	41	262	240	0.690067994419201	447.779124755633
SRR1047631	S	1313	Streptococcus pneumoniae	1	8	7	0.0168309266931513	10.9214420672106
SRR1047631	S	1747	Cutibacterium acnes	726	4115	4003	12.2192527792278	7928.96694079486
SRR1047631	G	48736	Ralstonia	21023	126575	112814	353.836571870119	229601.476578967
SRR1047631	S	562	Escherichia coli	23	104	102	0.387111313942479	251.193167545843
SRR1047631	S	573	Klebsiella pneumoniae	3	12	11	0.0504927800794538	32.7643262016317
SRR1047631	G	286	Pseudomonas	269	2350	1673	4.52751928045769	2937.86791607964
SRR1047631	S	287	Pseudomonas aeruginosa	5	36	34	0.0841546334657563	54.6072103360528
SRR1047631	G	13687	Sphingomonas	69	878	552	1.16133394182744	753.579502637528
SRR1047632	G	1279	Staphylococcus	713	5879	1235	10.9937405526879	8399.50050656174
SRR1047632	S	1280	Staphylococcus aureus	301	4163	176	4.64111627820344	3545.93219140966
SRR1047632	S	1282	Staphylococcus epidermidis	95	397	394	1.46480414096122	1119.14803383361
SRR1047632	S	29388	Staphylococcus capitis	50	198	196	0.770949547874325	589.025280965059
SRR1047632	G	1386	Bacillus	258	1098	176	3.97809966703152	3039.3704497797
SRR1047632	G	1301	Streptococcus	96	534	508	1.4802231319187	1130.92853945291
SRR1047632	S	1313	Streptococcus pneumoniae	2	11	11	0.030837981914973	23.5610112386024
SRR1047632	S	1328	Streptococcus anginosus	1	1	1	0.0154189909574865	11.7805056193012
SRR1047632	S	1747	Cutibacterium acnes	467	2676	2627	7.20066877714619	5501.49612421365
SRR1047632	G	48736	Ralstonia	22531	134416	119661	347.405285263128	265426.572108475
SRR1047632	S	562	Escherichia coli	24	123	119	0.370055782979676	282.732134863228
SRR1047632	S	573	Klebsiella pneumoniae	2	13	12	0.030837981914973	23.5610112386024
SRR1047632	G	286	Pseudomonas	333	2834	2186	5.134523988843	3922.90837122729
SRR1047632	S	287	Pseudomonas aeruginosa	6	36	33	0.092513945744919	70.6830337158071
SRR1047632	G	13687	Sphingomonas	79	1048	663	1.21810028564143	930.659943924793
SRR1047633	G	1279	Staphylococcus	796	6698	1144	11.5158708230627	7006.24048304331
SRR1047633	S	1280	Staphylococcus aureus	474	5285	191	6.85744066599464	4172.05777507856
SRR1047633	S	1282	Staphylococcus epidermidis	79	391	389	1.14290677766577	695.342962513093
SRR1047633	S	29388	Staphylococcus capitis	42	190	189	0.607621324834968	369.676005386708
SRR1047633	G	1386	Bacillus	248	1041	142	3.58785925140648	2182.84879371199
SRR1047633	G	1301	Streptococcus	54	326	299	0.781227417644959	475.297721211481
SRR1047633	S	1313	Streptococcus pneumoniae	1	10	8	0.0144671744008326	8.80180965206447
SRR1047633	S	1747	Cutibacterium acnes	484	2791	2707	7.00211241000296	4260.0758715992
SRR1047633	G	48736	Ralstonia	22109	133968	119085	319.854758828007	194599.209597493
SRR1047633	S	573	Klebsiella pneumoniae	4	12	9	0.0578686976033303	35.2072386082579
SRR1047633	S	562	Escherichia coli	16	89	84	0.231474790413321	140.828954433031
SRR1047633	G	286	Pseudomonas	226	2305	1651	3.26958141458816	1989.20898136657
SRR1047633	S	287	Pseudomonas aeruginosa	7	40	33	0.101270220805828	61.6126675644513
SRR1047633	G	13687	Sphingomonas	61	918	452	0.882497638450787	536.910388775932
SRR10533435	G	1386	Bacillus	31713	442666	1088	979.115868836819	322296.41147596
SRR10533435	G	1279	Staphylococcus	2498	32791	1092	77.1239378284733	25386.9528542537
SRR10533435	S	1280	Staphylococcus aureus	753	27666	620	23.2483287369257	7652.67233757127
